,smiles,y
0,Nc1ncnc2c1c(COc3cccc(Cl)c3)nn2C4CCOCC4,0.8143127708705243
1,COc1cc(cc2cnc(Nc3ccc(cc3)[C@@H](C)NC(=O)C)nc12)c4ccncc4,0.4463461722248679
2,CC(=O)Nc1ccc2ccn(c3cc(Nc4ccn(C)n4)n5ncc(C#N)c5n3)c2c1,1.1488278605483937
3,Oc1ccc(CCNCCS(=O)(=O)CCCOCCSc2ccccc2)c3sc(O)nc13,0.4045317860151344
4,Clc1ccc2C(=O)C3=C(Nc2c1)C(=O)NN(Cc4cc5ccccc5s4)C3=O,-0.1641438664372438
5,CCN(C1CCN(CC[C@H](c2ccc(cc2)S(=O)(=O)C)c3cc(F)cc(Cl)c3)CC1)C(=O)Cc4ccc(cc4)S(=O)(=O)C,0.4296204177409745
6,Cc1ccc(cc1)S(=O)(=O)NC(=O)N2CCC(CC2)N3CCC(CC3)Oc4ccc(Cl)c(C)c4Cl,0.003113678401691
7,Brc1ccc2oc3C(=O)NC(=Nc3c2c1)[C@@H]4CCCN4,-0.0052491988402558
8,CN1C(=O)CC(C1=O)c2ccccc2,-1.2680436623742128
9,COc1cc(F)ccc1c2cncc(CNC3CCCCC3)c2,0.3376287680795604
10,COC1=CC(=N/C/1=C\c2[nH]c(C)cc2C)c3cc4ccccc4[nH]3,0.2958143818698265
11,COC(=O)c1ccc(CN2NC(=O)C3=C(C2=O)C(=O)c4ccc(Cl)cc4N3)cc1,-0.858262677518823
12,Oc1ccc(cc1)C2=Cc3ccccc3OC2=O,0.6721438577574299
13,O[C@]1(CN2CCC1CC2)C#Cc3ccc(Oc4ccc(cc4)C(=O)NCc5ccnc6ccccc56)cc3,1.4080770550487427
14,Nc1sc2CCCCc2c1C(=O)NCc3ccccc3,1.1070134743386602
15,CC(C#Cc1ccccc1)N2NC(=O)C3=C(C2=O)C(=O)c4ccc(Cl)cc4N3,-0.6659165009540481
16,CC(=O)CC(C1=C(O)c2ccccc2OC1=O)c3ccccc3,-1.117511872019172
17,O=C1C=C(Nc2cc(Cc3ccccc3)ccc12)c4cccnc4,1.0568362108869798
18,COc1ccc2N=CC(=O)N(CCN3CC[C@@H](NCc4cc5OCCOc5cn4)[C@@H](O)C3)c2c1,-1.1844148899547458
19,CCCSc1nc(N[C@@H]2C[C@H]2c3ccccc3)c4nnn([C@@H]5C[C@@H]([C@@H](O)[C@H]5O)C(=O)N)c4n1,-0.1223294802275102
20,CC(=O)Nc1nc(C)c(s1)c2cnc(F)c(NS(=O)(=O)c3sc(C)nc3C)c2,-1.376761066519521
21,Cc1ccc(NC(=O)N2CCN(C[C@@H]3CCCN(C3)C4CC4)CC2)cc1Cl,0.9815703157094592
22,Cn1ncc(Cl)c1c2cc(sc2Cl)C(=O)N[C@H](CN)Cc3cccc(F)c3,0.6637809805154833
23,CN[C@@H](C)C(=O)N[C@@H](C1CCCCC1)C(=O)N[C@H]2C[C@@H]3CC[C@H]2N(CCc4ccccc4)C3,-0.4652074471473264
24,NC(=O)c1sc(cc1N)c2ccc(Cl)cc2,0.9230301750158318
25,Oc1ncnc2scc(c3ccsc3)c12,0.0449280646114246
26,CC1=CN([C@H]2CCCN(C2)S(=O)(=O)c3ccc(O)c(Oc4cc(F)cc(Cl)c4)c3)C(=O)NC1=O,0.128556837030892
27,CC(C)(C)OC(=O)N1CCN(CC1)c2ncc(OCc3ccncc3C#N)cn2,0.5132491901604419
28,Nc1nc(Cl)nc(NCc2ccccc2)n1,0.0532909418533711
29,C[C@H]1CN(Cc2cc(Cl)ccc2OCC(=O)O)CCN1C(=O)Cc3cccc(Cl)c3,-1.1844148899547458
30,CNC(=O)C[C@H](Nc1ncc(Cl)c(Nc2cc([nH]n2)C3CC3)n1)c4ccc(F)cc4,0.0282023101275311
31,C(Oc1ccccc1)C2CNCCO2,-1.6694617699876564
32,COC1=CC=C2C(=CC1=O)[C@H](CCc3cc(OC)c(OC)c(OC)c23)NC(=O)C,-1.1509633809869588
33,Nc1n[nH]cc1c2cc(ccc2Oc3cc(F)c(cc3Cl)S(=O)(=O)Nc4cscn4)C(F)(F)F,0.379443154289294
34,Cc1ccccc1c2c(C(=O)O)n(CCCOc3cccc4ccccc34)c5ccccc25,1.4164399322906895
35,CCOc1ccc(cc1)N2C(=O)c3ccccc3N=C2[C@@H](C)N(Cc4cccnc4)C(=O)Cc5ccc(cc5)C(F)(F)F,1.717503513000772
36,CC(=O)Nc1ccc2c(c1)c(cn2CCO)c3cc(NC4CC4)n5ncc(C#N)c5n3,0.4296204177409745
37,CCNC(=O)c1cc2c(c(cnc2[nH]1)c3cncc(c3)C(=O)O)n4ccc(n4)C(F)(F)F,-2.664644161779318
38,COc1cc(OC)c(cc1NC(=O)CCC(=O)O)S(=O)(=O)NCc2ccccc2N3CCCCC3,-2.4388464762467565
39,O=C(NC1(CC1)C#N)[C@@H]2CCCC[C@H]2C(=O)N3CCN(CC3)c4nccs4,-0.7495452733735153
40,CC(=O)NC[C@H]1CN(C(=O)O1)c2ccc(N3CCN(CC3)c4ccc(cn4)C#N)c(F)c2,-0.1808696209211373
41,[O-]c1c2c(nn1c3ccc(Cl)cc3)c4ccccc4c[n+]2Cc5ccccc5,1.9265754440494405
42,CC(C)CN1C(=O)N(C)C(=O)c2c(SC3CCCC3)c(Cc4ccccc4C(F)(F)F)sc12,1.684052004032985
43,CNCc1ccc(cc1)c2[nH]c3cc(F)cc4C(=O)NCCc2c34,-0.858262677518823
44,Oc1cc(ccc1NC(=O)Nc2ccccc2Br)[N+](=O)[O-],1.4248028095326362
45,COc1cc(ccc1Nc2ncc(Cl)c(n2)c3cnc4c(CO)cccn34)N5CCN(CC5)C(=O)C,0.7557726301768973
46,CN(C)c1ccc(cc1)S(=O)(=O)NC(=O)N2CCC(CC2)N3CCC(CC3)Oc4ccc(Cl)c(C)c4Cl,-0.1641438664372438
47,CC(C)C[C@H](CO)Nc1nc(SCc2ccncc2)nc3nc(N)sc13,0.5885150853379624
48,COc1ccc(C)c(c1)N(C)c2ccnc(Nc3cc(cc(c3)N4CCOCC4)N5CCOCC5)n2,0.8226756481124713
49,CN1CCNc2nc(CCOc3ccc(C[C@H](NC(=O)c4c(Cl)cccc4Cl)C(=O)O)cc3)ccc12,-1.778179174132964
50,CC1=CN(Cc2ccccc2)C(=O)NC1=O,-0.8415369230349296
51,COc1ccc(cc1)S(=O)(=O)NC(=O)N2CCC(CC2)N3CCC(CC3)Oc4ccc(Cl)c(Cl)c4,-0.6742793781959948
52,COC1(CCOCC1)c2ccc(NC(=O)C3=CC(=O)c4cc(F)cc(c4O3)c5c(C)nn(C)c5C)cn2,0.6554181032735363
53,OC(=O)c1cc2cc(OCc3ccccc3)ccc2[nH]1,-1.5022042251487218
54,NC1(CCC1)c2ccc(cc2)c3ncc4ncccc4c3c5ccccc5,-0.1641438664372438
55,C[C@H]1COCCN1c2nc(N3CCOC[C@@H]3C)c4ccc(nc4n2)c5cccc(c5)C(=O)NCCO,0.2456371184181464
56,CN1CC=CCC(C1)c2ccc(Cl)c(Cl)c2,0.9397559294997252
57,CNS(=O)(=O)c1ccc(Nc2nccc(n2)c3cnc4cccnn34)cc1,0.504886312918495
58,CN(C)C(=O)CC(NC(=O)C1(N)CCN(CC1)c2ncnc3[nH]ccc23)c4ccc(Cl)cc4,0.1703712232406256
59,O=S(=O)(N1CCCC1)c2ccccc2c3ccc(CNC4CCOCC4)cc3,-0.6659165009540481
60,Nc1cccc(NS(=O)(=O)c2ccc(cc2)c3ccc(cc3)C#N)n1,0.003113678401691
61,CCc1ccc(NC(=O)c2ccc3cc(ccc3c2)C(=N)N)cc1,-0.91680281821245
62,O[C@H](CNC(=O)c1cccc(c1)C#N)CN2CCC(CC2)Oc3ccc(Cl)c(Cl)c3,1.0735619653708732
63,O[C@H](CNC(=O)C1=CNC(=O)c2ccccc12)CN3CCC(CC3)Oc4ccc(C#N)c(Cl)c4,0.3041772591117735
64,Cc1c(Cl)ccc(OC2CCN(C[C@H](O)CNC(=O)C3=CNC(=O)C=C3C(F)(F)F)CC2)c1Cl,0.7892241391446843
65,CC(C)[C@@H](CN1CCCCC1)N(C)C(=O)Cc2ccc(Cl)c(Cl)c2,0.5634264536121224
66,CN1CCN(CC1)c2ccc3ncc(C(=O)N)c(Nc4ccc(Cl)cc4Cl)c3c2,0.8644900343222048
67,Nc1ccc(cc1)S(=O)(=O)Nc2ccccn2,-1.8450821920685376
68,CS(=O)(=O)C1(CC1)c2cc(nc(n2)c3cccc4[nH]ccc34)N5CC6CCC(C5)O6,0.3376287680795604
69,OC(=O)C[C@@H]1CC[C@H](CC1)c2ccc(cc2)c3ccc(Nc4ccc(nc4)C(F)(F)F)cn3,1.3411740371131686
70,CN(C)C(=O)c1ccc(CN2CCc3cc4nc(N)sc4cc3CC2)cc1,-0.3983044292117524
71,Clc1ccc2nsnc2c1NC3=NCCN3,-1.2429550306483728
72,CCCCCSc1nc(O)c2sc(N)nc2n1,0.5550635763701754
73,CN(C)CCC=C1c2ccccc2C=Cc3ccccc13,0.5299749446443354
74,O[C@@H]1CNC[C@H]1N2C=Cc3c(NC(=O)Cc4ccc(F)c(c4)C(F)(F)F)cccc3C2=O,-0.7244566416476751
75,Fc1ccc(cc1)S(=O)(=O)NC(=O)N2CCC(CC2)N3CCC(CC3)Oc4ccc(Cl)c(Cl)c4,-0.3397642885181252
76,CN(c1ncccc1CNc2nc(Nc3ccc4NC(=O)Cc4c3)ncc2C(F)(F)F)S(=O)(=O)C,0.3627173998054005
77,OC(=O)C1CCn2c1ccc2C(=O)c3ccccc3,-2.614466898327638
78,COc1cccc(c1)C(COCc2cc(cc(c2)C(F)(F)F)C(F)(F)F)N3CCNCC3,0.7557726301768973
79,N#Cc1ccc(cc1)C(c2ccc(cc2)C#N)n3cncn3,-0.4150301836956459
80,COc1ccc(N(C(C(=O)NC[C@@H](C)O)c2ccccc2F)C(=O)c3occc3Cl)c(OC)c1,-0.0136120760822024
81,CN1CCN(CC1)c2ccc3N=CN(C(=O)c3c2)c4cc(NC(=O)c5cccc(c5)N6CCOCC6)ccc4C,0.4128946632570809
82,CN1CCN(CC1)C(=O)c2cc3cc(Br)ccc3[nH]2,0.4965234356765484
83,Clc1ccc(CN2CCNCC2)cc1C(=O)NCC34CC5CC(CC(C5)C3)C4,-0.2979499023083915
84,Cc1ccc(C)c(OCCCC(C)(C)C(=O)O)c1,-1.234592153406426
85,CCCCN1Cc2c(O)n3nc(cc3nc2C1=O)c4occc4,-1.167689135470852
86,CCN(C1CCN(CC[C@H](C2CCN(CC2)S(=O)(=O)C)c3cc(Cl)cc(Cl)c3)CC1)C(=O)Cc4ccc(cc4)S(=O)(=O)C,0.3376287680795604
87,COc1cc(ccc1Nc2ncc(Br)c(n2)c3cnc4ccccn34)N5CCN(CC5)C(=O)C,1.2575452646937015
88,Cc1cc(CNc2nccc(Nc3cc(CCc4ccccc4)[nH]n3)n2)on1,1.140464983306447
89,CC(C)(CCCCCOCCc1ccccc1)NCCc2ccc(O)c3nc(O)sc23,0.605240839821856
90,Clc1ccc2OCOc2c1Nc3ncnc4cc(OCCCN5CCCC5)cc(OC6CCOCC6)c34,0.0867424508211581
91,OCC(O)CN1CCN(CC1)c2ccccc2,-1.5022042251487218
92,CCO\N=C(\C1CCN(CC1)C2(C)CCN(CC2)C(=O)c3c(Cl)cncc3Cl)/c4ccc(Br)cc4,1.5084315819521037
93,Nc1[nH]nc2ccccc12,-1.0004315906319174
94,CS(=O)(=O)c1cccc2c3CN(CCc3[nH]c12)C(=O)[C@@H]4CCCC[C@H]4C(=O)NC5(CC5)C#N,-0.4150301836956459
95,CCN(C1CCN(CC[C@H](C2CCN(CC2)S(=O)(=O)C(F)(F)F)c3ccccc3)CC1)C(=O)Cc4ccc(cc4)S(=O)(=O)C,0.9982960701933526
96,CC(C)C(NC(=O)CN1C(=O)C(=CN=C1C2CCCCC2)NC(=O)OCc3ccccc3)C(=O)C(F)(F)F,0.5634264536121224
97,COc1ccc2c(Oc3ccc(CC(=O)Nc4cn(C)nc4C)c(OC)c3)ccnc2c1,1.0902877198547667
98,Oc1ccccc1NC(=O)c2cc(ccc2Cl)[N+](=O)[O-],0.2456371184181464
99,CCCc1c(O)c(ccc1OCc2ccc(\C=C\c3nn[nH]n3)cc2)C(=O)C,0.9230301750158318
100,Nc1ccccc1NC(=O)c2ccc(cc2)C3CCN(Cc4ccc(cc4)C(=O)NC5CC5)CC3,0.095105328063105
101,CC(C)C(=O)Nc1ccc(c(c1)C(F)(F)F)[N+](=O)[O-],1.0568362108869798
102,C(CNCc1ccccc1)NCc2ccccc2,-1.2262292761644793
103,Nc1nccc(n1)c2ccccc2,-0.1641438664372438
104,CC(C)n1c(C)ncc1c2ccnc(Nc3ccc(cc3)N4CCN(CC4)C(=O)CN(C)C)n2,0.9313930522577788
105,Cc1ccc(cc1NC(=O)c2cnn(c2N)c3ccccc3F)C(=O)Nc4ccon4,0.3376287680795604
106,Nc1nc(N)c2cc(Br)ccc2n1,-0.3481271657600719
107,CCN(C1CCN(CCC(C2CCN(Cc3ccccc3)CC2)c4ccccc4)CC1)C(=O)Cc5ccc(cc5)S(=O)(=O)C,0.1787341004825725
108,Cc1onc(n1)c2ccc(OCC3CN(C3)c4ccc(C)nn4)cc2,0.3543545225634539
109,CCN(CC)C(=O)c1ccc(cc1)C(=C2CCNCC2)c3ccc(Cl)c(Cl)c3,0.1703712232406256
110,O=C(NC1(CC1)C#N)[C@@H]2CCCC[C@H]2C(=O)N3CCc4[nH]c5ncccc5c4C3,-0.0554264622919363
111,CC(C)COc1cc(ccc1NC(=O)CN2CCOCC2)c3cccc4C(=O)C=C(Oc34)N5CCOCC5,1.3411740371131686
112,CN(C)CC\C=C\1/c2ccccc2Sc3ccc(Cl)cc13,1.0233847019191928
113,c1ccc2ccccc2c1,0.9146672977738852
114,CNC(=O)c1cc(c2nc(cc(n2)C3(CC3)S(=O)(=O)C)N4CCOCC4)c5cc[nH]c5c1,-0.4150301836956459
115,COc1cccc(c1)c2cc(O)c3cc(NC(=O)C)ccc3n2,0.1787341004825725
116,COCCC(=O)N(C)c1ccc(Nc2ncc3cc(ccc3n2)c4ccncc4)cc1,0.8644900343222048
117,COc1ccc2N=CC(=O)N(CCN3CC[C@@H](NCc4ccc5OCC(=O)Nc5n4)[C@@H](O)C3)c2c1,-1.5272928568745618
118,CC(C)Cc1ccc(cc1)C(C)C(=O)NS(=O)(=O)C,-1.1844148899547458
119,CCCSc1c(cnn1c2ccc(cc2)C(=O)O)C(=O)NC3CCCCC3,-1.301495171342
120,OCCN1C(=O)C(Cc2ccccc12)NC(=O)c3cc4cc(Cl)sc4[nH]3,0.7139582439671633
121,O=C1C=C(N=C2N(Cc3cccc4ccccc34)C=CN12)N5CCOCC5,0.9230301750158318
122,CC1(C)COCc2sc(nc12)N3CCN(CC3)C(=O)[C@@H]4CCCC[C@H]4C(=O)NC5(CC5)C#N,0.1703712232406256
123,CN1CCN(CC1)[C@@H]2C[C@@H](C2)c3nc(c4ccc5ccc(nc5c4)c6ccccc6)c7c(N)nccn37,0.8394014025963648
124,CN1CCCC1CCOC(C)(c2ccccc2)c3ccc(Cl)cc3,0.7055953667252168
125,CS(=O)(=O)c1ccc2OCC(=O)N(CCN3CCC(CC3)NCc4ccc5OCC(=O)Nc5n4)c2c1,-2.263226054165875
126,CN[C@@H](C)C(=O)N[C@@H](C1CCCCC1)C(=O)N[C@H]2CCCN(C2)C(=O)Cc3ccccc3,-0.7328195188896218
127,Cc1cc(N)n(n1)c2ccccc2,-0.791359659583249
128,Cc1ncc([N+](=O)[O-])n1CCO,-1.9287109644880047
129,CCS(=O)(=O)c1ccc(c(C)c1)c2cc(ccc2OCC(=O)O)C(F)(F)F,-2.2130487907141942
130,OC1(CNC(=O)c2cc(ccc2Cl)N3N=CC(=O)NC3=O)CCCCCC1,-1.619284506535976
131,CN(c1ccnc(Nc2cc(cc(c2)N3CCOCC3)N4CCCC4)n1)c5cc(CO)ccc5C,1.3411740371131686
132,CCC(N(CCCN)C(=O)c1ccc(C)cc1)C2=Nc3ccsc3C(=O)N2Cc4ccccc4,-0.3230385340342318
133,Cc1nc2ncnn2c(O)c1CCOC(=O)c3ccccc3F,-1.0087944678738645
134,CN(C)CC1CCn2c(C1)c(C3=C(C(=O)NC3=O)c4cn(C)c5ccccc45)c6ccccc26,0.5717893308540689
135,COc1cc(Nc2ncc(C)s2)nc(N[C@@H](C)c3ncc(F)cn3)n1,0.6637809805154833
136,FC(F)(F)c1ccc(cc1)S(=O)(=O)NCC(N2CCCCCC2)c3ccccc3,1.750955021968559
137,CC[C@H](CO)Nc1nc(NCc2ccccc2)c3ncn(C(C)C)c3n1,1.199005124000074
138,NS(=O)(=O)c1cc2c(NCNS2(=O)=O)cc1Cl,-1.911985210004112
139,COc1c(C)cnc(Cn2cnc3c(Cl)nc(N)nc23)c1C,-0.4401188154214862
140,Cc1ccc(cc1NC(=O)c2ccc(OCc3ccccn3)cc2)c4ncc(CN5CCOCC5)s4,0.7557726301768973
141,Clc1ccc(cc1)c2cn3ccccc3n2,1.5084315819521037
142,O[C@H](CNC(=O)N1C(=O)Nc2ccccc12)CN3CCC(CC3)Oc4ccc(Cl)c(Cl)c4,1.893123935081653
143,COc1ccc2C(=NC(=O)N(CCN3CCC(CC3)NCc4cc5OCCOc5cn4)c2c1)C,-1.5941958748101357
144,OC(=O)c1cc(ccc1O)N=Nc2ccc(cc2)S(=O)(=O)Nc3ccccn3,-2.321766194859502
145,Clc1ccc2C(=O)C3=C(Nc2c1)C(=O)NN(Cc4cccs4)C3=O,-0.5655619740506872
146,COc1cc2CC[C@H](NC(=O)C)c3cc(O)ccc3c2c(OC)c1OC,-0.3230385340342318
147,CCN1C(=O)N(CC2CC2)c3nn(Cc4ccnc5ccc(Cl)cc45)c(c3C1=O)c6cc(cn6C)C#N,1.617148986097411
148,O=C1NC(=O)c2cc(OCc3ccccc3)ccc12,0.7557726301768973
149,C[C@H](Nc1nc(Nc2cc([nH]n2)C3CC3)cnc1C#N)c4ccc(F)cn4,0.8226756481124713
150,CN([C@@H]1CCN(Cc2nc3cc(F)ccc3s2)C[C@@H]1F)C(=O)Cc4ccc(cc4)S(=O)(=O)C,0.003113678401691
151,Nc1nnc(s1)c2ccccc2,-0.3314014112761785
152,CS(=O)(=O)C1(CC1)c2cc(nc(n2)c3cccc(N)c3)N4CCOCC4,-0.7077308871637816
153,COc1ccc(cc1)c2cc(Nc3ccn(C)n3)n4ncc(C#N)c4n2,0.6470552260315898
154,COc1cc2c(Nc3ccc(Br)cc3F)ncnc2cc1OC[C@@H]4CCCN(C)C4,0.7139582439671633
155,CC[C@@H](NC1=C(Nc2cccc(C(=O)N(C)C)c2O)C(=O)C1=O)c3ccccc3,-0.0470635850499893
156,COc1ccc(cc1CO)c2ccc3c(nc(nc3n2)n4ccnc4)N5CCOC[C@@H]5C,0.3376287680795604
157,CC(C)(C)OC(=O)N1CCN(CC1)c2ccc(OCc3ccc(cc3)S(=O)(=O)C)nc2,0.7557726301768973
158,Cc1ccnc(NCc2ccccc2O)c1,0.9648445612255656
159,CC(=O)N1CCN(CC1)c2ccc(Nc3nccc(n3)c4cnc5ccccn45)cc2,0.5216120674023884
160,COc1cc(ccc1Cc2cn(C)c3ccc(NC(=O)CC4CCCC4)cc23)C(=O)O,-0.1641438664372438
161,Nc1nc2nc(SCc3ccccc3)nc(N)c2s1,0.7557726301768973
162,C[C@@H](CO)Oc1cc(Oc2ccc(cc2)S(=O)(=O)C)cc(c1)C(=O)Nc3nccs3,0.3627173998054005
163,CC(C)(C(=O)c1cccnc1)c2cccnc2,-0.6241021147443143
164,CC(C)n1c(C)ncc1c2nc(Nc3ccc(C(=O)NCCN(C)C)c(F)c3)ncc2F,0.0532909418533711
165,CC(=O)NCc1ccc(CN2CCN(CC2)c3ccccc3)cc1,-0.3481271657600719
166,CN(C)CCNC(=O)c1ccc(Nc2ncc3cc(ccc3n2)c4ccncc4)cc1,0.0783795735792115
167,CSc1ccc(cc1)c2nc(c3ccc(F)cc3)c([nH]2)c4ccncc4,0.6470552260315898
168,O=C1NC=Nc2[nH]ncc12,-2.187960158988354
169,Oc1c2C(=O)NNC(=O)c2nc3cc(Cl)cc(Cl)c13,-1.0924232402933314
170,CC(O)(C(=O)Nc1ccc2c(c1)c3ccccc3S2(=O)=O)C(F)(F)F,0.6721438577574299
171,COc1cccc(c1OC)c2ccc(\C=C\3/SC(=S)N([C@@H](Cc4ccccc4)C(=O)O)C3=O)cn2,-0.5822877285345807
172,Nc1cccc2c3ccccc3C(=O)C(=O)c12,0.6303294715476964
173,C[C@@H]1CN(CCN1c2ncc(OCc3ccncc3C#N)cn2)C(=O)OC(C)(C)C#N,0.0867424508211581
174,COC(CN1C(=O)NC2=C(C=C(N(CC(=O)NC(C(C)C)C(=O)C(F)(F)F)C2=O)c3ccccc3)C1=O)OC,-0.5321104650829002
175,CS(=O)(=O)c1cccc(Nc2nccc(Nc3cccc4OCOc34)n2)c1,0.5299749446443354
176,Nc1ncnc2sccc12,-0.8415369230349296
177,O=C1COc2ccc(CNC3CCN(CCN4C(=O)COc5ccc(cc45)c6occc6)CC3)nc2N1,-0.0052491988402558
178,CS(=O)(=O)c1ccc(Oc2ccc(cc2)C#C[C@]3(O)CN4CCC3CC4)cc1,-0.5739248512926339
179,CCc1cc2C(=NCc3nnc(C)n3c2s1)c4ccccc4Cl,0.2707257501439865
180,[O-][N+](=O)c1ccc2c(c1)C(=O)C(=O)c3ccccc23,0.187096977724519
181,CCn1cnc(c2ccccc2)c1c3nc4c(N)ncnc4s3,0.6470552260315898
182,FC(F)(F)c1nnc2ccc(nn12)N3CCCCC3,0.6721438577574299
183,Nc1nc(nn1Cc2ccccc2)c3ccccc3,-0.2394097616147645
184,COc1cc(OC)c(cc1NC(=O)C)S(=O)(=O)N2C(C)Cc3ccccc23,-0.2059582526469775
185,CCN(CC)CCN1C(=O)[C@@](O)(c2ccccc2Cl)c3c1cc(cc3C(F)(F)F)C(=O)N,0.1703712232406256
186,CCNC1=CC=C(N(CC(=O)NC(C(C)C)C(=O)C(F)(F)F)C1=O)c2ccccc2,0.1452825915147855
187,O=C(N1CCOCC1)N2CCn3cc(C4=C(C(=O)NC4=O)c5cnc6ccccn56)c7cccc(C2)c37,-0.3397642885181252
188,NC(=O)c1cnc(N[C@H]2CCCNC2)c3cc(sc13)c4ccc(F)c(F)c4,-0.0219749533241493
189,CC(=O)Nc1ccc2cnn(c3cc(NC4CC4)n5ncc(C#N)c5n3)c2c1,1.0401104564030863
190,Nc1nc(Nc2ccc(cc2)S(=O)(=O)N)nn1C(=O)c3c(F)cccc3F,-0.2728612705825513
191,COc1ccccc1OCC(O)CO,-1.6360102610198697
192,Fc1ccc(cc1)C(=O)C2CCN(CC2)C(=O)c3ccc(F)cc3,0.5885150853379624
193,C[C@@H](NC(=O)C)c1ccc(Nc2ncc3cc(c(C)cc3n2)c4ccncc4)cc1,1.0484733336450331
194,COCCOc1cc2ncnc(Nc3cccc(c3)C#C)c2cc1OCCOC,0.9648445612255656
195,CC(O)(C(=O)Nc1ccc(cc1)S(=O)(=O)c2ccc(F)cc2)C(F)(F)F,0.7724983846607908
196,CC(C)n1c(C)ncc1c2ccnc(Nc3ccc(C(=O)N)c(F)c3)n2,0.504886312918495
197,Cc1cc(C)nc(N)c1,-1.1258747492611183
198,C1NCC(CC=C1)c2oc3ccccc3c2,-0.2143211298889242
199,CC(C)S(=O)(=O)NCC(C)c1ccc(cc1)c2ccc(cc2)C#N,1.0902877198547667
200,Oc1nc2cc(Cl)c(Cl)c(c2nc1O)[N+](=O)[O-],-1.6610988927457098
201,CCN(C1CCN(CC[C@H](N2CCN(CC2)S(=O)(=O)CC(F)(F)F)c3ccccc3)CC1)C(=O)Cc4ccc(cc4)S(=O)(=O)C,-0.3314014112761785
202,CCC(N(CCCN)C(=O)c1ccc(OC)cc1)C2=Nc3ccsc3C(=O)N2Cc4ccccc4,-0.6742793781959948
203,CCN(C1CCN(CCC(c2ccccc2)c3ccccc3)CC1)C(=O)Cc4ccc(cc4)S(=O)(=O)C,0.6721438577574299
204,COc1cc2OC[C@H]3Oc4c5C[C@@H](Oc5ccc4C(=O)[C@H]3c2cc1OC)C(=C)C,1.1488278605483937
205,Nc1nc(OC2CCCC2)nc3c1ncn3[C@@H]4O[C@H](CF)[C@@H](O)[C@H]4O,-0.5822877285345807
206,COCCNCc1cncc(n1)c2ccc(F)cc2OC,-0.4902960788731664
207,C[C@H](Nc1nc(Nc2ncc(C)s2)cc(n1)N3CCOCC3)c4ncc(F)cn4,0.4045317860151344
208,CCN(C(=O)C)c1cccc2c1c(Sc3ccc(Cl)cc3)c(C)n2CC(=O)O,-0.4902960788731664
209,COc1ccc(cc1C(=O)N)c2ccc3c(nc(nc3n2)N4CCOC[C@@H]4C)N5CCOC[C@@H]5C,0.5216120674023884
210,Cc1ccc2c(c1)c(c(C)n2CC(=O)O)c3ccnc4c(F)cccc34,-1.393486821003414
211,C[C@H](CO)Nc1nc(SCc2cccc(F)c2F)nc3nccnc13,0.7975870163866309
212,NCC[C@@H](Oc1nc(ccc1C#N)C(F)(F)F)c2oncc2,-2.246500299681981
213,CCN(C1CCN(CC[C@H](c2ccc(cc2)S(=O)(=O)C)c3cc(F)cc(F)c3)CC1)C(=O)Cc4ccc(cc4)S(=O)(=O)C,0.003113678401691
214,NC(=N)Nc1cc(Cl)nc(n1)c2ccccc2,-0.0303378305660959
215,O=S(=O)(Nc1cccnc1)c2cccs2,-1.3851239437614673
216,Cc1cc(Cl)ccc1OC2CCN(C[C@H](O)CNC(=O)c3c[nH]nc3C(F)(F)F)CC2,0.6888696122413234
217,CC(C(=O)Nc1ccc(Cl)cc1)c2ncc(cc2Cl)C(F)(F)F,1.667326249549092
218,CC(C)C(NC(=O)CN1C(=O)C(=CC=C1c2ccccc2)NC(=O)NCc3ccncc3)C(=O)C(F)(F)F,-0.0303378305660959
219,C[C@@H](O)[C@@H]1[C@H]2[C@@H](C)C(=C(N2C1=O)C(=O)OCOC(=O)C(C)(C)C)SC3CN(C3)C4=NCCS4,-0.0805150940177763
220,CN(C1CCN(Cc2ccc(cc2)C(F)(F)F)CC1)C(=O)Cc3ccc(cc3)S(=O)(=O)C,0.253999995660093
221,CC[C@H](NC(=O)c1c([S+]([O-])CC)c(nc2ccccc12)c3ccccc3)c4ccccc4,1.0484733336450331
222,CC(C)(C)NS(=O)(=O)c1cncc(c1)c2ccc3nc(NC(=O)NCC(=O)N4CCOCC4)nn3c2,-1.0338830995997044
223,CNCCC(Oc1ccc(cc1)C(F)(F)F)c2ccccc2,-0.2310468843728177
224,C[C@H]1CN(Cc2cc(Cl)ccc2OCC(=O)O)CCN1C(=O)Cc3ccc(Cl)cc3,-0.824811168551036
225,O=C1CCOc2nc(CCc3ccccc3)ccc12,0.253999995660093
226,CN(C)c1ccnc2sc3C(=O)N(C=Nc3c12)c4ccccc4,0.1201939597889451
227,CCOC(=O)Nc1cccc(c1)[C@H](N2CCN(Cc3cccnc3)CC2)c4ccc(cc4)C(=O)N5CCC5,0.6888696122413234
228,CC[C@H](N)C(=O)N[C@@H](Cc1ccc(cc1)c2ccccc2)C#N,0.3376287680795604
229,CC(CCc1ccccc1)NCC(O)c2ccc(O)c(c2)C(=O)N,-0.9502543271802372
230,COc1cc(F)ccc1c2cccc(CNC3CCCC3)c2,0.0783795735792115
231,CC1Nc2cc(Cl)c(cc2C(=O)N1c3ccccc3C)S(=O)(=O)N,-0.4652074471473264
232,Oc1ccc(cc1)C2CC(=O)c3ccc(O)cc3O2,0.1703712232406256
233,CCN(C1CCN(CC[C@H](c2ccc(cc2)S(=O)(=O)C)c3cccc(Cl)c3)CC1)C(=O)Cc4ccc(cc4)S(=O)(=O)C,0.1452825915147855
234,Cc1nc2ccc(NC(=O)CCNC(=O)N)cc2s1,-1.084060363051385
235,Oc1ccc(cc1)c2oc3ccc(O)cc3n2,1.0066589474352992
236,CN(C)CCCOc1ccc(cc1)c2cc(C(=O)N)c(NC(=O)N)s2,-1.301495171342
237,C[C@H]1O[C@H]([C@H](O)[C@H]1Cl)n2cnc3c(N)nc(OC4CCCC4)nc23,0.8226756481124713
238,COc1ccc(CN2CCc3c(C2)[nH]c4ccccc34)cc1OC,0.7557726301768973
239,C[C@@H]1CN([C@@H](C)CN1C(=O)c2ccc(cc2)C#N)C(=O)[C@@](C)(O)C(F)(F)F,-0.5822877285345807
240,CN1C(=O)N(CC2CC2)c3nn(Cc4ccnc5ccc(Cl)cc45)c(c3C1=O)c6nc(cn6C)S(=O)(=O)C,0.3710802770473474
241,NC(=O)c1cccc(N[C@H]2C[C@H]3CC[C@@H](C2)N3Cc4ccccc4)c1,-0.9920687133899708
242,Oc1cccc(NC(=O)c2ccc(OCCCN3CCCC3)cc2OCc4ccccc4C#N)c1,0.1201939597889451
243,OC(=O)COc1cccc(c1)N2CCC(CN3CCC(CC3)Oc4ccc(Cl)c(Cl)c4)CC2,-0.1725067436791905
244,Cc1ccccc1CN2CCC(CC2)N3CCC(CC3)N4C(=O)Nc5ccccc45,0.4045317860151344
245,CCOC(=O)c1ncn2c1CN(C)C(=O)c3cc(F)ccc23,-0.91680281821245
246,[O-][N+](=O)c1oc(C=NN2CCOC2=O)cc1,-1.937073841729952
247,CC(=O)NC[C@H]1CN(C(=O)O1)c2ccc(N3CCN(CC3)c4cnccn4)c(F)c2,-0.5906506057765274
248,CC(C)n1c(C)ncc1c2ccnc(Nc3ccc(cc3)N(C)C)n2,1.0986505970967133
249,COc1ccc(Cl)c(Nc2ncnc3cc(OCC4CCN(C)CC4)c(OC)cc23)c1,-0.1641438664372438
250,Cc1cccc(NC(=O)c2ccc(c3ccccc3)c(c2)C#N)n1,1.2659081419356482
251,C[C@H](CO)Nc1nc(SCc2ccccc2)nc3NC(=O)Nc13,0.4630719267087614
252,Cc1cccc(c1)S(=O)(=O)NC(=O)N2CCC(CC2)N3CCC(CC3)Oc4ccc(Cl)c(Cl)c4,-0.2979499023083915
253,O=C(NC1CC1)c2cc(on2)c3cccs3,0.28745150462788
254,CN1CCCCC1CCN2c3ccccc3Sc4ccc(cc24)[S+](C)[O-],-0.4986589561151132
255,CCN(CC)CCNC(=O)c1cc(Br)c(N)cc1OC,-1.3851239437614673
256,CC1=CN(C2CCCN(Cc3cccc(Oc4ccc(Cl)cc4)c3)C2)C(=O)NC1=O,0.9899331929514058
257,C[C@H]1O[C@H]([C@H](O)[C@@H]1O)n2cnc3c(N)nc(OCC4CC45CC5)nc23,-0.3481271657600719
258,Fc1cccc(COc2cc(OCCCN3CCCC3)ccc2C(=O)Nc4ccccc4)c1,1.2324566329678612
259,O=C(N1CCC1)c2ccc(cc2)C(=C3CCN(Cc4cscn4)CC3)c5cccc6cccnc56,0.2707257501439865
260,CCCS(=O)(=O)c1ccc(Nc2nccc(n2)c3cnc(C)n3C(C)C)cc1,0.9815703157094592
261,Nc1nccc(n1)c2cc3C(=O)NC[C@H](CCF)c3[nH]2,-1.4102125754873076
262,CCN(CC)CCOCCOC(=O)C1(CCCC1)c2ccccc2,-0.7244566416476751
263,CCOc1ccccc1c2ccc(cc2)c3nc4ccc(F)cc4c(C(=O)O)c3C,-0.8498998002768763
264,Clc1ccc(COC(Cn2ccnc2)c3ccc(Cl)cc3Cl)cc1,0.28745150462788
265,Cc1nc(cs1)C(=O)N2CCOC3(CCN(Cc4ccc(Cl)cc4)CC3)C2,-0.0219749533241493
266,Fc1ccc2[nH]c3CCN(Cc3c2c1)C(=O)[C@@H]4CCCC[C@H]4C(=O)NC5(CC5)C#N,0.6721438577574299
267,CCOc1ccccc1c2ccc3c(c2)C(=O)C(=O)c4ccccc34,0.3961689087731875
268,CN(C1CCN(CCC(c2ccccc2)c3ccccc3)CC1)C(=O)Cc4ccc(NC(=O)C)cc4,0.5885150853379624
269,CNCC[C@H](Oc1cccc2ccccc12)c3cccs3,-0.0888779712597233
270,CCN(CC)CCNc1ncnc2c1sc3nc(N4CCOCC4)c5CCCCc5c23,0.9230301750158318
271,COc1nc(Br)cnc1NS(=O)(=O)c2cccc3c(cccc23)N(C)C,-0.2477726388567112
272,COc1c(N2CCO[C@@H](CN(C)C)C2)c(F)cc3C(=O)C(=CN(C4CC4)c13)C(=O)O,-2.355217703827289
273,CN1CCN(CC1)S(=O)(=O)c2ccc(c3cnc(N)c(n3)C(=O)Nc4cccnc4)c(c2)C(F)(F)F,0.8812157888060983
274,CN1CCC(CC1)n2cc(c(C)n2)c3cnc(N)c(c3)c4oc5ccccc5n4,1.0066589474352992
275,COc1ccc(N(C(C(=O)NC[C@@H](C)O)c2ccccc2F)C(=O)c3occc3C)c(OC)c1,-0.1306923574694568
276,CCN1C=C(C(=O)O)C(=O)c2ccc(C)nc12,-1.9203480872460583
277,Cc1ccccc1CN2C=CN3C(=O)C=C(N=C23)N4CCOCC4,0.0867424508211581
278,CNC(=O)c1ccccc1Sc2ccc3c(\C=C\c4ccccn4)n[nH]c3c2,1.3411740371131686
279,Cc1sc(N)nc1c2ccccc2,0.4630719267087614
280,CN1CCC(COc2cc(OC3CCOCC3)c4c(Nc5c(Cl)ccc6OCOc56)ncnc4c2)CC1,0.3292658908376135
281,CN[C@@H](C)C(=O)N[C@H]1CN(CC[C@H]2CC[C@H](N2C1=O)C(=O)NC(c3ccccc3)c4ccccc4)C(=O)CC(C)C,-0.314675656792285
282,Cc1nc(C)c(nc1C(=O)N)c2ccc3c(CC[C@@]34CC[C@@H](CC4)C(=O)O)c2,-0.8331740457929828
283,CC(N)Cc1c[nH]c2ccc(OCc3cccs3)cc12,-1.4353012072131477
284,CC1CC(CN)CC(CO)C1,-3.0075221286991343
285,COCCN1CCN(CC(=O)Nc2ccc(C3=CC=CN4C(=O)C=C(N=C34)N5CCOCC5)c6sc7ccccc7c26)CC1,0.8394014025963648
286,COc1ccc(Cc2c(N)n[nH]c2N)cc1,-1.6694617699876564
287,Oc1ccc(Cl)cc1C(=O)Nc2ccc(F)cc2F,1.1739164922742342
288,O=C(Nc1ccc(nc1)N2CCOCC2)c3oc(Nc4cccc(OCc5cccnc5)c4)nn3,0.9230301750158318
289,NC1(CCC1)c2ccc(cc2)C3=NN4C=CC(=O)N=C4C=C3c5ccccc5,-1.6694617699876564
290,COCCC(Oc1ncnc2c1cnn2c3ccccc3C(F)(F)F)C(=O)Nc4ccc(C)cn4,1.0902877198547667
291,CCCC[C@H](NC(=O)[C@H](CC(C)C)NC(=O)[C@H](CC(C)C)NC(=O)C)C=O,0.3376287680795604
292,CC(=O)NC[C@H]1CN(C(=O)O1)c2ccc(N3Cc4cccnc4C3)c(F)c2,0.5717893308540689
293,CC(C)CCCC(C)\N=C\1/C=CN(Cc2ccccc2)c3cc(Cl)ccc13,-0.5153847105990067
294,CC(=O)N1CCOc2cc(COc3ccccc3)cnc12,0.504886312918495
295,NC1(CCC1)c2ccc(cc2)c3nc4C=CN5C(=O)NN=C5c4cc3c6ccccc6,0.253999995660093
296,CC(C)(C)OC(=O)N1CCN(CC1)c2ncc(OCc3ccncc3F)cn2,1.1739164922742342
297,CCCSc1c(cnn1c2cccc(c2)C(=O)O)C(=O)NC3CCCCC3,-1.2513179078903196
298,COc1cc(ccc1Cn2ccc3ccc(NC(=O)OC4CCCC4)cc23)c5nn[nH]n5,0.4212575404990279
299,CN1C(C(=O)Nc2ncc(C)s2)C(=O)c3ccccc3S1(=O)=O,-1.585832997568189
300,CCSc1c(Cc2ccccc2C(F)(F)F)sc3N(CC(C)C)C(=O)N(C)C(=O)c13,1.9182125668074936
301,COc1cc(cc(OC)c1OC)C(=O)Nc2ccc(Cl)c(c2)c3nc4ccccc4[nH]3,1.3662626688390092
302,Cc1cc(NC(=O)c2oc(Nc3ccccc3F)nn2)ccc1N4CCOCC4,1.5084315819521037
303,Nc1nc(N)nc(n1)c2ccc(Cl)cc2,-0.0637893395338828
304,NC(=O)N(c1ccc(C(=O)N)c(n1)c2ccc(F)cc2F)c3c(F)cccc3F,-0.4986589561151132
305,COc1ccc2N=CC(=O)N(CCN3CC[C@@H](NCc4ccc5OCC(=O)Nc5n4)[C@@H](F)C3)c2c1,-1.142600503745012
306,COc1ccc(cc1)c2c(C)[nH]nc2c3ccc(O)cc3O,0.9815703157094592
307,Cc1ccc(cc1)C(=O)C2CCN(CC2)C(=O)c3ccc(C)cc3,1.0317475791611397
308,COc1cc(ccc1Nc2ncc(Cl)c(n2)c3cnc4c(N)cccn34)N5CCN(CC5)C(=O)C,1.0066589474352992
309,Cc1c(Oc2ccc(Cl)cc2)c3cc(F)ccc3n1CC(=O)O,-0.7829967823413023
310,N\C(=C(\C#N)/c1ccccc1C(F)(F)F)\Sc2ccc(N)cc2,0.9230301750158318
311,NC(=N)NC(=O)c1nc(Cl)c(NCc2ccncc2)nc1N,-2.263226054165875
312,Nc1n[nH]c(Nc2ccccc2)n1,-0.9502543271802372
313,C[C@H](NC(=O)c1c(C)nn(c1NS(=O)(=O)c2ccc(cc2)C#N)c3ccc(F)cc3)C(C)(C)C,-1.460389838938988
314,COc1ccc(Cl)cc1NC(=O)Nc2cnccn2,1.199005124000074
315,C[C@]12Cc3cnn(c3C=C1CC[C@@]2(O)CCc4ccc(F)cc4C(=O)N)c5ccc(F)cc5,1.3411740371131686
316,O=S(=O)(NCC(N1CCCCCC1)c2ccccc2)c3ccc(cc3)C#N,0.5550635763701754
317,COc1cc(ccc1Nc2ncc(Cl)c(n2)c3cnc4c(C)cccn34)N5CCN(CC5)C(=O)C,0.8394014025963648
318,C[C@H](NC(=O)\C=C\c1ccccc1)c2cccc(c2)N3CCOCC3,0.8728529115641517
319,CC(C)c1noc(n1)N2CCN([C@H](C)C2)c3ncc(OCc4ccncc4C#N)cn3,0.7557726301768973
320,CNC1=Nc2ncccc2C(=NC1c3ccns3)c4occc4,-0.6324649919862612
321,CC1CC(NC(=O)C)c2ccccc2N1C(=O)c3ccccc3,-0.1641438664372438
322,COc1cc2ncc(C(=O)N)c(Nc3cccc(F)c3F)c2cc1OC,0.5216120674023884
323,[O-][N+](=O)c1ccc2c(c1)nc3CCCCCn23,0.320903013595667
324,CC(C)N(C(C)C)c1nnc(N)s1,-0.5906506057765274
325,CN(C)CCCN1c2ccccc2CCc3ccccc13,0.2456371184181464
326,Nc1ccccc1NC(=O)c2ccc(CNC(=O)OCc3cccnc3)cc2,-0.7829967823413023
327,COc1ccc(cc1OC)C(=O)Nc2cccc(NC(=O)c3cccc(c3)N(C)C)c2,1.2324566329678612
328,Clc1cc(Cl)c2c3C(=O)NNC(=O)c3[nH]c2c1,-0.983705836148024
329,CCCNC(=O)c1nnc2c(cccc2c1N)c3cc(C)ccc3OC,1.5000687047101569
330,CC(C)CN1C(=O)N(C)C(=O)c2c1sc(Cc3cncc4ccccc34)c2C(=O)N5CC[C@@H](O)C5,-0.3815786747278589
331,Cc1ccc(Oc2ccc(cc2)C(=O)NCc3ccncc3)cc1,1.2157308784839678
332,CCC(=O)N[C@H]1CC[C@H](C1)C(=O)N(C)c2ccc(cc2)c3oc4ccccc4n3,1.0066589474352992
333,Oc1ccc(O)c2C(=O)C=CC(=O)c12,-0.2394097616147645
334,CC(C)CN1C(=O)N(C)C(=O)c2c1sc(Cc3c[nH]c4ncccc34)c2C(=O)N5C[C@H](O)CO5,-0.1306923574694568
335,COc1ccccc1CNCCc2cccc(CCNC[C@H](O)c3ccc(O)c4NC(=O)Sc34)c2,-1.075697485809438
336,COc1cc(Nc2nccc(n2)N(C)c3cc(CO)ccc3C)cc(c1)N4CCOCC4,1.4248028095326362
337,OC12CC3CC(C1)CC(C3)(C2)NCC(=O)N4CCC[C@H]4C#N,-2.2381374224400346
338,c1ccc(nc1)c2n[nH]c(n2)c3ccncc3,-0.5990134830184741
339,CN1CCc2c(NC(=O)Cc3ccccc3)c4ccccc4nc12,0.504886312918495
340,CCCCN(CCNC[C@H](O)c1ccc(O)c2NC(=O)Sc12)C(=O)CCOCCc3ccccc3,0.2623628729020396
341,COc1ncc(C)cc1c2cccc3c(N)c(nnc23)C(=O)NC4CC4,1.0066589474352992
342,CN(C)CC(O)COc1ccc(Nc2cc(Nc3cc(Cl)ccc3Cl)ncn2)cc1,0.3376287680795604
343,C[C@H]1CN(Cc2cc(Cl)ccc2CC(=O)O)CCN1S(=O)(=O)Cc3ccccc3,-0.9000770637285566
344,Oc1ccc2C[C@H]3N(CC4CC4)CC[C@@]56[C@@H](Oc1c25)c7[nH]c8[C@@H]9Oc%10c(O)ccc%11C[C@H]%12N(CC%13CC%13)CC[C@@]9(c%10%11)[C@@]%12(O)Cc8c7C[C@@]36O,-0.6575536237121014
345,Oc1ccc(cc1)C(c2ccc(O)cc2)C(Cl)(Cl)Cl,1.391351300564849
346,NC(=N)c1cc2c(\C=C\c3ccc4OCOc4c3)cccc2s1,0.003113678401691
347,CC(=O)NC[C@H]1CN(C(=O)O1)c2ccc(N3Cc4ccncc4C3)c(F)c2,0.6888696122413234
348,COc1ccc(cc1OC)c2cc(NC(=O)Cc3ccc4ccccc4c3)[nH]n2,0.7557726301768973
349,CCN1CCOC(C1)C(=O)N2CCN(CC2)C(=O)Nc3ccc(Cl)c(Cl)c3,-0.0805150940177763
350,OC1CCN(CC1)C(=O)CN2C(=O)C(Cc3ccccc23)NC(=O)c4cc5cc(Cl)sc5[nH]4,0.5550635763701754
351,Fc1cc(ccc1C2=CCOCC2)N3C[C@H](COc4ccon4)OC3=O,0.345991645321507
352,O=C(CN1CCN(CC1)c2ccccc2)Nc3c(cnn3c4ccccc4)C#N,0.0867424508211581
353,CC1=NC(=C(NC1=O)c2ccc(CN3CCC(CC3)N4C(=O)Nc5ccccc45)cc2)c6ccccc6,1.4248028095326362
354,O[C@@H](CNCCc1cccc(CNCCc2ccccc2Cl)c1)c3ccc(O)c4NC(=O)Sc34,-0.4735703243892731
355,CC(NC(=O)c1c(C)nn(c1NS(=O)(=O)c2ccc(C)cc2)c3ccccc3)C(C)(C)C,-0.824811168551036
356,OC(=O)c1[nH]c2cc(Cl)cc(Cl)c2c1\C=C\C(=O)Nc3ccccc3,-0.5655619740506872
357,OC1(CCc2ccc(Oc3ccc(cc3)C(=O)NCc4ccncn4)cc2)CN5CCC1CC5,-1.2011406444386392
358,Cc1c(Oc2ccc(Cl)cc2)c3cc(ccc3n1CC(=O)O)C(F)(F)F,0.0700166963372646
359,Cc1ccc(cc1NC(=O)c2ccc(OCc3ccccn3)cc2)c4ccc(N)nn4,0.228911363934253
360,Fc1cccc(COc2ccc(Nc3ncnc4ccc(cc34)c5cccc(c5)N6CCOCC6)cc2Cl)c1,0.8394014025963648
361,COc1c(cc2ccccc2c1C(=O)N(C)C[C@@H](CCN3CCC(CC3)N4CCCNC4=O)c5ccc(Cl)c(Cl)c5)C#N,0.6721438577574299
362,Fc1cccc(Nc2oc(nn2)C(=O)Nc3ccc(nc3)N4CCOCC4)c1,0.8394014025963648
363,CCOC(=O)C1=C(C)NC(=C([C@H]1c2cccc3C(=O)C=C(C)Oc23)C(=O)C)C,0.3627173998054005
364,CC(C)(C)C(=O)Nc1ccc2c(c1)C(=O)C(=O)c3ccccc23,0.5299749446443354
365,CCN(CC)S(=O)(=O)c1ccc(cc1)c2cc(ccc2OCC(=O)O)C(F)(F)F,-1.27640653961616
366,Cn1ncnc1COc2nn3c(nnc3cc2C(C)(C)C)c4cc(F)ccc4F,0.1703712232406256
367,COc1ccc2c(c1)cc(C(=O)O)n2Cc3ccc(Cl)c(Cl)c3,-0.4484816926634329
368,FC(F)(F)c1cc(CO[C@H]2CCCN[C@H]2c3ccccc3)cc(c1)C(F)(F)F,1.1739164922742342
369,COc1cc2ncc(C(=O)N)c(Nc3ccccc3Cl)c2cc1OC,0.5801522080960159
370,CCN(C)C(=O)c1ccc(cc1)C(=C2CCN(Cc3cscn3)CC2)c4cccc5cccnc45,0.379443154289294
371,Nc1ccnc(n1)c2cccnc2,-1.4687527161809348
372,CC(Oc1c(Cl)cccc1Cl)C2=NCCN2,-1.4353012072131477
373,CN[C@@H](C)C(=O)N[C@@H](C1CCCCC1)C(=O)N[C@H]2CCCN(CCc3cccc(F)c3)C2,0.3710802770473474
374,CCCSc1c(cnn1c2ccc(cc2)C(=O)O)C(=O)N(C)C3CCCCC3,-1.3433095575517338
375,C[C@H](N)C(=O)N[C@@H](CCc1ccccc1)\C=C\S(=O)(=O)c2ccccc2,-0.4484816926634329
376,COc1cc2ncnc(Nc3ccc(F)c(Cl)c3)c2cc1OCCCN(C)C,0.5885150853379624
377,Nc1ncnc2sc(nc12)c3c(ncn3Cc4ccccc4N5CCOCC5)c6ccccc6,1.1571907377903403
378,CCCCC1(CC)C(=O)NC(=O)NC1=O,-0.5822877285345807
379,CCn1cc(NC(=O)Cc2ccc(Oc3ccnc4cc(F)ccc34)cc2OC)cn1,1.4498914412584765
380,Oc1cc(nc2ncnn12)c3ccccc3,-2.0123397369074727
381,CC1=C(C(=O)c2cc(O)c(O)c(CCc3ccc(C)cc3)c2C1=O)C4=C(C)C(=O)c5c(CCc6ccc(C)cc6)c(O)c(O)cc5C4=O,0.9732074384675122
382,Cc1ccc(cc1)S(=O)(=O)NC(=O)N2CCC(CC2)N3CCC(CC3)Oc4ccc(Cl)cc4Cl,-0.5655619740506872
383,CCC1=C(C)CN(C(=O)NCCc2ccc(cc2)S(=O)(=O)NC(=O)N[C@@H]3CC[C@@H](C)CC3)C1=O,-0.3899415519698057
384,Oc1c2C(=O)N(NC(=O)c2nc3cc(Cl)ccc13)C(c4ccccc4)c5ccncc5,-0.91680281821245
385,Cc1ccc(cc1)S(=O)(=O)Nc2c(C(=O)NC3CCOCC3)c(C)nn2c4ccccc4,-1.7029132789554433
386,CC(N1NC(=O)C2=C(C1=O)C(=O)c3ccc(Cl)cc3N2)c4oc5ccccc5c4,-0.0805150940177763
387,CCC(N1NC(=O)c2nc3cc(Cl)ccc3c(O)c2C1=O)c4cccnc4,-1.2513179078903196
388,Cc1cc(N)c2cc(NC(=O)CCCCC(=O)Nc3ccc4nc(C)cc(N)c4c3)ccc2n1,-1.393486821003414
389,CC(C)n1c(C)ncc1c2nc(Nc3ccc(cc3)N4CC(C4)NC(=O)C)ncc2F,0.4714348039507079
390,CCOC(=O)N1CCN(CC1)C(=O)[C@H](Cc2cccc(c2)C(=N)N)NS(=O)(=O)c3c(cc(cc3C(C)C)C(C)C)C(C)C,-0.4401188154214862
391,Fc1cccc(COc2ccc3C(=O)CCOc3c2)c1,1.0066589474352992
392,OC(=O)[C@H](Cc1cccc(F)c1)N2CCC(CN3CCC(CC3)Oc4ccc(Cl)c(Cl)c4)CC2,0.4045317860151344
393,Nc1ncnc2c1nc(Sc3nc4cccc(Cl)c4s3)n2CCO,0.1452825915147855
394,COc1ccc(cc1)c2cc(N)n3ncc(C#N)c3n2,0.187096977724519
395,NC(=O)C[S+]([O-])C(c1ccccc1)c2ccccc2,-0.9000770637285566
396,CCc1cccc2c3CCOC(CC)(CC(=O)O)c3[nH]c12,-1.426938329971201
397,CCN(CC)CC(=O)Nc1c(cnn1c2ccccc2)C#N,-1.5022042251487218
398,Nc1c2CCCCc2nc3ccccc13,-1.5189299796326152
399,Clc1ccc(cc1)c2oc(cc2)C(=O)Nc3ccc(cc3)N4CCNCC4,0.1703712232406256
400,COc1ccc2N=CC(=O)N(CCN3CC[C@H](NCc4cc5OCCOc5cn4)[C@H](O)C3)c2c1,-1.1927777671966924
401,COc1cc(ccc1Nc2ncc(Cl)c(n2)c3cnc4ccccn34)C(=O)N5CCOCC5,1.0066589474352992
402,Cc1nsc(C)c1CCC2CCN(CC2)S(=O)(=O)CC3(CCOCC3)N(O)C=O,-0.5822877285345807
403,Cc1nc(C)c(nc1C(=O)N)c2ccc([C@@H]3CC[C@@H](CC(=O)O)CC3)c(F)c2,-0.7495452733735153
404,Oc1ccc2C(=O)C=C(Oc2c1)N3CCOCC3,-1.0004315906319174
405,Oc1c(NC(=O)Nc2cccc(F)c2Cl)ccc(Cl)c1S(=O)(=O)N3CCNCC3,0.3376287680795604
406,NC1(CCN(CC1)c2ncnc3[nH]ccc23)C(=O)NC(C4CC4)c5ccc(Cl)cc5,1.0066589474352992
407,C[C@H](COc1cn2ncnc(Oc3ccc4[nH]c(C)cc4c3F)c2c1C)OC(=O)[C@H](C)N,0.8310385253544178
408,COCCCOc1ccnc(C[S+]([O-])c2nc3ccccc3[nH]2)c1C,-2.413757844520916
409,COc1cc2c(NC(=O)Nc3c(Cl)cccc3Cl)ncnc2cc1OCC4CCN(C)CC4,0.4212575404990279
410,CC[C@H](CO)Nc1nc(SCc2ccccc2)nc3nc(N)sc13,0.8979415432899918
411,Nc1c(NC2CC3CCC2C3)nc(nc1N4CCOCC4)C#N,1.1153763515806068
412,CCC(N(CCCN)C(=O)c1ccc(C)cc1)C2=Nc3ccsc3C(=O)N2Cc4cccnc4,-1.8283564375846448
413,CNc1c(Br)cnc2[nH]c(nc12)c3ccc(OCCN4CCCCC4)cc3,0.3041772591117735
414,O=C1CCOc2cc(OCc3cccc(c3)C#N)ccc12,0.504886312918495
415,COC(=O)[C@@H](N1CCc2sccc2C1)c3ccccc3Cl,1.2491823874517547
416,COc1cc(CCc2cc(Nc3ccnc(NCc4ccccn4)n3)n[nH]2)cc(OC)c1,1.0902877198547667
417,Nc1cc(nc2ccc(Nc3cc(nc(N)n3)c4ccc(cc4)C(F)(F)F)cc12)c5ccc(F)cc5,-0.5488362195667936
418,CC(C)(C)C(=O)N[C@H]1CCCCNC1=O,-1.3516724347936804
419,CC(=O)Nc1ccc(cc1)S(=O)(=O)Nc2ccc(Cc3ccncc3)cc2,0.504886312918495
420,Fc1ccccc1Nc2oc(nn2)C(=O)Nc3ccc(cn3)N4CCOCC4,0.1703712232406256
421,CCN(CC)CCOc1ccc(cc1OC)N(C)C(=O)c2ccc(cc2)c3ccc(cc3)C(F)(F)F,0.7808612619027373
422,OC1(C(=O)Nc2ccccc12)c3ccccc3,-0.4066673064536992
423,CC(C(=O)O)c1cccc(Oc2ccccc2)c1,-1.2429550306483728
424,CC(C#C)N1C(=O)N(CC2CC2)c3nn(Cc4ccnc5ccc(Cl)cc45)c(c3C1=O)c6cncn6C,1.1655536150322872
425,OC(=O)c1ccc(CN2CCC(CN3CCC(CC3)Oc4ccc(Cl)c(Cl)c4)CC2)cc1,-0.91680281821245
426,Cc1c(Cl)c(ccc1OC2CCN(CC3CCN(CC3)[C@@H](Cc4ccc(F)cc4)C(=O)O)CC2)C#N,-0.0052491988402558
427,COC(=O)N1CCN(C(CC(=O)NCc2ccc3OCOc3c2)C1)c4ccnc(n4)n5ccnc5,-0.2644983933406047
428,CCC(N(CCCN)C(=O)c1ccc(C)cc1)C2=Nc3sccc3C(=O)N2Cc4ccccc4,-0.1139666029855633
429,OCCOCCN1CCN(CC1)C(c2ccccc2)c3ccc(Cl)cc3,0.7390468756930038
430,CCCSc1nc(ccc1C(=O)NC2CCCCC2)N3CCCCC3C(=O)O,-0.6993680099218349
431,Nc1ccc(cc1)S(=O)(=O)c2ccc(N)cc2,-1.1007861175352784
432,CCn1c2ccccc2c3cc(NC(=O)N4CCOCC4)ccc13,0.8394014025963648
433,OC(=O)[C@H](Cc1ccc(cc1)C#CCCNc2ccccn2)NC(=O)c3c(Cl)cccc3Cl,-1.6109216292940292
434,FC(F)(F)c1nnc2ccc(nn12)N3CCCCCC3,0.9146672977738852
435,CC(C)n1c(C)ncc1c2ccnc(Nc3ccc(cc3)C(=O)N(C)C)n2,0.2121856094503595
436,CCN(CC)CC#CCOC(=O)C(O)(C1CCCCC1)c2ccccc2,1.2157308784839678
437,Nc1nccc(n1)n2ccc3ccccc23,0.4296204177409745
438,C[C@@](Cc1ccc(O)c(O)c1)(NN)C(=O)O,-2.4221207217628624
439,CC(C)CN1C(=O)N(C)C(=O)c2c1sc(Cc3ccccc3C(F)(F)F)c2S(=O)(=O)N4CC[C@@H](O)C4,0.9397559294997252
440,Cn1cnc2c(c3ccc(cc3)C4(N)CCC4)c(ccc12)c5ccccc5,0.253999995660093
441,COc1ccc(N(C(C(=O)NC[C@@H](C)O)c2ccccc2F)C(=O)c3ccoc3Cl)c(OC)c1,0.1369197142728386
442,OC(=O)c1ccc(cc1)c2nnn(Cc3ccccc3F)n2,-1.585832997568189
443,O=S(=O)(NCCNc1ncccn1)c2cccc3cnccc23,-1.3265838030678403
444,NC(=O)c1ccc(O[C@H]2C[C@H]3CC[C@@H](C2)N3Cc4ccccc4)cn1,-0.5739248512926339
445,CCN1CCC[C@H]1CNC(=O)c2c(OC)ccc(Br)c2OC,-1.7949049286168577
446,COc1cccc(c1)S(=O)(=O)c2c(C)n(CC(=O)O)c3ccc(C)cc23,-2.187960158988354
447,CC(C)(C)OC(=O)N1CCC(CC1)c2ncc(OCc3ccc(cc3)S(=O)(=O)C)cn2,0.504886312918495
448,FC(F)(F)c1csc(n1)N2CCN(CC2)C(=O)[C@@H]3CCCC[C@H]3C(=O)NC4(CC4)C#N,0.1703712232406256
449,C[C@H](CO)Nc1nc(SCc2cccc(F)c2F)nc3NC(=O)C=Nc13,0.7557726301768973
450,CC(C)[C@H](NC(=O)N(C)Cc1csc(n1)C(C)C)C(=O)N[C@H](C[C@H](O)[C@H](Cc2ccccc2)NC(=O)OCc3cncs3)Cc4ccccc4,1.7593178992105054
451,Nc1nc(cs1)c2ccccc2,0.195459854966466
452,COc1ccc(cc1OC2CCCC2)[C@@]3(CC[C@H](CC3)C(=O)O)C#N,-1.2011406444386392
453,CC(C)NC[C@H](O)COc1cccc2ccccc12,-1.0087944678738645
454,CCN(C1CCCCC1)C(=O)c2cnn(c2NS(=O)(=O)c3ccc(cc3)c4ocnc4)c5ccccc5,-0.6157392375023676
455,CN(C)C(=O)c1ncc(Oc2cc(cc3oc(C)cc23)C(=O)Nc4cnc(C)cn4)cn1,-0.0805150940177763
456,COCCNC(=O)c1cccc(CN2NC(=O)C3=C(C2=O)C(=O)c4ccc(Cl)cc4N3)c1,-0.8331740457929828
457,Clc1ccc(cc1)c2c[nH]nn2,0.6470552260315898
458,COc1cc(cc(OC)c1OC)C(=O)N2CC[C@@](CCN3CCC(CC3)(C(=O)N)c4ccccc4)(C2)c5ccc(Cl)c(Cl)c5,0.8644900343222048
459,CC(=O)Nc1nc(ns1)c2ccccc2,0.504886312918495
460,Cc1ncc(CO)c(CO)c1O,-2.321766194859502
461,CNC(=O)c1ccc(Nc2nccc(n2)c3cnc(C4CC4)n3C(C)C)cc1,0.4797976811926549
462,C[C@@H]1CN(CCN1C(=O)[C@@H]2CCCC[C@H]2C(=O)NC3(CC3)C#N)c4ccc5c(c4)c(C)nn5C,0.504886312918495
463,COc1cc(ccc1N2CC[C@@H](O)C2)N3N=Nc4cc(sc4C3=O)c5ccc(Cl)cc5,0.7975870163866309
464,Clc1ccc2C(=O)C3=C(Nc2c1)C(=O)NN(Cc4cocc4)C3=O,-1.334946680309787
465,CNCC[C@@H](Oc1ccccc1C)c2ccccc2,-0.8331740457929828
466,CSCCC(NC(=O)c1ccccc1)c2nc3ccccc3n2Cc4ccc(cc4)C#N,1.7091406357588257
467,COc1ccccc1S(=O)(=O)NC(=O)N2CCC(CC2)N3CCC(CC3)Oc4ccc(Cl)c(Cl)c4,-1.0924232402933314
468,CCC(N(CCCN)C(=O)c1ccc(C)cc1)C2=Nc3ncccc3C(=O)N2Cc4ccccc4,-1.8701708237943784
469,COc1cc(ccc1Nc2ncc(c(n2)c3cnc4ccccn34)C(F)(F)F)N5CCN(CC5)C(=O)C,1.2575452646937015
470,CC1=CC2=NNC(=O)N2c3cc(ccc13)c4ccc(CO)cc4,0.5550635763701754
471,CCCS(=O)(=O)c1ccc(cc1)C(CNS(=O)(=O)c2ccc(cc2)C(F)(F)F)N3CCCCCC3,0.9397559294997252
472,CNC(=O)C1(CCN(CC[C@H](CN(C)C(=O)c2c(OC)c(cc3ccccc23)C#N)c4ccc(Cl)c(Cl)c4)CC1)N5CCCCC5=O,0.4881605584346015
473,CCOc1ccccc1c2ccc(cc2)c3nc4ccc(F)cc4c(C(=O)NCCOCCN)c3C,0.220548486692306
474,C(Oc1cccc2ccccc12)C3=NCCN3,-1.2680436623742128
475,CCOc1ccccc1c2ccc(cc2)c3nc4ccncc4c(O)c3C#N,0.6721438577574299
476,Clc1ccc(OC2CCN(CC2)C3CCN(CC3)C(=O)NS(=O)(=O)Cc4ccccc4)cc1Cl,-0.0554264622919363
477,C[C@@H](Oc1nc(Nc2cc(C)[nH]n2)c(C)nc1C#N)c3ccc(F)cn3,0.4379832949829214
478,CC1=CC2=NNC(=O)N2c3cc(ccc13)c4ccncc4,0.0783795735792115
479,CN1CCC[C@@H]([C@H]1C(=O)Nc2ccc(OCc3cc(C)nc4ccccc34)cc2)C(=O)NO,0.1787341004825725
480,CC(C)CN1C(=O)N(C)C(=O)c2c(SCCCO)n(Cc3cccc4ccccc34)cc12,1.8094951626621865
481,CC1=CC(=O)Nc2ccccc12,-0.2477726388567112
482,CCC1(C(=O)NC(=O)NC1=O)c2ccccc2,-1.7949049286168577
483,Fc1cnc(NC(=O)[C@H](CC2CCOCC2)c3ccc(cc3)S(=O)(=O)C4CC4)s1,0.8310385253544178
484,NC1=NC2(CCN(CC2)C(=O)c3ccc(cc3)C#N)Nc4cccc(F)c14,-1.2847694168581063
485,COc1ccccc1CNc2cc(C)ccn2,0.9063044205319384
486,CN(C)CC(O)COc1ccc(Nc2nccc(n2)N(CC#N)c3cc(Cl)ccc3Cl)cc1,0.1703712232406256
487,COc1cc(F)ccc1c2cncc(CNC[C@@H]3CCCO3)n2,-0.1641438664372438
488,Cc1nnc(N)s1,-2.1712344045044607
489,OC(=O)c1cccnc1N2CCC(CN3CCC(CC3)Oc4ccc(Cl)c(Cl)c4)CC2,-0.4066673064536992
490,CC(C)n1c(C)ncc1c2ccnc(Nc3ccc(cc3)N4CCN(CC4)S(=O)(=O)CCN(C)C)n2,0.2707257501439865
491,COc1cc(cc(OC)c1O)[C@H]2[C@@H]3C(COC3=O)C(O[C@@H]4O[C@@H]5CO[C@@H](C)O[C@H]5[C@H](O)[C@H]4O)c6cc7OCOc7cc26,-1.075697485809438
492,Cc1cc(CN2Cc3ccccc3C2C(=O)Nc4ccc(Cl)cc4Cl)ccc1OCC(=O)O,0.3543545225634539
493,Nc1ncnc2c1ncn2[C@@H]3O[C@H](CSCCCNC(=O)Nc4ccccc4)[C@@H](O)[C@H]3O,-0.2477726388567112
494,[O-][N+](=O)c1ccc2[nH]c(nc2c1)c3ccccn3,0.504886312918495
495,CCN1CCN(Cc2cnc(c(Cl)c2)c3ccc(cc3)C(=O)Nc4ccccc4N)CC1,-0.3230385340342318
496,NC1(CCN(CC1)c2ncnc3[nH]ccc23)C(=O)NC(c4ccccc4)c5ccc(Cl)cc5,1.5920603543715706
497,CCN(CC)c1ccc2C=C(C(=O)C)C(=O)Oc2c1,-0.1641438664372438
498,CC1=C(C(=O)c2ccc(O)cc2O1)c3ccccc3,0.6303294715476964
499,OC(c1ccc(cc1)N(CC(F)(F)F)S(=O)(=O)c2ccccc2)(C(F)(F)F)C(F)(F)F,1.9265754440494405
500,CN(C)C(=O)[C@H](Cc1ccccc1)NC(=O)c2cc3ccsc3[nH]2,0.7557726301768973
501,CNS(=O)(=O)c1ccc(Oc2ccc(cc2)C#C[C@]3(O)CN4CCC3CC4)cc1,-0.1390552347114037
502,O[C@]1(CN2CCC1CC2)C#Cc3ccc(Oc4ccc(cc4)C(=O)NCc5ccncn5)cc3,-0.3481271657600719
503,Cc1ccc(F)cc1S(=O)(=O)N[C@@H]2CCN(Cc3ccc(cc3)c4ccccc4)C2,1.5084315819521037
504,Nc1nc(NCc2ccccc2)nc3c1nc(O)n3Cc4ccccc4,1.2491823874517547
505,Cc1[nH]c(C(=O)NC2CCN(CC2)c3ncc(s3)C(=O)O)c(Cl)c1Cl,-1.819993560342697
506,OC(=O)COc1ccc(C(=O)c2cccs2)c(Cl)c1Cl,-2.539201003150117
507,Cc1cnc([nH]1)c2cc(NC(=O)c3ccc(nc3C)C(F)(F)F)ccc2Cl,0.9230301750158318
508,Cc1ccc(NC(=O)CCC2CCCCC2)cc1NC(=O)c3ccc(O)cc3,1.617148986097411
509,CCCCC(N1NC(=O)c2nc3cc(Cl)ccc3c(O)c2C1=O)c4ccncc4,-0.6659165009540481
510,COc1cc(ccc1N)C(=O)NC[C@@H](O)CN2CCC(CC2)Oc3ccc(Cl)c(Cl)c3,0.7724983846607908
511,C[C@@H]1CN(CCN1c2ncc(OCc3ccncc3C#N)cn2)c4noc(C)n4,0.3376287680795604
512,COC[C@H](O)CN1C(=O)C=NN(C1=O)c2ccc(Cl)c(c2)C(=O)NCC3(O)CCCCCC3,-0.6157392375023676
513,O[C@@H](CNCCc1cccc(CN2CCCC2)c1)c3ccc(O)c4NC(=O)Sc34,-2.0708798776010995
514,CC(NCC(O)c1ccc(cc1)[N+](=O)[O-])C23CC4CC(CC(C4)C2)C3,1.1153763515806068
515,COc1ccc(OC)c(c1)C(O)CNC(=O)CN,-2.430483599004809
516,Cc1nc(C)c(nc1C(=O)N)c2ccc(cc2)C34CCC(CC(=O)O)(CC3)CC4,-0.4986589561151132
517,COc1ccccc1CCNCc2cccc(CCNC[C@H](O)c3ccc(O)c4NC(=O)Sc34)c2,-1.1509633809869588
518,ON(C=O)C1(CS(=O)(=O)N2CCN(CC2)c3ccc(F)cc3)CCC1,-0.7160937644057284
519,OC(=O)C[C@H]1[C@@H](Cc2ccccc12)NC(=O)c3cc4cc(Cl)ccc4[nH]3,-0.3397642885181252
520,CC(=O)N1CCN(CC1)c2ccc(OCC3COC(Cn4ccnc4)(O3)c5ccc(Cl)cc5Cl)cc2,1.2575452646937015
521,CSc1nc(N)nc(n1)c2ccccc2,0.6554181032735363
522,FC(F)(F)Oc1cccc2c3CN(CCc3[nH]c12)C(=O)[C@@H]4CCCC[C@H]4C(=O)NC5(CC5)C#N,1.51679445919405
523,C(Cn1c2CCCCc2c3c(nc(nc13)N4CCCC4)N5CCCC5)N6CCOCC6,1.1739164922742342
524,COc1cc(ccc1Nc2ncc(Cl)c(n2)c3cnc4ccccn34)N5CCN(CC5)C(=O)C,1.2157308784839678
525,Nc1nc(N)c2nc(CO)cnc2n1,-2.2130487907141942
526,FC(F)(F)c1nnc2ccc(NCc3cccnc3)nn12,-0.1139666029855633
527,COC(=O)c1cccc(CN2NC(=O)C3=C(C2=O)C(=O)c4ccc(Cl)cc4N3)c1,-0.91680281821245
528,c1cnc2cccnc2c1,-1.0924232402933314
529,CCCSc1nc(ccc1C(=O)N[C@@H]2C3CC4CC2C[C@@](O)(C4)C3)N5CCOCC5,0.8394014025963648
530,CCN1CCC[C@@H](CN2CCN(CC2)C(=O)Nc3ccc(Cl)c(Cl)c3)C1,-0.2143211298889242
531,NC1=NC(=CC(=O)N1)CCc2cccc(Br)c2,0.2707257501439865
532,O[C@H](CNC(=O)C1=CC(=O)Nc2ccccc12)CN3CCC(CC3)Oc4ccc(Cl)c(Cl)c4,1.0735619653708732
533,COc1ccccc1Oc2ccc(cc2)N(Cc3cccnc3)S(=O)(=O)CC(F)(F)F,-0.5822877285345807
534,COc1ccc(CCN(C)CCCC(C#N)(C(C)C)c2ccc(OC)c(OC)c2)cc1OC,0.345991645321507
535,Cc1ccc(cc1)S(=O)(=O)Nc2c(cnn2c3ccccc3)C(=O)NCc4ccccc4,-0.2477726388567112
536,Oc1c2ncc3ccccc3c2nn1c4ccccc4,-1.167689135470852
537,Clc1ccc(OC2CCN(CC2)C3CCN(CC3)S(=O)(=O)NC(=O)c4ccccc4)cc1Cl,-0.0470635850499893
538,CCc1cc(C(=O)N[C@@H](Cc2cccc(Cl)c2)C(=O)NCC#N)n(C)n1,0.3376287680795604
539,FC(F)(F)c1cc(C(=O)Nc2cccc(c2)c3nnn[nH]3)c4nc[nH]c4c1,-0.91680281821245
540,NC(=N)c1ccc(cc1)C(=O)N2CCN(CC2)S(=O)(=O)c3ccc4cc(Br)ccc4c3,-1.535655734116509
541,Cc1sc(nc1C(F)(F)F)N2CCN(CC2)C(=O)[C@@H]3CCCC[C@H]3C(=O)NC4(CC4)C#N,0.5634264536121224
542,CSc1nc2cc(Cl)ccc2[nH]1,0.8561271570802582
543,CCN(CC)CCNC(=O)c1cc(ccc1OC)S(=O)(=O)C,-2.589378266601797
544,Cc1cc(Oc2ccnc(Nc3ccc(cc3)S(=O)(=O)N)c2)c(nc1C)c4ccccn4,0.1201939597889451
545,CCN1CCN(CC1)c2ccc(Nc3cc(ncn3)N(C)C(=O)Nc4c(Cl)c(OC)cc(OC)c4Cl)cc2,1.2575452646937015
546,S(c1ccccc1)c2ccc3ccccc3n2,1.4415285640165296
547,Cc1c(Sc2ccc(Cl)cc2)c3c(NS(=O)(=O)C)cccc3n1CC(=O)O,-1.6610988927457098
548,OC(C(=O)c1ccc(F)cc1)c2ccc(F)cc2,0.2456371184181464
549,CC(=N)NCc1ccccc1,-2.0708798776010995
550,CNC1=Nc2ccc(Cl)cc2C(=[N+]([O-])C1)c3ccccc3,0.1787341004825725
551,Nc1nc2ccc(cc2s1)c3cccc(O)c3,0.7557726301768973
552,c1ccc2ncccc2c1,-0.0888779712597233
553,CC1(COc2cc(ccc2NC(=O)CN3CCOCC3)c4cccc5C(=O)C=C(Oc45)N6CCOCC6)COC1,0.003113678401691
554,C[C@H]1C[C@H]2[C@@H]3CC[C@](O)(C(=O)C)[C@@]3(C)C[C@H](O)[C@]2(F)[C@@]4(C)C=CC(=O)C=C14,0.379443154289294
555,CNC1=Nc2ncccc2C(=NC1c3cccs3)c4occc4,-0.2895870250664448
556,Clc1ccc2[nH]c3CCN(Cc3c2c1)C(=O)[C@@H]4CCCC[C@H]4C(=O)NC5(CC5)C#N,1.2157308784839678
557,NC(=O)c1c(NC(=O)NCCCCN2CCCC2)snc1OCc3c(F)cc(Br)cc3F,0.253999995660093
558,Oc1ccc(cc1)c2sc3cc(O)ccc3c2C(=O)c4ccc(OCCN5CCCCC5)cc4,1.617148986097411
559,CCNCc1cncc(n1)c2ccc(F)cc2OC,-0.8498998002768763
560,CCC1(CCCCN(C)C1)c2cccc(O)c2,-1.167689135470852
561,CCN(C1CCN(CC[C@H](c2ccc(cc2)S(=O)(=O)C)c3cc(F)c(F)c(F)c3)CC1)C(=O)Cc4ccc(cc4)S(=O)(=O)C,0.2958143818698265
562,CC(=O)Nc1ccc(cc1)C(=O)Nc2ccccc2N,-1.1509633809869588
563,CSc1ccc(OCc2ccccc2)c(\C=C\c3ccc(cn3)C(=O)O)c1,0.2121856094503595
564,OC(=O)CCn1c2ccccc2c3ccccc13,-1.334946680309787
565,CCN1CCN(Cc2ccc(cc2)c3cc4c(N[C@H](C)c5ccccc5)ncnc4[nH]3)CC1,1.4833429502262634
566,CN1C(=O)C=C(CCc2cccc(c2)c3cccnc3)N=C1N,0.253999995660093
567,Cn1c(ccc1c2ccc3NC(=S)OC(C)(C)c3c2)C#N,1.0066589474352992
568,COc1cc2ncnc(Nc3ccc(F)c(Cl)c3)c2cc1OCCCN4CCCC4,0.7808612619027373
569,NCC[C@@H](Sc1cc(Cl)ccc1C#N)c2ccccc2,-0.7829967823413023
570,COc1ccc(cc1C(=O)NCc2cccnc2)C(=O)NCc3cccnc3,-0.8080854140671425
571,O=C(NCC#N)c1ccc(cc1)c2ccnc(Nc3ccc(cc3)N4CCOCC4)n2,0.1452825915147855
572,C[C@H](CO)Nc1nc(SCc2cccc(Cl)c2F)nc3NC(=O)Sc13,1.1153763515806068
573,COc1cc2ncnc(NCc3cccc(C)c3)c2cc1OC,1.0902877198547667
574,C[C@@H](Oc1cccc2ncnc(Nc3ccc(Oc4ccc(C)nc4)c(C)c3)c12)C(=O)N(C)CCO,1.3829884233229026
575,O=C(Nc1ccccc1)N2CCOCC2,-1.0004315906319174
576,NC(=O)c1cc(O)cc2nc(oc12)c3ccc(O)cc3,0.0867424508211581
577,NS(=O)(=O)c1cc2c(NC(NS2(=O)=O)C3CC4CC3C=C4)cc1Cl,-0.0637893395338828
578,Cc1c(c2cc(F)ccc2n1CC(=O)O)S(=O)(=O)c3ccc(Cl)cc3,-1.970525350697739
579,CC(O)c1ccc2OCC(=O)N(CCN3CCC(CC3)NCc4ccc5OCC(=O)Nc5n4)c2c1,-1.6276473837779226
580,COc1cc(F)ccc1c2cc(CNC3CCCC3)ccn2,-0.4066673064536992
581,CCCSc1nc(N[C@@H]2C[C@H]2c3ccccc3)c4nnn([C@@H]5C[C@H](OCCO)[C@@H](O)[C@H]5O)c4n1,1.399714177806796
582,C[C@H](Nc1ncc(Br)c(Nc2cc(C)[nH]n2)n1)c3ncc(F)cn3,0.162008345998679
583,CC1=CN([C@H]2CCCN(Cc3ccc(C(=O)O)c(Oc4cccc(c4)C(F)(F)F)c3)C2)C(=O)NC1=O,-2.154508650020567
584,O=C1O[C@]2(CN3CCC2CC3)CN1c4cccs4,-1.084060363051385
585,[O-][N+](=O)c1ccc(cc1)C2=Nc3ccccc3C(=O)N2,0.253999995660093
586,C[C@@H]1CN(CCN1c2ncc(OCc3ccc(cc3)S(=O)(=O)C)cn2)C(=O)OC(C)(C)C,1.1739164922742342
587,CN(C)CCCNc1cc(nc2c(cnn12)C#N)n3ccc4ccc(NC(=O)C)cc34,-0.4819332016312197
588,O[C@@H](CNCCc1cccc(CNCc2ccccc2F)c1)c3ccc(O)c4NC(=O)Sc34,-1.2596807851322664
589,O[C@H](CNC(=O)C1=CNC(=O)C=C1C(F)(F)F)CN2CCC(CC2)Oc3ccc(Cl)c(Cl)c3,0.4296204177409745
590,CN(C)CC(O)COc1ccc(Nc2cc(ncn2)N(CC#C)c3cc(Cl)ccc3Cl)cc1,0.504886312918495
591,CC(C)n1nc(c2ccc(C)cc2)c3c(N)ncnc13,0.8394014025963648
592,Cn1c(CN2CCC(CC2)c3ccccc3)nc4ccccc14,1.1739164922742342
593,OC(Cn1cncn1)(Cn2cncn2)c3ccc(F)cc3F,-1.4353012072131477
594,CN[C@H]1CC[C@@H](c2ccc(Cl)c(Cl)c2)c3ccccc13,0.7975870163866309
595,C[C@](O)(CS(=O)(=O)c1ccc(F)cc1)C(=O)Nc2ccc(C#N)c(c2)C(F)(F)F,0.5634264536121224
596,COc1ccc2OCC(=O)N(CCN3CCC(CC3)NCc4ccc5OCC(=O)Nc5n4)c2c1,-1.109148994777225
597,CC(C)n1c(C)ncc1c2ccnc(Nc3ccc(cc3)N4CCOCC4)n2,0.5717893308540689
598,CN(C)CCC=C1c2ccccc2COc3ccccc13,-0.0387007078080428
599,CC(=O)N1CCN(CCOc2ccc(cc2)C3CCN(CC3)c4ccc5nnc(n5n4)C(F)(F)F)CC1,0.8394014025963648
600,O=S(=O)(C1CCNCC1)C2(CC2)c3cc(nc(n3)c4cccc5[nH]ccc45)N6CCOCC6,-0.91680281821245
601,CN(c1ccnc(Nc2cc(cc(c2)C(=O)N3CCOCC3)N4CCOCC4)n1)c5cc(CO)ccc5C,0.003113678401691
602,O=C(CN1CCOCC1)Nc2ccc(cc2c3ccccc3)c4cccc5C(=O)C=C(Oc45)N6CCOCC6,1.0066589474352992
603,CC1=C(Cc2ccccc2)C(=O)n3nc(NCc4cccc(Br)c4)nc3N1,1.240819510209808
604,CC(C)(C)OC(=O)N1CCN(CC1)c2ccc(OCc3ccc(cc3)S(=O)(=O)C)cn2,0.8394014025963648
605,Nc1c(nc(nc1N2CCOCC2)C#N)N3CCCC3,0.0449280646114246
606,CCCN(CCC)CCc1cccc2NC(=O)Cc12,-1.2011406444386392
607,CCOC(=O)c1ccc(COCC2CCN(CC2)c3ccc(C)nn3)cc1,0.4045317860151344
608,Oc1ccc(cc1)N2C(=O)c3ccccc3C2=O,-0.1641438664372438
609,CC(C)COCC(CN(Cc1ccccc1)c2ccccc2)N3CCCC3,1.2240937557259146
610,OCCCn1c(NC(=O)c2cccc(c2)[N+](=O)[O-])nc3ccccc13,0.6721438577574299
611,CC(C)OC(=O)N1CC2COCC(C1)C2Oc3ncnc(Oc4cccnc4C)c3C,0.7557726301768973
612,Oc1cccc(NC(=O)c2ccc(OCCCN3CCCC3)cc2OCc4ccc(F)cc4)c1,0.8394014025963648
613,CN1C[C@H](c2ccccc2)c3cccc(N)c3C1,-0.0721522167758298
614,CC(C)CN1C(=O)N(C)C(=O)c2c1sc(Cc3ccnc4ccccc34)c2C(=O)N5C[C@H](O)CO5,-0.0470635850499893
615,Cc1cc(OCCCS(=O)(=O)C)cc(C)c1c2cccc(COc3ccc4[C@H](CC(=O)O)COc4c3)c2,0.0867424508211581
616,OCCNCCNc1ccc2c(NC(=O)CC34CC5CC(CC(C5)C3)C4)cccc2n1,-0.3397642885181252
617,CN1C2CC(CC1C3OC23)OC(=O)C(CO)c4ccccc4,-1.6945504017134967
618,CN(C)CCCC1(OCc2cc(ccc12)C#N)c3ccc(F)cc3,-0.5321104650829002
619,NC1=NC2(CCN(CC2)C(=O)c3ccc(nc3)C#N)Nc4c(F)ccc(F)c14,-1.176052012712799
620,CC(C)COc1cccc(c1)C(=O)Nc2ccc(C)c(c2)C(=O)Nc3cccnc3,0.5132491901604419
621,OC(=O)[C@H](Cc1ccc(OCCNc2ccccn2)cc1)NC(=O)c3c(Cl)cccc3Cl,-2.2381374224400346
622,OC(=O)c1ccc2[nH]c(nc2c1)C(F)(F)F,-2.739910056956839
623,CO[C@H]1CN(CCN2C(=O)C=Cc3ccc(cc23)C#N)CC[C@H]1NCc4ccc5OCC(=O)Nc5n4,-1.5691072430842956
624,CCN1CCO[C@@H](CN2CCN(CC2)C(=O)Nc3ccc(Cl)c(Cl)c3)C1,0.4045317860151344
625,CCS(=O)(=O)c1ccc(c(C)c1)c2cc(ccc2O[C@H](C)C(=O)O)C(F)(F)F,-2.1712344045044607
626,Cn1cncc1c2c3C(=O)N(CC=C)C(=O)N(CC4CC4)c3nn2Cc5ccnc6ccc(Cl)cc56,1.1906422467581277
627,Clc1ccc2N=C3NC(=O)CN3Cc2c1Cl,-0.281224147824498
628,CC(C)Oc1cc(ccc1NC(=O)CN2CCOCC2)c3cccc4C(=O)C=C(Oc34)N5CCOCC5,0.6721438577574299
629,Cc1ccc(cc1)S(=O)(=O)NC(=O)N2CCC(CC2)N3CCC(CC3)Oc4ccc(Cl)cc4,-0.4986589561151132
630,CC(C)c1c(O)c(O)c(C=O)c2c(O)c(c(C)cc12)c3c(C)cc4c(C(C)C)c(O)c(O)c(C=O)c4c3O,0.4630719267087614
631,OC(=O)COc1ccc(cc1c2ccc(Cl)cc2)C(F)(F)F,-1.084060363051385
632,COc1ccc2SCC(=O)N(CCN3CCC(CC3)NCc4cc5OCCOc5cn4)c2c1,-0.3481271657600719
633,O=C1COc2ccc(CNC3CCN(CCN4C(=O)COc5ccc(cc45)C#N)CC3)nc2N1,-1.6443731382618163
634,C[C@@H](Oc1cccc2ncnc(Nc3ccc4c(cnn4Cc5cscn5)c3)c12)C(=O)N6CCOCC6,0.5132491901604419
635,COc1cc(OC)c(cc1NC(=O)COC(=O)C)S(=O)(=O)N2C(C)CCc3ccccc23,-0.1056037257436167
636,CC(C)NCC(O)COc1ccccc1CC=C,-1.0087944678738645
637,CN(CC[C@@H](Oc1ccc(cc1)c2ccccc2)c3ccc(F)cc3)CC(=O)O,0.5550635763701754
638,O=C1C=CN=C2C=CC=CN12,-1.6694617699876564
639,c1ccc2[nH]c(nc2c1)c3cscn3,0.128556837030892
640,CC(=O)Nc1cccc2c1c(Oc3ccc(Cl)cc3)c(C)n2CC(=O)O,-3.015885005941081
641,C[C@H](CO)Nc1nc(SCc2cccc(F)c2F)nc3NC(=O)C(=O)Nc13,0.2372742411761995
642,CCCNCC(O)COc1ccccc1C(=O)CCc2ccccc2,-0.3983044292117524
643,CN1CCOc2cc(COc3ccccc3)cnc12,0.9230301750158318
644,O[C@@H](CNCCSCCCOCCc1ccccc1)c2ccc(O)c3NC(=O)Sc23,0.28745150462788
645,CNS(=O)(=O)c1ccc2C(=CNC(=O)c2c1)C(=O)NC[C@@H](O)CN3CCC(CC3)Oc4ccc(Cl)c(Cl)c4,0.4797976811926549
646,NC(=O)N1c2ccccc2CC(=O)c3ccccc13,-0.7662710278574089
647,COCCCc1cc(Nc2ccnc(NCc3onc(C)c3)n2)n[nH]1,-0.1306923574694568
648,OC(=O)c1ccc(NC(=O)c2cc(OCc3ccccc3F)cc(OCc4ccccc4F)c2)nc1,0.6721438577574299
649,CC12CC3CC(C)(C1)CC(N)(C3)C2,-1.7865420513749106
650,CN(c1ccnc(Nc2cc(cc(c2)N3CCOCC3)N4CCOCC4)n1)c5cc(CO)ccc5C,0.6219665943057494
651,Cc1c(Cl)ccc(OC2CCN(C[C@H](O)CNC(=O)C3=CNC(=O)c4cc(ccc34)S(=O)(=O)C)CC2)c1Cl,0.5299749446443354
652,COc1cc2c(Nc3ccc(F)cc3F)c(cnc2cc1NCCN(C)C)C(=O)N,-0.4066673064536992
653,Clc1cccc(C(=O)N2CCN(CC2)c3ccccn3)c1Cl,0.6554181032735363
654,COc1cc2ncnc(Nc3ccncc3)c2cc1OC,0.0198394328855845
655,CC1CC(N(C(=O)C)c2ccccc2)c3ccccc3N1S(=O)(=O)c4ccccc4,1.240819510209808
656,CC(C)C[C@@H](CO)NS(=O)(=O)c1ccc(Cl)s1,0.504886312918495
657,O=S1NC(=NO1)Cc2ccc3ccccc3c2,-0.2895870250664448
658,NC(=O)c1cnc(N[C@H]2CCCNC2)c3cc(sc13)c4ccc(Cl)c(F)c4,0.4714348039507079
659,Clc1cc(Cl)cc(CS(=O)(=O)NCC(N2CCCCCC2)c3ccccc3)c1,0.8644900343222048
660,NC(=O)c1cnc(N[C@H]2CCCNC2)c3cc(sc13)c4ccc(F)c(Cl)c4,0.6219665943057494
661,Cc1ccc(Oc2ccc(OCC(=O)Nc3ccncc3)cc2)cc1,1.7593178992105054
662,CN1C(=O)C=C(CCc2cccc(c2)c3ccccc3)N=C1N,1.3411740371131686
663,Oc1cccc(NC(=O)c2ccc(OCCCN3CCCC3)cc2OCc4cccc(c4)C#N)c1,0.1787341004825725
664,CCc1nc2c(N)nc3ccccc3c2n1CC(C)C,0.2958143818698265
665,Cc1cccc(Nc2oc(nn2)C(=O)Nc3ccc(nc3)N4CCOCC4)c1,1.0233847019191928
666,CC1=CN([C@H]2CCCN(Cc3ccc(C(=O)O)c(Oc4cccc(Br)c4)c3)C2)C(=O)NC1=O,-2.263226054165875
667,Cn1cnc2cc(OC(=O)c3ccccc3)cnc12,0.1703712232406256
668,COc1ccc(cc1)c2cc(ccc2OCC(=O)O)C(F)(F)F,-1.5941958748101357
669,Clc1ccc2OCC(=O)N(CCN3CCC(CC3)NCc4ccc5OCC(=O)Nc5n4)c2c1,-0.7244566416476751
670,COCCC(=O)NC(C)c1ccc(Nc2ncc3cc(ccc3n2)c4ccncc4)cc1,0.6554181032735363
671,CN(C)C(=O)c1ccc(cc1)C(=C2CCN(Cc3cscn3)CC2)c4cccc5cccnc45,0.0867424508211581
672,O=C(N1CCN(CC1)c2ncccn2)c3cccc(CC4=NNC(=O)c5ccccc45)c3,-0.0554264622919363
673,Cc1[nH]c2ccccc2c1CCNCc3ccc(\C=C\C(=O)NO)cc3,-0.91680281821245
674,O=C(Nc1ccccn1)c2ccc3[nH]c(nc3c2)c4ccc(NC(=O)C56CC7CC(CC(C7)C5)C6)cc4,1.7091406357588257
675,CC(C)N(CCNCCc1ccc(O)c2NC(=O)Sc12)C(=O)CCOCCc3ccccc3,0.1118310825469985
676,O[C@H](CNC(=O)c1c[nH]c2ccccc12)CN3CCC(CC3)Oc4ccc(Cl)c(Cl)c4,1.433165686774583
677,Cc1c(Sc2ccc(Cl)cc2)c3cc(ccc3n1CC(=O)O)c4ccccc4,1.2575452646937015
678,OC(=O)c1cncc(c1)c2cnc3[nH]c(cc3c2n4ccc(n4)C(F)(F)F)C(=O)NC5CC5,-2.656281284537372
679,CN1CCN(CCCN2c3ccccc3Sc4ccc(Cl)cc24)CC1,1.4415285640165296
680,C(Cc1nc2ccccc2[nH]1)c3nc4ccccc4[nH]3,0.9230301750158318
681,OC1(CN2CCC1CC2)C#Cc3ccc(Oc4ccc(cc4)C(=O)NCc5ccncc5)cc3,0.2372742411761995
682,CC(NC(=O)C)c1ccc(Nc2ncc3cc(ccc3n2)c4ccncc4)cc1,0.7557726301768973
683,OCC(=O)N1CCC[C@@H]1COc2cccc3ncnc(Nc4ccc(OCc5ccccn5)c(Cl)c4)c23,1.2659081419356482
684,CN1CC(C1)n2nccc2c3cc(Cl)ccc3Oc4cc(F)c(cc4F)S(=O)(=O)Nc5ncns5,-1.0004315906319174
685,Brc1ccc(cc1)C2NC(=O)c3ccccc3N2,0.4045317860151344
686,CN1C(=O)C(=Cc2cnc(NC3CCOCC3)nc12)Oc4ccc(F)cc4F,0.4714348039507079
687,C[C@H]1O[C@H]([C@H](O)[C@@H]1O)n2cnc3c(N)nc(OC4CCOC4)nc23,-1.886896578278272
688,CNC(=O)c1cccc(O[C@H]2C[C@H]3CC[C@@H](C2)N3Cc4ccccc4)c1,-0.222684007130871
689,CS(=O)(=O)c1cccc(Nc2nccc(Nc3cccc4ccoc34)n2)c1,1.1070134743386602
690,CC(C)n1c(C)ncc1c2nc(Nc3ccc(cc3)N4CC[C@H](C4)NC(=O)C)ncc2F,0.9230301750158318
691,CCOc1ccc(Oc2ccc(cc2)S(=O)(=O)NC(=O)c3cccc(c3)c4ccc(Cl)c(Cl)c4)cc1,0.6219665943057494
692,COc1ccc2CCC(=O)N(CCN3CCC(CC3)NCc4ccc5OCC(=O)Nc5n4)c2c1,-1.2847694168581063
693,COc1cc(OC)c(cc1NC(=O)CCC(=O)O)S(=O)(=O)N2C(C)CCc3ccccc23,-2.564289634875957
694,O[C@H](CNC(=O)c1c[nH]nc1C(F)(F)F)CN2CCC(CC2)Oc3ccc(Cl)c(Cl)c3,0.9564816839836188
695,COc1cc(ccc1Cn2ncc3ccc(NC(=O)OC4CCCC4)cc23)C(=O)NS(=O)(=O)c5ccccc5,-0.3314014112761785
696,NS(=O)(=O)c1ccc(Nc2nccc(n2)c3ccccc3)cc1,0.5550635763701754
697,CNC(=O)c1ccc(Oc2ccc3CCN(CCc3c2)C4CCC4)nc1,-0.6241021147443143
698,CC(C)CC(N(C)C)C1(CCC1)c2ccc(Cl)cc2,1.1739164922742342
699,COc1cccc2c(ccnc12)c3c(C)n(CC(=O)O)c4ccc(C)cc34,-1.426938329971201
700,COc1ccc(C(=O)Nc2c(Cl)cncc2Cl)c3cccnc13,-0.0888779712597233
701,COCCOc1cc(Nc2nccc(n2)N(C)c3cc(CO)ccc3C)cc(c1)N4CCOCC4,0.9230301750158318
702,O=C1N=C(NCc2ccccc2)SN1Cc3ccccc3,0.6805067349993764
703,Clc1ccc(NCCNCC(=O)N2CCC[C@H]2C#N)nc1,-1.0087944678738645
704,Cc1cc(Cl)ccc1N2CCN(CC2)C(=O)COCc3ccncc3,0.8561271570802582
705,CS(=O)(=O)Cc1cc(nc(n1)c2cnc3[nH]ccc3c2)N4CCOCC4,-0.2310468843728177
706,Oc1ccc(cc1)C2=Cc3cc(O)ccc3OC2=O,0.5885150853379624
707,COCC(C)n1nc(C)c(C(=O)N[C@@H](C)C(C)(C)C)c1NS(=O)(=O)c2ccc(C)cc2,-1.3265838030678403
708,CS(=O)(=O)c1ccc2nc(sc2c1)N3CCN(CC3)C(=O)[C@@H]4CCCC[C@H]4C(=O)NC5(CC5)C#N,-0.5906506057765274
709,COc1ccc(C(CN2CCCC2)N(C)C(=O)Cc3ccc(Cl)c(Cl)c3)c(OC)c1,0.7306839984510569
710,C[C@H]1COc2c(N3CCN(C)CC3)c(F)cc4C(=O)C(=CN1c24)C(=O)O,-2.129420018294727
711,COC(=O)c1ccc(NC(=O)c2cc(OC)c(OC)c(OC)c2)cc1,0.8394014025963648
712,ONC(=O)C1COC(=N1)c2ccc(F)c(c2)C(F)(F)F,-0.5571990968087404
713,CN1CCN(CC1)S(=O)(=O)c2ccc(cc2F)c3cnc(N)c(n3)C(=O)Nc4cccnc4,0.3878060315312409
714,Cc1ccccc1S(=O)(=O)NC(=O)N2CCC(CC2)N3CCC(CC3)Oc4ccc(Cl)c(Cl)c4,-0.4066673064536992
715,Nc1nc(OC2CCCC2)nc3c1ncn3[C@@H]4O[C@H](CO)[C@@H](O)[C@H]4O,-1.176052012712799
716,COc1ccc(cc1OC)N2CCN(CC2)C(=O)[C@@H]3CCCC[C@H]3C(=O)NC4(CC4)C#N,-0.6659165009540481
717,CN([C@@H]1CCN(Cc2ccc(cn2)C(F)(F)F)C[C@@H]1F)C(=O)Cc3ccc(cc3)n4cnnn4,-0.0805150940177763
718,CC(C)C(NC(=O)CN1C(=O)C(=CN=C1C(C)C)NC(=O)OCc2ccccc2)C(=O)C(F)(F)F,0.3627173998054005
719,C[C@H](NC1=NC(=O)C(C)(S1)C(F)(F)F)c2ccccc2F,0.7557726301768973
720,OCC(=O)N1CCC(CC1)c2[nH]nc(c3ccc(Cl)cc3F)c2c4ccncn4,-0.3397642885181252
721,C[C@H]1O[C@H]([C@H](O)[C@@H]1O)n2cnc3c(N)nc(OC4CC5CC5C4)nc23,-0.4484816926634329
722,CCC(CC)NC(=O)c1cnn(c1NS(=O)(=O)c2ccc(C)cc2)c3ccccn3,-1.6109216292940292
723,Nc1ncc([nH]1)c2ccc(F)cc2,-0.6742793781959948
724,C[C@@H]1CC[C@H](CC1)Oc2nc(N)c3ncn([C@@H]4O[C@H](C)[C@@H](O)[C@H]4O)c3n2,0.128556837030892
725,CNC1=CN=C(N(CC(=O)NC(C(C)C)C(=O)C(F)(F)F)C1=O)c2ccc(F)cc2,-0.281224147824498
726,CCN(C1CCN(CCC(c2ccccc2)c3ccc(cc3)S(=O)(=O)C)CC1)C(=O)Cc4ccc(cc4)S(=O)(=O)C,-0.3899415519698057
727,Cc1cc(C)cc(c1)c2c(O)nc3cc(Cl)c(cc3c2OCCC4CCCCN4)C(=O)Nc5ccncn5,-0.4150301836956459
728,OC(=O)c1c(Sc2ccccc2)c3cc(Cl)ccc3n1Cc4ccc(Cl)cc4,0.6386923487896429
729,Nc1nc2cc3CCN(Cc4cnc[nH]4)CCc3cc2s1,-1.937073841729952
730,NCC(O)(c1ccccc1)c2ccccc2,-1.084060363051385
731,CN(C(CN1CCCC1)c2ccccc2)C(=O)Cc3ccc(Cl)c(Cl)c3,0.9899331929514058
732,CCNc1nc(Nc2ccccc2)nc(n1)C#N,0.7641355074188438
733,C[C@H]1O[C@H]([C@H](O)[C@@H]1O)n2cnc3c(N)nc(OC4CCC(F)(F)CC4)nc23,-0.6491907464701546
734,NS(=O)(=O)c1ccc(CCNc2ccc3nnc(c4ccccc4)n3n2)cc1,-0.0052491988402558
735,C[C@@H]1CN(C[C@H](C)O1)c2nc(N3CCOC[C@@H]3C)c4ccc(nc4n2)c5ccccc5,1.299359650903435
736,[O-][S+](CCC1C(=O)N(N(C1=O)c2ccccc2)c3ccccc3)c4ccccc4,-2.263226054165875
737,CCOC(=O)c1ccccc1c2csc(NS(=O)(=O)c3ccc(Cl)cc3)n2,0.195459854966466
738,NC(=N)NCCC[C@H](NC(=O)COCC(c1ccccc1)c2ccccc2)C(=O)O,-1.6861875244715498
739,Cn1nc(cc1NC(=O)Nc2ccc(Cl)cc2)C(C)(C)C,1.4833429502262634
740,Nc1cccc(CCc2ccc3cc[nH]c3c2)n1,0.504886312918495
741,C[C@@H](Oc1ccc(cc1C(=O)N2CCN(CC2)c3ncc(cc3F)C(F)(F)F)S(=O)(=O)C)C(F)(F)F,1.08192484261282
742,COc1ccc(cc1)S(=O)(=O)NC2=CC=C(N(CC(=O)NC(C(C)C)C(=O)C(F)(F)F)C2=O)c3ccccc3,0.253999995660093
743,CCN1C=C(C(=O)O)C(=O)c2cc(F)c(N3CCNC(C)C3)c(F)c12,-2.756635811440732
744,Nc1ccccc1NC(=O)c2ccccn2,-1.0004315906319174
745,O=C(NC1(CC1)C#N)[C@@H]2CCCC[C@H]2C(=O)N3CCc4oc5ccccc5c4C3,0.6805067349993764
746,CCS(=O)(=O)c1ccc(c(C)c1)c2cc(Cl)ccc2OCC(=O)O,-2.380306335553129
747,Nc1ccc(N=Nc2ccccc2)c(N)n1,0.8561271570802582
748,OC(=O)c1ccccc1Nc2cccc(c2)C(F)(F)F,-0.1557809891952972
749,Clc1c(NCC2CCNCC2)nccc1C(=O)NCC34CC5CC(CC(C5)C3)C4,-1.334946680309787
750,OCc1ccc(OC2CCN(CC3CCN(CC3)[C@@H](Cc4ccccc4)C(=O)O)CC2)cc1Cl,-1.167689135470852
751,C(=C\c1nn[nH]n1)/c2ccccc2,-2.1712344045044607
752,OCCN1CCN(CCCN2c3ccccc3Sc4ccc(Cl)cc24)CC1,1.1739164922742342
753,CC(C)n1nc(C)c(C(=O)N[C@@H](C)C(C)(C)C)c1NS(=O)(=O)c2ccc(C)cc2,-1.0255202223577575
754,CCOC(=O)c1c(nc2cc(C)ccn12)c3ccccc3,1.3411740371131686
755,CCOc1ccc2C=CC(=O)Oc2c1,0.003113678401691
756,Fc1cnc(NC(=O)C(CC2CCOCC2)c3ccc(cc3)S(=O)(=O)C4CC4)s1,0.9230301750158318
757,NC(=N)Nc1nc(CSCCC(=N)NS(=O)(=O)N)cs1,-2.3384919493433958
758,CC(C)C(NC(=O)CN1C(=O)C(=CC=C1c2ccccc2)NS(=O)(=O)C)C(=O)C(F)(F)F,-0.3564900430020187
759,Nc1ncnc2c1ncn2[C@@H]3O[C@H](CSCCCNC(=O)Nc4ccc(Cl)cc4)[C@@H](O)[C@H]3O,0.253999995660093
760,Cc1oncc1C(=O)Nc2ccc(cc2)C(F)(F)F,1.4248028095326362
761,CN(c1ccc2c(C)n(C)nc2c1)c3ccnc(Nc4ccc(C)c(c4)S(=O)(=O)N)n3,0.9230301750158318
762,C[C@H](NC(=O)c1c(C)nn(C2CCSCC2)c1NS(=O)(=O)c3ccc(C)cc3)C(C)(C)C,-0.7579081506154621
763,OC(c1ccccc1)c2cccnc2,-0.3983044292117524
764,O=C(Nc1nccs1)c2ccccc2,0.195459854966466
765,CC1(O)CN(C1)S(=O)(=O)c2ccc3C(=CNC(=O)c3c2)C(=O)NC[C@@H](O)CN4CCC(CC4)Oc5ccc(Cl)c(Cl)c5,0.28745150462788
766,CC(C)NNC(=O)c1ccncc1,-1.5607443658423488
767,Nc1c(NC2CCCCC2)nc(nc1N3CCOCC3)C#N,0.5132491901604419
768,O=C1COC2(CCN(CC2)S(=O)(=O)c3ccc(cc3)c4ccc5cnccc5c4)CN1C6CC6,0.9397559294997252
769,CN1CCN(CC1)C(=O)OC2N(C(=O)c3nccnc23)c4ccc(Cl)cn4,-0.91680281821245
770,CN([C@@H]1CCN(Cc2ccc(nc2)C(F)(F)F)C[C@@H]1F)C(=O)Cc3ccc(cc3)n4cnnn4,-0.3314014112761785
771,COc1c(cc2ccccc2c1C(=O)N(C)C[C@@H](CCN3CCC(CC3)c4ccc(O)cc4[S+](C)[O-])c5ccc(Cl)c(Cl)c5)C#N,1.0902877198547667
772,CN(C)C(=O)[C@H](Cc1ccccc1)NC(=O)c2cc3cc(F)ccc3[nH]2,1.0902877198547667
773,Cc1cc(CN2Cc3ccccc3C2C(=O)Nc4cc(Cl)ccc4Cl)ccc1OCC(=O)O,-0.0052491988402558
774,Cc1ccc(cc1)C(=O)c2cc(O)c(O)c(c2)[N+](=O)[O-],-1.217866398922533
775,Cc1cc(C)cc(CCOCCS(=O)(=O)NCCNCCc2ccc(O)c3nc(O)sc23)c1,0.2121856094503595
776,CN1CCN(CC1)c2ccc3N=CN(C(=O)c3c2)c4cc(NC(=O)c5ccccc5F)ccc4C,0.4630719267087614
777,CCN(CC)C(=O)c1ccc(cc1)C2=CC3(CCNCC3)Oc4cccc(O)c24,-1.3851239437614673
778,COc1ccc(NC(=O)c2oc(Nc3ccccc3F)nn2)cn1,0.8394014025963648
779,COc1ccc2cc(ccc2c1)C(C)C(=O)O,-1.6443731382618163
780,CCS(=O)(=O)c1ccc2OCC(=O)N(CCN3CCC(CC3)NCc4ccc5OCC(=O)Nc5n4)c2c1,-1.9287109644880047
781,CCN(CC)CCOc1ccc(cc1)\C(=C(\Cl)/c2ccccc2)\c3ccccc3,1.583697477129624
782,CC(=O)[C@H]1CC[C@H]2[C@@H]3CCC4=CC(=O)CC[C@]4(C)[C@H]3CC[C@]12C,1.458254318500423
783,Clc1ccc(cc1)C(=O)CN2C3=NCCN3c4ccccc24,0.3543545225634539
784,Cn1cc(cc1c2c3C(=O)N(CC=C)C(=O)N(CC4CC4)c3nn2Cc5ccnc6ccc(Cl)cc56)C#N,1.734229267484665
785,O[C@@H](CNCCSCCCNCCc1cccc(c1)C(F)(F)F)c2ccc(O)c3NC(=O)Sc23,-0.824811168551036
786,COC(=O)c1ccc2OCC(=O)N(CCN3CCC(CC3)NCc4ccc5OCC(=O)Nc5n4)c2c1,-1.142600503745012
787,Cc1nnc2CN=C(c3ccccc3)c4cc(Cl)ccc4n12,-0.1808696209211373
788,Cc1cc(C)nc(SCC(=O)N)n1,-1.6443731382618163
789,Oc1cc(O)cc(\C=C\c2ccc(O)c(O)c2)c1,-0.0721522167758298
790,CC(C)C(NC(=O)CN1C(=O)C(=CC=C1c2ccccc2)NC(=O)C)C(=O)C(F)(F)F,-0.3481271657600719
791,CNc1nc(C)c(s1)c2nc(Nc3cccc(c3)N4CCCN(CC4)C(=O)C)ncc2C#N,0.8394014025963648
792,CS(=O)(=O)c1cccc(Nc2nccc(Nc3c(Cl)ccc4ccoc34)n2)c1,1.2575452646937015
793,CN(C)c1ccnc2sc(C(=O)N)c(N)c12,-0.4150301836956459
794,COc1cc(ccc1Nc2ncc(Cl)c(n2)c3cnc4cc(Cl)ccn34)N5CCN(CC5)C(=O)C,1.6756891267910383
795,CO[C@@H]1C[C@@H](N(Cc2cc3c(Nc4cccc(Cl)c4F)ncnc3cc2OC)C1)C(=O)N,0.7474097529349504
796,COc1ccc(N(C(C(=O)NC2CCCC2)c3ccccc3F)C(=O)c4ccccc4)c(OC)c1,1.391351300564849
797,CN1c2ccccc2C(NCCCCCCC(=O)O)c3ccc(Cl)cc3S1(=O)=O,-0.7244566416476751
798,C[C@H](CO)Nc1nc(SCc2cccc(F)c2F)nc3NC(=O)C(=Cc13)C#N,0.9397559294997252
799,COc1cc(cc(OC)c1OC)C(=O)Nc2cc(NC(=O)c3cccc(c3)N(C)C)ccc2C,0.28745150462788
800,Nc1nc2ccc(OC(F)(F)F)cc2s1,0.9564816839836188
801,CN[C@@H](C)C(=O)N[C@H](C(=O)N[C@H]1CCCN(CCc2ccc(C)cc2)C1)C(C)(C)C,-0.1223294802275102
802,C1NCC(CC=C1)c2ccc3ccccc3c2,-0.4652074471473264
803,CCN(CC)CCNC(=O)c1ccc(N)cc1,-2.6061040210856907
804,Cc1csc(NC(=O)c2cc(Sc3nncn3C)ccc2N)n1,0.0867424508211581
805,C[C@@H](N(CC1CCS(=O)(=O)CC1)C(=O)Cc2ccc(c(F)c2)C(F)(F)F)C3=Nc4ncccc4C(=O)N3c5ccc(Cl)cc5,0.5885150853379624
806,CC(C)N1CCN(Cc2cnc(c(C)c2)c3ccc(cc3)C(=O)Nc4ccccc4N)CC1,-0.6324649919862612
807,C[C@H](CO)Nc1nc(SCc2ccccc2)nc3nc(N)sc13,0.7724983846607908
808,Nc1ccc2ccccc2n1,-0.4150301836956459
809,C[C@H]1C[C@H]2[C@@H]3CC[C@](O)(C(=O)CO)[C@@]3(C)C[C@H](O)[C@@H]2[C@@]4(C)C=CC(=O)C=C14,-0.0637893395338828
810,CCC(=O)N1CCN(CC1)C(=O)c2cc(CC3=NNC(=O)c4ccccc34)ccc2F,-0.8164482913090892
811,CCN(C1CCN(CCC(c2ccccc2)c3ccccc3)CC1)C(=O)NCc4ccc(F)cc4,1.4248028095326362
812,Cn1cncc1c2c3C(=O)N(CC#CCO)C(=O)N(CC4CC4)c3nn2Cc5ccnc6ccc(Cl)cc56,0.2958143818698265
813,CC1=C(C(=O)N(C[C@H](N)c2ccccc2)C(=O)N1Cc3c(F)cccc3F)c4ccc5OCOc5c4,0.3961689087731875
814,OC(=O)c1cc(nc2ccc(F)cc12)c3ccncc3,-2.5057494941823304
815,NC1(CCC1)c2ccc(cc2)c3nc4ccccn4c3c5ccccc5,0.504886312918495
816,Cc1ccc(NC(=O)c2cccc(c2)C(F)(F)F)cc1NC(=O)c3cccnc3,0.7641355074188438
817,Nc1ccccc1NC(=O)c2ccc(cc2)c3ncc(CN4CCC4)cc3C#N,-0.8164482913090892
818,Oc1oc(c2ccccc2)c(n1)c3ccccc3,1.0233847019191928
819,Oc1ccc(CCNCCCS(=O)(=O)NCCOCCSc2ccccc2)c3sc(O)nc13,-0.2979499023083915
820,CNC(=O)Nc1cc(sc1C(=O)N)c2ccccc2,0.4296204177409745
821,CN(C)C(=O)C(CCN1CCC(O)(CC1)c2ccc(Cl)cc2)(c3ccccc3)c4ccccc4,1.0651990881289266
822,C[C@H](Nc1nc(Nc2ncc(C#N)s2)cc(n1)N3CCOCC3)c4ncc(F)cn4,0.0532909418533711
823,NC1(CCN(CC1)c2ncnc3[nH]ccc23)C(=O)NC(CO)c4ccc(Cl)cc4,0.1703712232406256
824,CCn1c(SCC(=O)Nc2c(cnn2c3ccccc3)C#N)nnc1c4cccs4,-0.0805150940177763
825,C[C@@H](NC(=O)c1c(C)nn(c1NS(=O)(=O)c2ccc(C)cc2)c3ccccc3)C(C)(C)C,-0.8331740457929828
826,CC(C)C(NC(=O)CN1C(=O)C(=CN=C1c2cccs2)NC(=O)OCc3ccccc3)C(=O)C(F)(F)F,-0.1474181119533503
827,CC(C)OC(=O)C1=CN(Cc2c(F)cccc2F)c3sc(c(CN(C)Cc4ccccc4)c3C1=O)c5ccc(NC(=O)C(C)C)cc5,1.0902877198547667
828,CC12NC(Cc3ccccc13)c4ccccc24,-0.4150301836956459
829,Oc1ccc(CCNCCCS(=O)(=O)NCCOCCc2cccc(c2)C(F)(F)F)c3sc(O)nc13,0.3543545225634539
830,CC1=CN([C@H]2CCCN(Cc3cccc(Oc4cccc(Br)c4)c3)C2)C(=O)NC1=O,1.240819510209808
831,CC(C)CN1C(=O)N(C)C(=O)c2c1sc(Cc3ccccc3C(F)(F)F)c2C(=O)N4C[C@H](O)CO4,0.7975870163866309
832,N[C@H]1CCN(C1)c2c(Cl)cccc2\C=C\3/SC(=O)NC3=O,-0.256135516098658
833,COc1cc(OC)cc(c1)c2cc3cnc(N)nc3nc2N,-0.0470635850499893
834,CSc1ccc(OCc2ccccc2)c(c1)C(=O)Nc3ccc(cn3)C(=O)O,-0.4986589561151132
835,CC(C)C(NC(=O)CN1C(=O)C(=CN=C1c2cccnc2)NC(=O)OCc3ccccc3)C(=O)C(F)(F)F,-0.0387007078080428
836,OC(=O)COc1ccc(cc1c2ccccc2)[N+](=O)[O-],-2.413757844520916
837,OC(=O)c1ccccc1NC(=O)Nc2ccccc2,-1.937073841729952
838,O=C(NC1(CC1)C#N)[C@@H]2CCCC[C@H]2C(=O)N3CCN(CC3)c4ncc(C#N)s4,-0.8331740457929828
839,CNC(=O)c1cnn(c1NS(=O)(=O)c2ccc(C)cc2)c3ccccc3,-2.288314685891715
840,CC1=C(C(=O)N(C[C@H](N)c2ccccc2)C(=O)N1Cc3c(F)cccc3F)c4ccccc4F,0.4714348039507079
841,COc1ccc2[nH]c(cc2c1)C(=O)N3CCN(C)CC3,-0.4819332016312197
842,CC(C(=O)O)c1cccc(c1)C(=O)c2ccccc2,-1.937073841729952
843,Cc1ccnc(NS(=O)(=O)c2ccc(N)cc2)n1,-2.263226054165875
844,O=C(NCc1ccccn1)c2ccc(Oc3ccccc3)cc2,0.4212575404990279
845,CN[C@@H](C)C(=O)N[C@@H](C1CCCCC1)C(=O)N[C@H]2CCCCN(Cc3ccccc3)C2,-0.0637893395338828
846,Nc1ccccc1NC(=O)c2ccc(CNc3nccc(n3)c4cccnc4)cc2,0.0700166963372646
847,C[C@@H](COCCCS(=O)(=O)CCNCCc1ccc(O)c2nc(O)sc12)c3ccccc3,0.1034682053050516
848,COc1ccc(cc1)c2ccnc(N)n2,-0.0972408485016698
849,CC(C)Oc1cc(OCCc2cccnc2)cc(c1)C(=O)Nc3ccc(cn3)C(=O)O,-1.1593262582289054
850,C1CN2CCC1C(C2)c3oc(nn3)c4oc(cc4)c5cccnc5,-0.8331740457929828
851,O=C1NCCc2[nH]c(cc12)c3ccncc3,-0.5906506057765274
852,NC(=O)Nc1sc(cc1C(=O)N[C@H]2CCCNC2)c3ccc(F)cc3,-0.3648529202439655
853,CCS(=O)(=O)c1ccc(c(C)c1)c2cc(ccc2OCC(=O)N)C(F)(F)F,0.4797976811926549
854,COc1cc2ncc(C(=O)N)c(Nc3ccc(F)cc3F)c2cc1N4CCN(C)CC4,-0.0136120760822024
855,CN(c1cccc(c1)C(=O)Nc2ccc(C)c(NC(=O)c3ccc4ncccc4c3)c2)S(=O)(=O)C,0.504886312918495
856,CC(C)(C)OC(=O)N1CCN(CC1)c2ncc(OCc3ccncc3)cn2,1.0066589474352992
857,Clc1ccc(CNc2nc(nc3ncccc23)N4CCN(CC4)C(=O)[C@H]5CCCCN5)c(Cl)c1,0.061653819095318
858,NC(=N)Nc1oc2ccccc2n1,-0.2394097616147645
859,CC(C)C[C@H](N1CCC[C@@H](C1)N2C=C(C)C(=O)NC2=O)c3ccc(C(=O)O)c(Oc4cccc(Cl)c4)c3,-1.0589717313255445
860,Nc1ccc2c3ccccc3C(=O)c2c1,0.5885150853379624
861,COc1cccc(n1)N(C)c2ccnc(Nc3cc(cc(c3)N4CCOCC4)N5CCOCC5)n2,0.9815703157094592
862,Nc1ncc2cc(c(N)nc2n1)c3c(Br)cccc3Br,-0.1139666029855633
863,CN1CCN(CC1)c2nc3ccccc3cc2Cn4nc(c5ccc6nc(N)sc6c5)c7c(N)ncnc47,0.7474097529349504
864,COc1ccc(cn1)c2ccc3nc(N)sc3c2,0.8394014025963648
865,C(Cc1nc2ccccc2[nH]1)Cc3nc4ccccc4[nH]3,1.0902877198547667
866,Clc1ccc2C(=O)C3=C(Nc2c1)C(=O)NN(CC#Cc4ccccc4)C3=O,-0.3481271657600719
867,Cn1cncc1c2c3C(=O)N(C4CC4)C(=O)N(CC5CC5)c3nn2Cc6ccnc7ccc(Cl)cc67,1.1153763515806068
868,COc1ccc(OC)c(CNC(=O)c2cccnc2Oc3ccccc3)c1,1.1070134743386602
869,CCC(CC)C[C@@H](N1CCC[C@@H](C1)N2C=C(C)C(=O)NC2=O)c3ccc(C(=O)O)c(Oc4cccc(Cl)c4)c3,-0.4317559381795394
870,OC(=O)COc1ccc(cc1c2cc(ccc2F)C#N)C(F)(F)F,-1.970525350697739
871,Clc1ccc(NC(=O)N2CCN(C[C@H]3CN(CCO3)C4CC4)CC2)cc1Cl,0.9397559294997252
872,CCN(CC)c1ncnc2c1ncn2Cc3c(Cl)cccc3Cl,-0.791359659583249
873,Cc1ccc2c(c1)c(c(C)n2CC(=O)O)c3ccnc4cc(ccc34)C(F)(F)F,-0.3481271657600719
874,COc1ccc(cc1)C2=CC(=O)c3ccccc3N2,0.4296204177409745
875,COc1ccc(cc1)C(=O)Nc2cc(NC(=O)c3cccc(c3)N(C)C)ccc2C,0.8143127708705243
876,CN(CCOc1ccc(CC2SC(=O)NC2=O)cc1)c3ccccn3,0.253999995660093
877,O[C@@H](CNCCc1ccc(CNCCc2c(Cl)cccc2Cl)cc1)c3ccc(O)c4NC(=O)Sc34,0.0867424508211581
878,CC(C)C[C@H](N[C@@H](c1ccc(cc1)c2ccc(cc2)S(=O)(=O)C)C(F)(F)F)C(=O)NCC#N,0.8728529115641517
879,CCn1c2ccccc2c3cc(NC(=O)CCc4ccncc4)ccc13,1.299359650903435
880,Cc1nc2c(cnn2c(O)c1Cc3ccccc3)C#N,-1.2680436623742128
881,CCN(C1CCN(CCC(c2ccccc2)c3ccccc3)CC1)C(=O)Cc4ccc(cc4)C#N,1.4248028095326362
882,CCc1ccc(CCNCCCSCCNC[C@H](O)c2ccc(O)c3NC(=O)Sc23)cc1,-1.117511872019172
883,CC(C)n1c(C)ncc1c2ccnc(Nc3ccc(cc3)S(=O)(=O)CCCN(C)C)n2,-0.7328195188896218
884,C[C@H](NC(=O)c1c(C)nn(C2CCOCC2)c1NS(=O)(=O)c3ccc(C)cc3)C(C)(C)C,-1.4185754527292542
885,O=C1Nc2cc(ccc2C1c3ncnc4cc(OCCCN5CCOCC5)ccc34)C#N,0.6637809805154833
886,CCN(c1ccnc(Nc2cc(cc(c2)N3CCOCC3)N4CCOCC4)n1)c5cc(CO)ccc5C,1.3411740371131686
887,COc1cccc(CNc2nc(NC(C)C)nc3ccsc23)c1OC,1.2575452646937015
888,COc1ccc(cc1)c2nc3c(NCCCNC(=O)C4CC4)c(Br)cnc3[nH]2,-0.4066673064536992
889,CCN1CCN(CC1)C(=O)c2cc3cc(F)ccc3[nH]2,0.0700166963372646
890,COc1ccc2c(c1)c(c(C)n2CC(=O)O)c3ccnc4cc(Cl)ccc34,-0.8666255547607697
891,OC(=O)COCCN1CCN(CC1)C(c2ccccc2)c3ccc(Cl)cc3,-0.7746339050993556
892,CCOc1ccccc1N2CCN(Cc3c[nH]nc3c4ccc(F)cc4)CC2,0.9899331929514058
893,COc1ccc(cc1)c2cc(O)c3cc(Cl)ccc3n2,0.4212575404990279
894,Clc1ccc(cc1)C(=O)C2CCN(CC2)C(=O)C3CC3,0.4379832949829214
895,CN(C)c1nc(Cc2ccc(NC(=O)c3ccc(cc3)C(F)(F)F)cc2)nc(N(C)C)c1CC(=O)O,-0.6157392375023676
896,CS(=O)(=O)C1(CCOCC1)c2cc(nc(n2)c3cccc4[nH]ccc34)N5CCOCC5,0.1703712232406256
897,C1Oc2ccccc2C3=NN(CC13)c4ccccc4,1.7425921447266124
898,CC[C@H](CO)Nc1nc(SCc2ccccc2)nc3NC(=O)Sc13,0.8561271570802582
899,C[C@@H](NC(=O)c1cccnc1Oc2ccccc2)c3ccccc3,0.7892241391446843
900,C(CN1CCCC1)Oc2ccc(Nc3ncc4cc(ccc4n3)c5ccncc5)cc2,0.3878060315312409
901,OC(C(=O)OC1CN2CCC1CC2)(c3ccccc3)c4ccccc4,-0.8415369230349296
902,CC1COc2c(N3CCN(C)CC3)c(F)cc4C(=O)C(=CN1c24)C(=O)O,-2.2130487907141942
903,CCC(CC)NC(=O)c1cnn(Cc2ccccc2)c1NS(=O)(=O)c3ccc(C)cc3,-0.5655619740506872
904,Nc1cc(nc2c(cnn12)C#N)c3cccs3,0.0867424508211581
905,COc1cc2ncnc(Nc3cc(NC(=O)c4ccnc(c4)N5CCOCC5)ccc3C)c2cc1OCCN6CCOCC6,0.8310385253544178
906,COc1cc(ccc1Cn2ccc3ccc(NC(=O)OC4CCCC4)cc23)C(=O)NS(=O)(=O)c5ccccc5,0.003113678401691
907,CC(C)Oc1cc(OCCN2CCOCC2)cc3ncnc(Nc4c(Cl)ccc5OCOc45)c13,1.240819510209808
908,O[C@@H](CNCCc1ccc(NC[C@H](O)c2ccccc2)cc1)c3ccc(O)c(NC=O)c3,-1.819993560342697
909,C[C@@H](N1CCC[C@@H](C1)N2C=C(C)C(=O)NC2=O)c3ccc(C(=O)O)c(Oc4cccc(Cl)c4)c3,-2.087605632084993
910,CC(C)Oc1ccc(cc1)C(=O)Nc2cc(NC(=O)c3cccc(c3)N(C)C)ccc2C,0.7557726301768973
911,CC(C)c1onc(n1)N2CCN([C@H](C)C2)c3ncc(OCc4ccncc4C#N)cn3,0.9230301750158318
912,CN1CCOc2nc(ccc12)C#Cc3ccccc3,1.3411740371131686
913,CC1=C2C(=CC(=O)N1Cc3ccccn3)NN(C2=O)c4ccccc4Cl,-1.6694617699876564
914,CCCNC[C@@H](O)COc1ccccc1C(=O)CCc2ccccc2,-0.5321104650829002
915,Cc1cccc(c1)C(=O)N2CCC(CC2)C(=O)c3ccc(F)cc3,1.0066589474352992
916,O[C@@H](CNCCc1ccccc1CNCCc2ccccc2F)c3ccc(O)c4NC(=O)Sc34,-0.5153847105990067
917,CCN(CC)C(=O)c1ccc(cc1)C(=C2CCNCC2)c3cccc(c3)C(F)(F)F,-0.2477726388567112
918,CC(C)c1ccccc1Nc2nc(SCc3cccs3)n[nH]2,1.684052004032985
919,Fc1ccc(cc1Cl)C2CNCC=CC2,-0.7244566416476751
920,CN[C@@H](C)C(=O)N[C@H](C(=O)N[C@H]1CCCN(CCc2ccc(cc2)C(F)(F)F)C1)C(C)(C)C,0.5467006991282288
921,Cc1cccc(C(=O)N)c1NC(=O)c2ccccc2,-0.9251656954543968
922,Brc1cnc(Nc2cccc(NC(=O)N3CCCC3)c2)nc1NCCCNC(=O)c4cccs4,1.617148986097411
923,CCCCSc1nc(N)c2ncn(Cc3c(F)ccc(C)c3F)c2n1,0.6721438577574299
924,CC[C@H](NC(=O)c1c([S+](C)[O-])c(nc2c(F)cccc12)c3ccccc3)c4ccccc4,0.538337821886282
925,CC(C)Cn1cnc2c(N)nc3ccccc3c12,0.2707257501439865
926,Cc1ccccc1CCOCCCS(=O)(=O)CCNCCc2ccc(O)c3nc(O)sc23,0.538337821886282
927,O=S(=O)(N1CCOCC1)c2cccc(c2)c3cn4cccnc4n3,-0.7495452733735153
928,CCOC(=O)c1ccc(OC(=O)CCCCCN=C(N)N)cc1,0.1787341004825725
929,CNc1nc2ccccc2n1Cc3sc4N(CC(C)C)C(=O)N(C)C(=O)c4c3C(=O)N5C[C@H](O)CO5,-0.3564900430020187
930,CC(NC(C)(C)C)C(=O)c1cccc(Cl)c1,-0.0637893395338828
931,CN(C)CCCn1c2CCCCCCc2c3ccccc13,0.6386923487896429
932,Oc1c(C#N)c(nc2ccncc12)c3ccc(cc3)c4ccccc4CN5CCOCC5,-0.1641438664372438
933,COc1cc2ncnc(Nc3cccc(Cl)c3F)c2cc1CN(C)C4(CCN(C)CC4)C(=O)N,-0.0303378305660959
934,Cc1[nH]c(C(=O)NC2CCN(CC2)c3cc(cc(Cl)n3)C(=O)O)c(Cl)c1Cl,-0.3815786747278589
935,CCCc1c(OCCCSc2ccc(CC(=O)O)cc2Cl)ccc3c(CC)noc13,1.4415285640165296
936,N(c1ccccc1)c2cc(Nc3ccccc3)[nH]n2,1.3411740371131686
937,Cc1nc(N)c2nc(O)n(Cc3ccccc3)c2n1,-0.1306923574694568
938,N#Cc1cccc(c1)c2onc(n2)c3ccccn3,0.003113678401691
939,CCn1c(C)ncc1c2ccnc(Nc3ccc(cc3)C(=O)NC)n2,0.2790886273859331
940,CC(=O)Nc1ccc2ccn(c3cc(NCCN4CCCC4)n5ncc(C#N)c5n3)c2c1,0.036565187369478
941,Nc1ncnc2sc(nc12)c3c(ncn3C[C@H]4CCCO4)c5ccccc5,0.379443154289294
942,CCN(C1CCN(CCC(c2ccc(NC(=O)C)cc2)c3cccc(F)c3)CC1)C(=O)Cc4ccc(cc4)S(=O)(=O)C,0.1787341004825725
943,COC(=O)N1CCN([C@H](CN2CCCC2)C1)C(=O)Cc3ccc(Cl)c(Cl)c3,-0.1223294802275102
944,N[C@@H](Cc1c[nH]c2ccccc12)C(=O)O,-2.739910056956839
945,NCCc1ccc(O)c2nc(O)sc12,-1.5607443658423488
946,CCOC(=O)C1=Cc2ccc(O)cc2OC1=O,-0.8331740457929828
947,COc1cc(ccc1Nc2ncc(Cl)c(n2)c3cnc4ccccn34)N5CCN(CCO)CC5,0.8394014025963648
948,CCNC(=O)c1cc2c(c(cnc2[nH]1)c3cncc(c3)C(=O)N)n4ccc(n4)C(F)(F)F,-0.3230385340342318
949,Nc1nc(cs1)c2ccc(Cl)cc2,0.9313930522577788
950,CN(C)C(=O)N[C@@H]1CC[C@H](CCN2[C@@H]3CC[C@H]2C[C@H](C3)Oc4cccc(c4)C(=O)N)CC1,-1.652736015503763
951,COc1cccc(Oc2cncnc2O)c1,-1.3433095575517338
952,OC(=O)C[C@H]1[C@@H](Cc2ccccc12)NC(=O)c3cc4cc(F)ccc4[nH]3,-0.7829967823413023
953,COc1cc(Nc2nc3c(cc2F)ncn3[C@@H](CO)c4ccc(F)cn4)n[nH]1,-0.0136120760822024
954,CCn1cc(NC(=O)Cc2ccc(Oc3ccnc4ccc(F)cc34)cc2OC)cn1,1.4080770550487427
955,COc1cc2c(Nc3ccc(Cl)cc3F)ncnc2cc1OCCn4cncn4,0.8394014025963648
956,O.O.O.CC(=O)O[C@@]12CO[C@@H]1C[C@H](O)[C@]3(C)[C@@H]2[C@H](OC(=O)c4ccccc4)[C@]5(O)C[C@H](OC(=O)[C@H](O)[C@@H](NC(=O)OC(C)(C)C)c6ccccc6)C(=C([C@@H](O)C3=O)C5(C)C)C,1.0066589474352992
957,COc1ccc(OC)c(CNc2[nH]nc3cccc(Oc4ccc(cc4)S(=O)(=O)C)c23)c1,1.2659081419356482
958,NC(=O)c1cccc(OC2CCN(CC3CC3)CC2)c1,-1.426938329971201
959,CC[C@H](NC(=O)c1c([S+](C)[O-])c(nc2cc(F)ccc12)c3ccccc3)c4ccccc4,1.1906422467581277
960,Cc1ccc2c(c1)c(Sc3ccccc3)c(CC(=O)O)n2C,-0.3815786747278589
961,CC1Cc2ccccc2N1NC(=O)c3ccc(Cl)c(c3)S(=O)(=O)N,-0.3063127795503382
962,CS(=O)(=O)c1ccc(cc1)c2cc(C(=O)N[C@H]3CCCNC3)c(NC(=O)N)s2,-1.2680436623742128
963,O=C1C=CN=C2C=C(C=CN12)C#Cc3ccccc3,0.5885150853379624
964,CCc1c(C)nc(SCC(=O)Nc2nc(cs2)c3ccc(OC)cc3)nc1O,1.3244482826292752
965,NC(=O)c1cccc(O[C@H]2C[C@H]3CC[C@@H](C2)N3Cc4ccccc4)n1,-0.4066673064536992
966,CC(=O)Nc1ccc(O)cc1,-1.6276473837779226
967,O=C(Nc1ccc(nc1)N2CCOCC2)c3oc(Nc4ccccc4)nn3,0.5885150853379624
968,C[C@H](CO)Nc1nc(SCc2cccc(F)c2F)nc3nc(N)sc13,0.9146672977738852
969,O=S(=O)(Nc1cccc2[nH]ncc12)c3cccs3,-0.4150301836956459
970,Clc1ccccc1CNC(=O)c2ccccc2Oc3ccccc3,1.1571907377903403
971,Cc1cc2cc(C)c3nnc(SCC(=O)N4CCN(CC4)C(=O)c5occc5)n3c2cc1C,0.504886312918495
972,NC(=N)Nc1ccc(cc1)C(=O)Oc2ccc(cc2)[N+](=O)[O-],-1.4185754527292542
973,Oc1c2C(=O)N(NC(=O)c2nc3cc(Cl)ccc13)C(C4CC4)c5ccncc5,-1.2513179078903196
974,O[C@H](CNC(=O)C1=CNC(=O)c2c(F)cccc12)CN3CCC(CC3)Oc4ccc(Cl)c(Cl)c4,0.7975870163866309
975,CCCc1nc2c(N)nc3ccccc3c2s1,1.583697477129624
976,COc1ccccc1Nc2cc(Oc3cc(C)c(C)nc3c4ccccn4)ccn2,0.9815703157094592
977,O=C1CCOc2nc(ccc12)C#CC3CCCC3,0.6721438577574299
978,C[C@@H](NC(=O)C1(N)CCN(CC1)c2ncnc3[nH]ccc23)c4ccc(Cl)cc4,0.9230301750158318
979,CS(=O)(=O)c1ccc(CC(=O)N(C2CC2)C3CCN(CCC(c4ccccc4)c5ccccc5)CC3)cc1,0.5801522080960159
980,COc1cc2ncnc(Nc3cccc(Cl)c3F)c2cc1CN4CCC[C@H]4CC(=O)N,0.3710802770473474
981,Oc1ccc(cc1)c2ccc(cc2)C3(O)CN4CCC3CC4,-1.0422459768416512
982,Fc1cc(Cl)ccc1N2CCN(CC2)C(=O)COCc3ccncc3,0.2958143818698265
983,C1CN2CCC1C(C2)c3ccc(cc3)c4ccccc4,-0.3648529202439655
984,CCN(CC)Cc1cc(Nc2ccnc3cc(Cl)ccc23)ccc1O,0.5885150853379624
985,COc1cc2ncc(C(=O)N)c(Nc3ccc(F)cc3F)c2cc1NCCN4CCCCC4,0.2707257501439865
986,O[C@@H](CNCCCSCCNCCc1ccccc1Cl)c2ccc(O)c3NC(=O)Sc23,-1.0087944678738645
987,CC(C)C(NC(=O)CN1C(=O)c2nc(O)nc(O)c2C=C1c3ccccc3)C(=O)C(F)(F)F,-0.2644983933406047
988,O=C(N1CCNCC1)c2cc3ccccc3[nH]2,-1.334946680309787
989,Clc1cccc(Cl)c1\C(=C\n2cncn2)\OC3CCCCCC3,1.5920603543715706
990,CCN(CC)C(=O)c1ccc(cc1)[C@@H](N2CCN(Cc3ccc(F)cc3)CC2)c4cccc(NC(=O)C5CC5)c4,1.5000687047101569
991,Cc1cc(C)c2c(N)c(sc2n1)C(=O)NCc3ccccc3,1.0150218246772462
992,Clc1cccc(c1)S(=O)(=O)NCC(N2CCCCCC2)c3ccccc3,0.9982960701933526
993,CNC1=Nc2ncccc2C(=NC1c3cccs3)c4ccccc4,0.4045317860151344
994,CC(Cc1cccc(CNCCc2c(Cl)cccc2Cl)c1)NC[C@H](O)c3ccc(O)c4NC(=O)Sc34,0.1787341004825725
995,COc1ccc(cc1)c2nc(N)s[n+]2c3ccccc3,-0.0052491988402558
996,CC1CCCCC1NC(=O)c2c(C)nn(c2NS(=O)(=O)c3ccc(C)cc3)c4ccccc4,-0.2143211298889242
997,CS(=O)(=O)c1ccc(cc1)[C@@H](O)[C@@H](CF)NC(=O)C(Cl)Cl,-1.4687527161809348
998,CCS(=O)(=O)Nc1cccc2c1c(Oc3ccc(Cl)cc3)c(C)n2CC(=O)O,-2.0792427548430465
999,Fc1ccc(CN2CCN(CC2)c3ccc4nnc(n4n3)C(F)(F)F)cc1,1.0568362108869798
1000,COC(=O)CCn1cc(c2cc(NC3CC3)n4ncc(C#N)c4n2)c5cc(NC(=O)C)ccc15,0.4379832949829214
1001,CCN1C=C(C(=O)O)C(=O)c2cc(F)c(nc12)N3CCNCC3,-2.5308381259081703
1002,CN1C2CCC1CC(C2)OC(=O)C(CO)c3ccccc3,-1.911985210004112
1003,CCC(CC)NC(=O)c1c(C)nn(C(C)C)c1NS(=O)(=O)c2ccc(C)cc2,-1.0673346085674915
1004,CCCN(CCC)S(=O)(=O)c1ccc(cc1)C(=O)O,-1.8116306831007511
1005,Cc1nc2ncnn2c(O)c1CCOC(=O)c3c(F)cccc3F,-1.7029132789554433
1006,C1CNCC(C1)c2nc3ccccc3s2,-1.0004315906319174
1007,C[C@]12CCC(=O)C=C1CC[C@H]3[C@@H]4CC[C@](O)(C(=O)CO)[C@@]4(C)CC(=O)[C@H]23,-0.6659165009540481
1008,COc1ccc(cc1)S(=O)(=O)NCC(N2CCCCCC2)c3ccccc3,0.7808612619027373
1009,CC(=O)Nc1ccccc1C,-1.0004315906319174
1010,Cc1cc(C)c2c(N)c(sc2n1)C(=O)NC3CC3,0.2790886273859331
1011,Fc1cc(C(=O)Nc2cccc(c2)c3nnn[nH]3)c4nc[nH]c4c1,-1.5941958748101357
1012,COc1ccc(cc1OC)C(=O)Nc2cc(NC(=O)c3cccc(c3)N(C)C)ccc2C,0.7724983846607908
1013,COC1(CCOCC1)c2cc(F)cc(OCc3ccc4N(C)C(=O)C=Cc4c3)c2,1.1070134743386602
1014,CN1C(=O)N(CCCCC(=O)C)C(=O)c2c1ncn2C,-1.652736015503763
1015,OC(=O)COc1ccc(Cl)cc1CN2CCN(CC2)S(=O)(=O)c3ccccc3,-1.426938329971201
1016,CC(C)C(NC(=O)CN1C(=O)C(=CC=C1c2ccccc2)NC(=O)NCc3cc[n+]([O-])cc3)C(=O)C(F)(F)F,-0.8917141864866099
1017,CCCS(=O)(=O)N1CCCC(C1)C(=O)N2CCC(Cc3ccccc3)CC2,1.0401104564030863
1018,Cc1nc(C)c(nc1C(=O)N)c2ccc3c(CC[C@@]34CC[C@H](CC(=O)O)CC4)c2,-0.5822877285345807
1019,CC(C)CNCc1ccc(cc1)c2ccccc2S(=O)(=O)N3CCCC3,-0.2477726388567112
1020,CCCN(CCC)C(=O)c1cccc(c1)C(=O)N[C@@H](Cc2ccccc2)[C@H](O)CNCc3cccc(OC)c3,0.4212575404990279
1021,Brc1ccc(s1)S(=O)(=O)NCC(N2CCCCCC2)c3ccccc3,1.1070134743386602
1022,Cc1ncc(nc1c2ccc(cc2)[C@@H]3CC[C@H](CC3)C(=O)O)C(=O)N,-1.652736015503763
1023,OC(=O)COc1ccc(Cl)cc1CN2CCN(CC2)S(=O)(=O)c3ccc(F)cc3,-1.0087944678738645
1024,CC(=O)Nc1cc2c(ccn2c3cc(NC4CC4)n5ncc(C#N)c5n3)cc1C,0.3878060315312409
1025,CN1CCC[C@@H]1CCO[C@](C)(c2ccccc2)c3ccc(Cl)cc3,1.0735619653708732
1026,C[C@H]1CCCN1CCc2oc3ccc(cc3c2)c4ccc(cc4)C#N,0.8812157888060983
1027,COc1cc(c2nc(cc(n2)C3(CC3)S(=O)(=O)C)N4CCOCC4)c5cc[nH]c5c1,0.1703712232406256
1028,COc1cc(cc(OC)c1OC)C(=O)NCc2ccc(OCCN(C)C)cc2,-1.217866398922533
1029,Cc1cc(O)ccc1N2C(=O)c3ccc(O)cc3C2=O,-0.1641438664372438
1030,C[C@@H](O)[C@H](NC(=O)c1ccc(cc1)C#Cc2ccc(CN3CCOCC3)cc2)C(=O)NO,-0.1390552347114037
1031,O=S(=O)(NCC(N1CCCCCC1)c2ccccc2)c3cccnc3,-0.0805150940177763
1032,Cc1c(Sc2ccc(Cl)cc2)c3c(Cl)nccc3n1CC(=O)O,-1.0673346085674915
1033,COc1ccc(c(OC)c1)c2cncc(CNC3CCCC3)n2,-0.0470635850499893
1034,CCNC(=O)c1cc2c(c(cnc2[nH]1)c3cncc(c3)C(=O)O)n4nc(cc4C)C(F)(F)F,-2.572652512117904
1035,CC1=CN([C@H]2CCCN(C2)[C@@H](CC(C)(C)C)c3ccc(C(=O)O)c(Oc4cccc(Br)c4)c3)C(=O)NC1=O,-0.9000770637285566
1036,CC1=CN([C@H]2CCCN(C2)S(=O)(=O)c3ccc(C(=O)O)c(Oc4ccc(Cl)c(Cl)c4)c3)C(=O)NC1=O,-2.564289634875957
1037,CC(C)C(NC(=O)CN1C(=O)C(=CC=C1c2ccccc2)NC(=O)OCc3cc(C)nc(C)c3)C(=O)C(F)(F)F,0.1536454687567321
1038,Oc1ncnc2scc(c3ccccc3)c12,-0.1056037257436167
1039,CCCc1c(O)c(ccc1OCCCOc2ccc3C(=O)C=C(Oc3c2CCC)C(=O)O)C(=O)C,0.6721438577574299
1040,COCCC(=O)N[C@H](C)c1ccc(Nc2ncc3cc(ccc3n2)c4ccncc4)cc1,0.7390468756930038
1041,C[C@H](Cc1cccc(CC(=O)NC23CC4CC(CC(C4)C2)C3)c1)NC[C@H](O)c5ccc(O)c(CO)c5,0.1703712232406256
1042,COc1ccccc1Oc2c(NS(=O)(=O)c3ccc(cc3)C(C)(C)C)nc(nc2OCCO)c4ncccn4,-0.9753429589060773
1043,Cc1c[nH]c(n1)c2cnc(NCCNc3ccc(cn3)C#N)nc2c4ccc(Cl)cc4Cl,1.391351300564849
1044,CN[C@@H](C)C(=O)N[C@@H](C1CCCCC1)C(=O)N[C@H]2CCN(C2)C(=O)Cc3ccccc3,-1.1593262582289054
1045,Cc1cc(CN2Cc3ccccc3C[C@H]2C(=O)Nc4ccc(Cl)cc4Cl)ccc1OCC(=O)O,0.1787341004825725
1046,Cn1cc(cc1c2c3C(=O)N(CCO)C(=O)N(CC4CC4)c3nn2Cc5ccnc6ccc(Cl)cc56)C#N,0.6721438577574299
1047,Nc1ncc(NC(=O)c2cc(NC(=O)c3cccc(c3)C(F)(F)F)ccc2Cl)cc1Cl,0.8895786660480448
1048,CN[C@H]1CCN(C1)C(=O)c2ccc(Nc3nccc(n3)c4cnc(C)n4C(C)C)cc2,-0.8164482913090892
1049,C[C@H](NC(=O)c1c(NS(=O)(=O)c2ccc(C)cc2)n(nc1C(F)(F)F)c3ccccc3)C(C)(C)C,0.128556837030892
1050,Oc1ccc2OC(=CC(=O)c2c1)c3ccccc3,1.1739164922742342
1051,C[C@H]1C[C@H](CN1C#N)NS(=O)(=O)c2cc(Br)ccc2Br,-0.0554264622919363
1052,C[C@@H](c1ncncc1F)[C@](O)(Cn2cncn2)c3ccc(F)cc3F,-0.4150301836956459
1053,NC(=O)c1cc(C(=O)N)n(n1)c2cccc(c2)c3cc(ccc3C(F)(F)F)C(F)(F)F,1.0066589474352992
1054,COc1cc2c(ncnc2cc1OCCCN3CCCCC3)N4CCN(CC4)C(=O)Nc5ccc(OC(C)C)cc5,0.3376287680795604
1055,COc1ccc(OC)c(c1)c2c(F)ccc3c(N)c(nnc23)C(=O)NC(C)C,1.3160854053873283
1056,COc1cc(OC)c(cc1NC(=O)NCC(=O)O)S(=O)(=O)N2C(C)CCc3ccccc23,-2.6897327935051583
1057,COc1cc(OC)c(cc1NC(=O)C)S(=O)(=O)N2C(C)CCc3ccccc23,-0.189232498163084
1058,COc1cc(OC2CCN(C)CC2)c3c(Nc4cccc5OCOc45)ncnc3c1,0.6888696122413234
1059,CCN(C1CCN(CC[C@H](C2CCN(CC2)S(=O)(=O)C)c3cccc(F)c3)CC1)C(=O)Cc4ccc(cc4)S(=O)(=O)C,-0.6324649919862612
1060,Oc1ccc(cc1)C2=Cc3ccc(O)cc3OC2,1.3411740371131686
1061,O[C@@]1(CN2CCC1CC2)C#Cc3ccc(Oc4ccc(cc4)C(=O)NCc5ccncn5)cc3,-0.3564900430020187
1062,CCCSc1ncccc1C(=O)NC2CCCCC2,0.8728529115641517
1063,Cc1ccc(NC(=O)c2ccnc(c2)N3CCOCC3)cc1Nc4ccnc(Cl)n4,0.7557726301768973
1064,COc1ccc(C[C@@H](C)NC[C@H](O)c2ccc(O)c(NC=O)c2)cc1,-1.4854784706648283
1065,Fc1ccc(cc1)C(NC(=O)CC2CCN(Cc3ccn(c3)c4ccc(cc4)C(F)(F)F)CC2)C5=CNC(=O)C(=C5)Cl,0.7724983846607908
1066,CCOC(=O)C1(CCN(C)CC1)c2ccccc2,-0.6659165009540481
1067,O=C(COc1ccccc1)c2ccccc2,0.5634264536121224
1068,Cc1ccsc1CN2NC(=O)C3=C(C2=O)C(=O)c4ccc(Cl)cc4N3,-0.8749884320027165
1069,C[C@@H]1CN(CCN1c2ncc(OCc3ccncc3C#N)cn2)C(=O)OC(C)(C)C,0.9481188067416724
1070,COc1cc(OC)c2nc(C)c3CCN(c4ccc(O)cc4)c3c2c1,-0.5822877285345807
1071,CNC(=O)c1ccc2C(=O)C=C(Nc2c1)c3cccnc3,-0.9920687133899708
1072,Nc1ccccc1[N+](=O)[O-],-2.6395555300534776
1073,CN1CC(c2ccccc2)c3cccc(N)c3C1,-0.0972408485016698
1074,CNc1ccc(cc1)c2nc3ccc(O)cc3s2,1.0902877198547667
1075,COc1cc2ncnc(Nc3ccccc3)c2cc1OC,0.7055953667252168
1076,Cc1ccc2c(n1)c(Sc3ccc(Cl)cc3)c(C)n2CC(=O)O,-1.5440186113584553
1077,NC(=N)N1CCc2ccccc2C1,-2.681369916263212
1078,CC[C@@H](CO)Nc1nc(SCc2ccccc2)nc3nc(N)sc13,0.6637809805154833
1079,Fc1ccccc1Nc2oc(nn2)C(=O)Nc3ccc(N4CCOCC4)c(F)c3,1.1739164922742342
1080,COc1cc2ncnc(Nc3cccc(Cl)c3F)c2cc1CN(C)[C@@H](C)C(=O)N,1.0233847019191928
1081,CN1SC(=O)c2cc(ccc12)S(=O)(=O)NC3CC3,-0.7495452733735153
1082,O=C(NC1(CC1)C#N)[C@@H]2CCCC[C@H]2C(=O)N3CCN(CC3)c4nc5ncccc5s4,-0.6659165009540481
1083,CN(c1ccnc(Nc2cc(nc(n2)N3CCOCC3)N4CCOCC4)n1)c5cc(CO)ccc5C,1.4248028095326362
1084,CC1=CN([C@H]2CCCN(C2)S(=O)(=O)c3ccc(CO)c(Oc4cccc(Cl)c4)c3)C(=O)NC1=O,0.4128946632570809
1085,Fc1ccc(NC(=S)N2CCC(CC2)C(=O)c3ccc(F)cc3)cc1,1.0066589474352992
1086,C(Cc1ccccc1)NCc2ccccc2,-0.4568445699053796
1087,Cc1ccc(c(C)c1)c2nnc(O)c3ccccc23,1.0150218246772462
1088,COc1cc(ccc1Nc2ncc(Cl)c(n2)c3cnc4ccccn34)N5CC6COCC(C5)N6,0.6721438577574299
1089,Cc1nnc2CN=C(c3ccccc3Cl)c4cc(Cl)ccc4n12,0.1201939597889451
1090,Oc1ccc(cc1)C2CNCCc3c(Cl)c(O)c(O)cc23,-1.109148994777225
1091,CC(O)(C(=O)c1ccccc1)c2ccccc2,0.605240839821856
1092,OC(=O)[C@H](Cc1ccc(OCCNc2nc3ccccc3[nH]2)cc1)NC(=O)c4c(Cl)cccc4Cl,-1.334946680309787
1093,CCOC(=O)Nc1cccc(c1)[C@H](N2CCN(Cc3c[nH]c(C)n3)CC2)c4ccc(cc4)C(=O)N(C)CC,-0.0721522167758298
1094,Cc1oc(cc1C(=O)Nc2cccc(c2)C(=O)O)c3ccccc3,-0.4735703243892731
1095,COc1cc(F)ccc1c2cncc(CNC(=O)c3ccccc3)c2,1.3077225281453817
1096,CN1CCN(CC1)C2=Nc3ccccc3Oc4ccc(Cl)cc24,0.8728529115641517
1097,CN(C)CCCNS(=O)(=O)c1ccc(Nc2nccc(n2)c3cnc4cccnn34)cc1,-0.6659165009540481
1098,CN(C)C[C@H](O)Cc1ccc(Cl)c(c1)C(=O)NCC23CC4CC(CC(C4)C2)C3,-0.0052491988402558
1099,Clc1ccc(NC(=O)N2CCN(C[C@@H]3CCCN(CC4CC4)C3)CC2)cc1Cl,0.28745150462788
1100,COc1cc2c(Nc3ccc(F)c(Cl)c3)c(cnc2cc1OCCN(C)CCO)C(=O)N,0.8394014025963648
1101,CC(CN1c2ccccc2Sc3ccccc13)N(C)C,0.3961689087731875
1102,O[C@]1(CN2CCC1CC2)C#Cc3ccc(Oc4ccc(cc4)C(=O)NC5CCS(=O)(=O)C5)cc3,-0.4652074471473264
1103,C[C@@](O)(C(=O)Nc1ccc(cc1Cl)S(=O)(=O)NCCN2CCOCC2)C(F)(F)F,-0.0470635850499893
1104,COc1cc(ccc1Nc2ncc(Cl)c(n2)c3cnc4c(OC)cccn34)N5CCN(CC5)C(=O)C,1.0902877198547667
1105,OCc1ccc2ccn(c3cc(NC4CC4)n5ncc(C#N)c5n3)c2c1,0.7474097529349504
1106,COc1cc(OC2CCN(CC2)C(=O)C)ccc1Nc3ncc(Cl)c(n3)c4cnc5ccccn45,1.5084315819521037
1107,Clc1ccc(OC2CCN(CC2)C3CCN(CC3)C(=O)C4=CNC(=O)c5ccccc45)cc1Cl,1.0986505970967133
1108,Cc1ccc(cc1NC(=O)c2ccc(OCc3ccccn3)cc2)c4[nH]cnc4C,0.5634264536121224
1109,COc1cc2CC(CC3CCN(Cc4ccccc4)CC3)C(=O)c2cc1OC,0.1787341004825725
1110,NC1=CC2=NNC(=O)N2c3cc(ccc13)c4occc4,0.2372742411761995
1111,O[C@@H](CNCCc1cccc(CNCCc2c(Cl)cccc2Cl)c1)c3ccc(O)c4NC(=O)Sc34,0.7975870163866309
1112,Nc1nccc(\C=C\c2ccc(Cl)cc2)n1,1.0902877198547667
1113,C[C@H](CO)N1C=Cc2c(NC(=O)Cc3ccc(Cl)c(c3)C(F)(F)F)cccc2C1=O,1.08192484261282
1114,CS(=O)(=O)c1ccc(c(Cl)c1)c2cc(ccc2OCC(=O)O)C(F)(F)F,-2.271588931407821
1115,C[C@@](O)(C(=O)Nc1ccc(cc1Cl)S(=O)(=O)C)C(F)(F)F,-0.0972408485016698
1116,COc1cc2ncc(C(=O)N)c(Nc3ccc(F)cc3F)c2cc1OC,0.6303294715476964
1117,CC1=C(CCC(=O)O)C(=O)Oc2cc(O)ccc12,-2.4221207217628624
1118,NC1(CCN(CC1)c2ncnc3[nH]ccc23)C(=O)NC(CCCN4CCCC4)c5ccc(Cl)cc5,-0.7495452733735153
1119,Cc1ccc2nc(NCCN)c3ncc(C)n3c2c1,-1.1007861175352784
1120,CC(C)(C)Cn1c(CN2C(=O)CC3(CCNCC3)C2=O)cc4cnc(nc14)C#N,-1.2095035216805858
1121,CCC[C@H]1CN(Cc2cc(Cl)ccc2OCC(=O)O)CCN1S(=O)(=O)c3ccccc3,-0.983705836148024
1122,Nc1n[nH]c2nnc(c3ccccc3)c(c4ccccc4)c12,0.3376287680795604
1123,CNC(=O)[C@H]1CCCN1Cc2cc3c(Nc4cccc(Cl)c4F)ncnc3cc2OC,1.2157308784839678
1124,Cc1ccc2c(c1)c(c(C)n2CC(=O)O)c3ccnc4c(cccc34)S(=O)(=O)C,-2.12105714105278
1125,COc1c(C)c2COC(=O)c2c(O)c1C\C=C(/C)\CCC(=O)OCCN3CCOCC3,0.0532909418533711
1126,CS(=O)(=O)Cc1cc(nc(n1)c2ccccc2)N3CCOCC3,-0.2143211298889242
1127,FC(F)(F)Oc1ccccc1S(=O)(=O)NCC(N2CCCCCC2)c3ccccc3,1.583697477129624
1128,CCCC1=CC(=O)NC(=S)N1,-1.2513179078903196
1129,COc1cc(ccc1Nc2ncc(Cl)c(n2)c3cnc4cc(ccn34)N5CCCC5)N6CCN(CC6)C(=O)C,1.0902877198547667
1130,NCC[C@@H](Oc1ccc(Cl)cc1C#N)c2ccccc2,-1.075697485809438
1131,COc1ccc2ncc(F)c(CCN3CCC(CC3)NCc4cc5OCCOc5cn4)c2n1,-0.6157392375023676
1132,CC1N=C(N)N=C(N)N1c2ccc(Cl)cc2,-2.5057494941823304
1133,Nc1nonc1\C(=N\O)\Nc2ccc(F)c(Cl)c2,0.4212575404990279
1134,CCN1N(C2CCCC2)c3nc(Nc4ccc(cc4OC)C(=O)NC5CCN(C)CC5)ncc3N(C)C1=O,0.4630719267087614
1135,C1Oc2ccc(Oc3cc(Oc4ccc(cc4)n5ccnc5)ncn3)cc2O1,0.8143127708705243
1136,Cc1cc(CCC2CCN(CC2)S(=O)(=O)CC3(CCOCC3)N(O)C=O)c(C)cn1,-0.6408278692282079
1137,CNC(=O)c1ccc(C)c(c1)N2C(=CC(=C(Br)C2=O)OCc3ccc(F)cc3F)C,0.504886312918495
1138,[O-][N+](=O)c1cc(ccc1NCCSc2ccccc2)S(=O)(=O)NC(=O)c3ccc(cc3)N4CCNCC4,-1.8701708237943784
1139,CC(C)N(c1ccnc(Nc2cc(cc(c2)N3CCOCC3)N4CCOCC4)n1)c5cc(CO)ccc5C,1.4248028095326362
1140,CCCN[C@H]1CCc2nc(N)sc2C1,0.7975870163866309
1141,CC(C)(C)OC(=O)N1CCN(CC1)c2ncc(OCc3ccncc3S(=O)(=O)C)cn2,0.1703712232406256
1142,CCN(C1CCN(CCC(c2ccccc2)c3ccc(cc3)C#N)CC1)C(=O)Cc4ccc(cc4)S(=O)(=O)C,0.4714348039507079
1143,Cc1cccc(C[C@H](N2CCC(CN3CCC(CC3)Oc4ccc(Cl)c(Cl)c4)CC2)C(=O)O)c1,0.538337821886282
1144,Oc1cc(nc2ccnn12)c3ccccc3,-0.7495452733735153
1145,COc1cc2ncnc(Nc3ccc(F)c(Cl)c3)c2cc1OCCCN4CCCCC4,0.9230301750158318
1146,CCC1(CCC(=O)NC1=O)c2ccc(N)cc2,-1.334946680309787
1147,Oc1cccc(NC(=O)c2ccc(OCCCN3CCCC3)cc2OCc4cccnc4)c1,-0.50702183335706
1148,O=C(NC1CCCC1)C(N(Cc2occc2)C(=O)c3ccc([nH]3)c4ccccc4)c5ccncc5,1.8094951626621865
1149,OB(O)c1ccccc1C=O,-1.142600503745012
1150,CN1[C@@H]2CC[C@H]1C[C@H](C2)OC(=O)C(O)c3ccccc3,-2.91553047903772
1151,CCC[C@@H](CNC(=O)c1nc(Cl)c(N)nc1N)[N+](C)(C)CCCc2ccc(OC)cc2,-1.5022042251487218
1152,CN1CCC(CC1)Oc2cccc3ncnc(Nc4ccc(OCc5cnccn5)c(Cl)c4)c23,0.8477642798383113
1153,NS(=O)(=O)c1cccc2c3nc(O)c(O)nc3cc(c12)[N+](=O)[O-],-1.535655734116509
1154,Cn1cc(cn1)c2cccc(C[C@H](NC(=O)c3cc(nn3C)C(C)(C)C)C(=O)NCC#N)c2,0.3376287680795604
1155,CC(C)C[C@H](CO)Nc1nc(S[C@@H](C)c2ccccc2)nc3NC(=O)Sc13,1.7593178992105054
1156,CCN1CCOc2cc(COc3ccccc3)cnc12,1.2575452646937015
1157,Fc1ccc(CN2CCN(CC2)[C@H](c3ccc(cc3)C(=O)N4CCC4)c5cccc(NC(=O)C6CC6)c5)cc1,1.1571907377903403
1158,Cc1ccc(cc1NC(=O)c2ccc(OCc3ccccn3)cc2)c4nc5ccccc5[nH]4,0.8728529115641517
1159,CCS(=O)(=O)c1ccc(Oc2cc3nc([nH]c3cc2CN4C(=O)CCC4=O)c5ccccn5)cc1,-0.1641438664372438
1160,Cc1ccc(cc1NC(=O)c2ccc(OCc3ccccn3)cc2)c4cn(C)cn4,0.28745150462788
1161,COc1c(Nc2ccc(nc2C)S(=O)(=O)C)ncnc1OC3CCN(CC3)C(=O)OC(C)C,0.1703712232406256
1162,O=C(Nc1nccs1)c2cccnc2,0.0449280646114246
1163,Oc1ccc(Cl)cc1C(=O)Nc2ccccc2,0.5885150853379624
1164,CC[C@@H](N1CCC[C@@H](C1)N2C=C(C)C(=O)NC2=O)c3ccc(C(=O)O)c(Oc4cccc(Cl)c4)c3,-1.652736015503763
1165,COc1cc(N2CCN(C)CC2)c3nc(cc(N(C)C)c3c1)C(=O)Nc4ccc(cc4)N5CCOCC5,0.9230301750158318
1166,OC(=O)[C@H](Cc1cccc(OCCCNc2ccccn2)c1)NC(=O)c3c(Cl)cccc3Cl,-1.7029132789554433
1167,Oc1cc(cc(c1)C(F)(F)F)C(=O)Nc2cccc(c2)c3nnn[nH]3,-1.167689135470852
1168,COc1cc2c(Nc3ccc(F)c(Cl)c3)c(cnc2cc1OCCCN4CCN(C)CC4)C(=O)N,-0.8331740457929828
1169,OC(=O)c1c(C#N)c2ccccc2n1Cc3ccc(Cl)c(Cl)c3,-0.7829967823413023
1170,Cc1onc(CO)c1C(=O)Nc2nccs2,-0.5571990968087404
1171,Oc1c(C#N)c(nc2ccncc12)c3ccc(cc3)c4ccccc4C(F)(F)F,0.9230301750158318
1172,COc1cccc(c1)c2c[nH]c(n2)c3ccccc3,1.3411740371131686
1173,O[C@@H](CNCCCSCCNCCc1cccc(Cl)c1)c2ccc(O)c3NC(=O)Sc23,-0.9502543271802372
1174,CC1(CC1)c2c(cnn2c3ccc(cc3)C(=O)O)C(=O)NC4C5CC6CC(CC4C6)C5,-0.9084399409705032
1175,Nc1ccc2cn[nH]c2c1,-1.4018496982453608
1176,C[C@H](NC(=O)C)c1ccc(Nc2ncc3cc(ccc3n2)c4ccncc4)cc1,0.8143127708705243
1177,CC(Nc1ccccc1)C2=CC(=CN3C(=O)C=C(N=C23)N4CCOCC4)C,1.1739164922742342
1178,FC(F)c1nc2ccccc2[nH]1,-0.1474181119533503
1179,FC(F)(F)c1ccc(cc1)S(=O)(=O)N2CCN(CC2)C(=O)N3CCN(CC3)c4ccncc4Cl,1.1237392288225536
1180,CCCCSc1nc(N)c2ncn([C@@H]3O[C@H](CO)[C@@H](O)[C@H]3O)c2n1,-0.5739248512926339
1181,Nc1nnc(CCSCCc2nnc(NC(=O)Cc3ccccc3)s2)s1,-0.1641438664372438
1182,C[C@@H]1CN(CCN1c2ncc(OCc3ccc(cc3F)S(=O)(=O)C)cn2)C(=O)OC(C)(C)C,1.2575452646937015
1183,CC1(C)Oc2ncnc(N)c2N=C1c3ccc(cc3)[C@@H]4CC[C@@H](CC(=O)O)CC4,-0.7328195188896218
1184,Fc1ccc(CN2CCN(CC2)C3=Nn4c(CC3)nnc4C(F)(F)F)cc1,0.504886312918495
1185,c1ccc(nc1)c2nc3ccccc3[nH]2,0.253999995660093
1186,CN([C@@H]1CCN(Cc2nc3ccccc3s2)C[C@@H]1F)C(=O)Cc4ccc(cc4)S(=O)(=O)C,-0.0805150940177763
1187,CC1=CN([C@H]2CCCN(Cc3ccc(C(=O)O)c(Oc4cccc(C)c4)c3)C2)C(=O)NC1=O,-2.522475248666223
1188,O=C1NC(=NC(=C1C#N)c2ccccc2)SCCc3ccccc3,-0.4066673064536992
1189,CCOc1cccc(Nc2oc(nn2)C(=O)Nc3ccc(nc3)N4CCOCC4)c1,1.1739164922742342
1190,Nc1nc2nc(SCc3cccc(F)c3F)nc(O)c2s1,0.253999995660093
1191,Oc1cccc(NC(=O)c2ccc(OCCCN3CCCC3)cc2OCc4cscn4)c1,-0.5321104650829002
1192,CN1CCC(=C2c3ccccc3C=Cc4ccccc24)CC1,0.7223211212091103
1193,COc1ccc2nc(C)cc(c2c1)n3cc(CN4CCN(CC4)C(=O)C)nn3,-0.7495452733735153
1194,COC[C@H](N1CCN(C[C@@H]1C)C2(C)CCN(CC2)C(=O)c3c(C)ncnc3C)c4ccc(cc4)C(F)(F)F,0.4212575404990279
1195,COC(=O)Nc1nc2ccc(cc2[nH]1)C(=O)c3ccccc3,0.5885150853379624
1196,CC1=CN(C2CCCN(Cc3cccc(Oc4ccccc4)c3)C2)C(=O)NC1=O,0.7055953667252168
1197,CCN(C1CCN(CC[C@H](C2CCN(CC2)S(=O)(=O)C)c3cccc(c3)C(F)(F)F)CC1)C(=O)Cc4ccc(cc4)S(=O)(=O)C,-0.2477726388567112
1198,CC(C)(C)OC(=O)N1CCN(CC1)c2ccc(OCc3ccc(cc3)S(=O)(=O)C)nn2,0.504886312918495
1199,CCc1[nH]c2nc(Sc3cnc4ccc[n+]([O-])c4c3)nc(N5C[C@@H]6[C@@H](N)[C@@H]6C5)c2c1Cl,0.0867424508211581
1200,COCCOc1nc(N)c2NC(=O)N(Cc3cccc(CC(=O)OC)c3)c2n1,-0.281224147824498
1201,Clc1ccc(CN2C(=O)C(=O)c3ccccc23)cc1,0.7557726301768973
1202,OC(=O)[C@H](Cc1ccccc1)N2CCC(CN3CCC(CC3)Oc4ccc(Cl)c(Cl)c4)CC2,0.253999995660093
1203,CCN(C1CCN(CC[C@@H](c2ccc(F)cc2)c3ccc(cc3)S(=O)(=O)C)CC1)C(=O)Cc4ccc(cc4)S(=O)(=O)C,-0.2644983933406047
1204,C[C@H](CO)Nc1nc(SCc2cccc(F)c2F)nc3nc(C)cnc13,1.1321021060645002
1205,CN(C)CCCN(C)S(=O)(=O)c1ccc(Nc2nccc(n2)c3cnc4ccccn34)cc1,-0.0303378305660959
1206,Cc1cnccc1COc2cnc(nc2)N3CCN(CC3)C(=O)OC(C)(C)C,1.3411740371131686
1207,COc1ccc2C=CC(=O)N(CCN3CCC(CC3)NCc4cc5OCCOc5cn4)c2c1,-0.7411823961315686
1208,OCCc1cccc(NC(=O)c2cc3cc(Cl)ccc3[nH]2)c1,1.3662626688390092
1209,Cn1c(CN2CCN(CC2)c3ccc(Cl)cc3)nc4ccccc14,1.1237392288225536
1210,Cc1ccc(OC(=O)N2CCN3CCC2CC3)cc1,-0.983705836148024
1211,COc1ccccc1N2CCN(CCCCNC(=O)c3ccc4ccccc4c3)CC2,1.1153763515806068
1212,Cc1onc(NC(=O)CSc2nc(C)cc(C)n2)c1,-0.5655619740506872
1213,C=CCOc1cc(ccc1NC(=O)CN2CCOCC2)c3cccc4C(=O)C=C(Oc34)N5CCOCC5,0.6721438577574299
1214,CC(C)CN1C(=O)N(C)C(=O)c2c1sc(Cc3cccc4ncccc34)c2C(=O)N5CC[C@@H](O)C5,-0.1808696209211373
1215,COc1cnc(nc1N(C)c2ccccc2)c3ccccn3,0.4965234356765484
1216,CCN(C1CCN(CC[C@H](N2CCN(CC2)S(=O)(=O)C(F)(F)F)c3ccccc3)CC1)C(=O)Cc4ccc(cc4)S(=O)(=O)C,0.5550635763701754
1217,COC(=O)[C@H]1[C@@H](O)CC[C@H]2CN3CCc4c([nH]c5ccccc45)[C@@H]3C[C@H]12,-0.4568445699053796
1218,COc1ccc2nccc([C@H](O)[C@H]3C[C@@H]4CCN3C[C@@H]4C=C)c2c1,0.0114765556436376
1219,CN1CCN(CC1)c2ccc3N=CN(C(=O)c3c2)c4cc(ccc4C)C(=O)Nc5ccon5,-0.2728612705825513
1220,COc1cnc(nc1Oc2ccc(F)cc2F)c3ccccn3,0.7557726301768973
1221,Fc1ccc(cc1)C(=O)C2CCN(CC2)C(=O)NCc3ccccc3,0.7975870163866309
1222,CC(C)n1c(C)ncc1c2ccnc(Nc3ccc(cc3)C#N)n2,1.1906422467581277
1223,Nc1cc(nc2c(cnn12)C#N)c3ccc(F)cc3,0.0282023101275311
1224,CCCSc1nc(Oc2ccc(CC(=O)O)cc2)ccc1C(=O)NC3CCCCC3,-0.3397642885181252
1225,Clc1cccc(c1)S(=O)(=O)NC(=O)N2CCC(CC2)N3CCC(CC3)Oc4ccc(Cl)c(Cl)c4,0.3543545225634539
1226,CC(C)Oc1cc(OCCN2CCN(CC2)C(=O)C)cc3ncnc(Nc4c(F)ccc5OCOc45)c13,0.7223211212091103
1227,O=C1NN=C(Cc2ccccc2)c3ccccc13,0.504886312918495
1228,Cc1cc(CCCOc2c(C)cc(cc2C)c3noc(n3)C(F)(F)F)on1,1.199005124000074
1229,CC(C)C(CCCN(C)CCc1ccccc1)(C#N)c2ccccc2,1.1739164922742342
1230,COc1cc2ncnc(Nc3ccc(F)c(Cl)c3)c2cc1OCCN4CCCC4,0.9063044205319384
1231,Oc1ccc(CCNCCS(=O)(=O)CCCOCCNc2ccccc2)c3sc(O)nc13,-0.1808696209211373
1232,Oc1ccc(N2C(=O)c3ccc(O)cc3C2=O)c(F)c1,-0.0805150940177763
1233,CN(C)CC(O)COc1ccc(Nc2nccc(Nc3ccccc3C#N)n2)cc1,-0.8331740457929828
1234,CCCNC(=O)CSc1ccc(cn1)S(=O)(=O)N2CCCC2,-0.5404733423248469
1235,COc1nc(Cl)cnc1NS(=O)(=O)c2cccc3c(cccc23)N(C)C,-0.3815786747278589
1236,Cc1ccc(NC(=O)[C@@H]2CCCN2S(=O)(=O)c3cccc4cccnc34)c(C)c1,1.3411740371131686
1237,CC(C)(Cc1cccc(CC(=O)NCc2cccc(c2)c3ccc(O)cc3)c1)NC[C@H](O)c4ccc(O)c(NS(=O)(=O)C)c4,-0.2394097616147645
1238,CC(C)(C)c1ccc(cc1)c2n[nH]c(NC(=O)c3ccccc3Cl)c2Br,1.7593178992105054
1239,COc1ccccc1OCCNCC(O)COc2cccc3[nH]c4ccccc4c23,0.8979415432899918
1240,Clc1ccc(cc1)C2CCN(CC2)C(=O)COCc3ccncc3,0.4547090494668149
1241,COC(=O)CCC(=O)Nc1ccc2c(c1)C(=O)C(=O)c3cc(NC(=O)CCC(=O)OC)ccc23,0.3961689087731875
1242,NS(=O)(=O)c1cccc(Nc2nccc(Nc3c(Cl)ccc4OCOc34)n2)c1,0.6470552260315898
1243,CN1C(=O)N(CC2CC2)c3nn(Cc4ccnc5ccc(Cl)cc45)c(c6cc(cn6C)S(=O)(=O)C)c3C1=O,0.8226756481124713
1244,COc1ccc(N(C(C(=O)NC2CCCC2)c3ccccc3F)C(=O)C)c(OC)c1,0.5132491901604419
1245,Oc1cccc2nc(cc(O)c12)c3ccccc3,0.9815703157094592
1246,C[C@H](Nc1nc(Nc2cc(C)[nH]n2)c(C)nc1C#N)c3ncc(F)cn3,-0.2310468843728177
1247,OC(=O)c1cc(nc2ccccc12)c3ccccc3,-2.4221207217628624
1248,CCOc1noc2cc(OCCC3CCN(CC3)c4ccc(C)nn4)ccc12,1.7007777585168788
1249,OC(=O)[C@H](Cc1ccc(OCCc2ccc3OCCNc3n2)cc1)NC(=O)c4c(Cl)cccc4Cl,-1.9872511051816328
1250,C[C@@H](O)[C@@H](CO)Nc1nc(SCc2cccc(F)c2F)nc3nc(N)sc13,0.5299749446443354
1251,NC(=O)c1c(N)sc2CCCCc12,-0.2979499023083915
1252,OC(=O)c1cn(Cc2ccccc2)c3ccccc13,-0.8415369230349296
1253,Cc1cc(NCc2ccccc2)nc3ccccc13,1.2491823874517547
1254,CC#Cc1cncc(c1)c2cccc(c2)C3(N=C(C)C(=N3)N)C4CC4,0.9230301750158318
1255,COc1cc2ncnc(Nc3ccc(F)c(Cl)c3)c2cc1OCCN(C)C,0.8895786660480448
1256,Nc1ncccc1NCc2cccc(c2)c3cccnc3,0.6721438577574299
1257,c1ccc(cc1)c2cn3ccccc3n2,0.5885150853379624
1258,COc1ccc(CC(=O)Nc2nc3ccccc3[nH]2)cc1,0.5885150853379624
1259,CC(C)n1c(C)ncc1c2ccnc(Nc3ccc(cc3)S(=O)(=O)CC4CCCO4)n2,0.5216120674023884
1260,Cc1ccc(cc1)S(=O)(=O)NC(=O)N2CCC(CC2)N3CCC(CC3)Oc4ccc(Cl)cc4C,-0.3397642885181252
1261,CCN(CC)CCCC(C)Nc1c2ccc(Cl)cc2nc3ccc(OC)cc13,-0.0219749533241493
1262,COc1ccc2N=CC(=O)N(CCN3CC[C@@H](NCc4cc5OCCOc5cn4)[C@H](O)C3)c2c1,-1.084060363051385
1263,CCN1C(=O)N(CC2CC2)c3nn(Cc4ccnc5ccc(Cl)cc45)c(c6cncn6C)c3C1=O,0.5634264536121224
1264,OC(=O)Cc1cccc(c1)N2CCC(CN3CCC(CC3)Oc4ccc(Cl)c(Cl)c4)CC2,-0.5153847105990067
1265,CS(=O)(=O)c1ccc(cc1)C(CCNC(=O)c2ccc(cc2)C#N)c3ccc(F)cc3,0.5885150853379624
1266,CC(=O)c1ccc2NC(=CC(=O)c2c1)c3cccnc3,-0.6575536237121014
1267,Cc1ccc2NC(=O)OC3(CCN(CCc4nc(oc4C)c5ccccc5)CC3)c2c1,1.6756891267910383
1268,[O-][N+](=O)c1ccc2OC(CN(c2c1)c3cccc[n+]3[O-])(C(F)F)C(F)F,0.8394014025963648
1269,CC(C)N1C(=O)N(C)C(=O)c2cn(Cc3cccc4ccccc34)cc12,1.4833429502262634
1270,Fc1cc(c(F)cc1Oc2ccc(Cl)cc2c3ccnn3C4CNC4)S(=O)(=O)Nc5ncns5,-1.0004315906319174
1271,CN(C)CCOC(c1ccccc1)c2ccccc2C,-0.6073763602604209
1272,CCn1cc(NC(=O)Cc2ccc(Oc3ccnc4cc(OC)c(OC)cc34)cc2OC)cn1,1.0233847019191928
1273,Cc1ccc(Oc2ccnc(Nc3ccc(cc3)S(=O)(=O)N)c2)c(C)n1,0.228911363934253
1274,Nc1ccccc1NC(=O)c2ccc(cc2)C3CCN(Cc4ccccc4)CC3,0.2623628729020396
1275,CN(C)C(=O)N[C@@H]1CC[C@@H](CCN2CCN(CC2)c3ccc(Cl)c(Cl)c3)CC1,0.7975870163866309
1276,CN[C@@H](C)C(=O)N[C@H](C(=O)N1CC[C@H]2CC[C@H](NC(=O)c3cccc4ccccc34)[C@@H]12)C(C)(C)C,-0.2143211298889242
1277,C[C@H](NC(=O)c1c(C)nn(c1NS(=O)(=O)c2ccc(cc2)C(F)(F)F)c3ccc(F)cc3)C(C)(C)C,0.128556837030892
1278,O[C@@H](CNCCc1cccc(CNCc2ccccc2Cl)c1)c3ccc(O)c4NC(=O)Sc34,-0.2895870250664448
1279,O=C1NC(=O)C(Cc2ccc3ccccc3c2)S1,0.1787341004825725
1280,Oc1ccc(cc1)c2nc3ccc(O)cc3s2,1.2157308784839678
1281,CN1CCN(CC1)c2ccc(Nc3ncc(F)c(N[C@@H]4[C@@H]5C[C@@H](C=C5)[C@@H]4C(=O)N)n3)cc2C,0.5885150853379624
1282,COc1cc(c(OC)nn1)c2c(F)ccc3c(N)c(nnc23)C(=O)NC4CC4,0.4630719267087614
1283,COc1cc(F)ccc1c2cncc(c2)C3CCCN3,-0.91680281821245
1284,COc1cc2c(Nc3ccc(Cl)cc3F)ncnc2cc1OC[C@@H]4CCCN(C)C4,0.5885150853379624
1285,Cc1nc(CS(=O)(=O)c2ccccc2)cc(n1)N3CCOCC3,-0.9418914499382902
1286,OCC[C@]1(CCCNC1)c2ccc(Cl)c(Cl)c2,-1.3182209258258937
1287,Cc1ccc2c(N)c(C#N)sc2n1,0.0282023101275311
1288,C[C@H](CO)Nc1nc(SCc2csc(C)n2)nc3NC(=O)Sc13,-0.3899415519698057
1289,Cc1cc(Nc2ccccc2)n(CCC#N)n1,0.0867424508211581
1290,Fc1ccc(cc1)n2cc(C3CCNCC3)c4cc(Cl)ccc24,0.1703712232406256
1291,[O-][N+](=O)c1cccc(c1)c2ccc(OCC(CCc3ccncc3)N4C(=O)CCC4=O)cc2,1.4080770550487427
1292,CC1=C(C)C(=O)C(=C(C)C1=O)C(CCCCCC(=O)O)c2ccccc2,0.2372742411761995
1293,CCSc1ccc(cc1)c2cc(ccc2OCC(=O)O)C(F)(F)F,-0.5488362195667936
1294,COc1ccccc1CCNCc2ccc(CCNC[C@H](O)c3ccc(O)c4NC(=O)Sc34)cc2,-1.167689135470852
1295,CCN(C1CCN(CCC(c2ccccc2)c3ccc(NS(=O)(=O)C)cc3)CC1)C(=O)Cc4ccc(cc4)S(=O)(=O)C,-0.2979499023083915
1296,CCCCNc1ccc(cc1)C(=O)OCCN(C)C,-0.0721522167758298
1297,COc1cc(OC)c(cc1NC(=O)C)S(=O)(=O)N(C)c2ccccc2,-0.91680281821245
1298,Oc1ccc2C(=O)C(=COc2c1)c3ccc(O)c(O)c3,-0.2644983933406047
1299,NC(=O)NC(=O)C(Nc1ccc2CCCc2c1)c3ccccc3,0.9230301750158318
1300,Cc1nc2ccccn2c1c3ccnc(Nc4cccc(Cl)c4)n3,0.4212575404990279
1301,[O-][N+](=O)c1cccc(c1)c2ccc(OCC(CCc3ccc(cc3)C(=O)N4CCCC4)N5C(=O)CCCC5=O)cc2,0.095105328063105
1302,O=S(=O)(Nc1ccccc1c2ccccc2)c3ccccc3,1.4749800729843163
1303,O=C(C1CCN(CC1)c2nnc(s2)n3cccc3)N4CCN(Cc5ccc6OCOc6c5)CC4,0.253999995660093
1304,CC1=CN([C@H]2CCCN(C2)S(=O)(=O)c3ccc(O)c(Oc4cccc(F)c4)c3)C(=O)NC1=O,-0.4986589561151132
1305,Cc1c(Sc2ccc(Cl)cc2)c3cc(F)ccc3n1CC(=O)O,-0.2979499023083915
1306,CN1CCOc2cc(OC(=O)c3ccccc3)cnc12,0.9230301750158318
1307,CC(C)C(NC(=O)CN1C(=O)C(=CC=C1c2ccccc2)NC(=O)OCc3ccccn3)C(=O)C(F)(F)F,-0.2394097616147645
1308,CO[C@H]1CN(CCN2C(=O)C=Nc3ccc(OC)cc23)CC[C@H]1NCc4ccc5OCC(=O)Nc5n4,-1.4102125754873076
1309,Cc1sc2ncnc(SCC(=O)N3CCCC3)c2c1C,0.5801522080960159
1310,CC(C)(C)OC(=O)N1CCN(CC1)c2ncc(OCc3c(F)cncc3F)cn2,1.2575452646937015
1311,CNS(=O)(=O)Cc1ccc2[nH]cc(CCN(C)C)c2c1,-2.6395555300534776
1312,Cc1cccc(Br)c1C(=O)N[C@@H](Cc2ccc(NC(=O)c3c(Cl)cccc3Cl)cc2)C(=O)O,-1.9454367189718984
1313,CNC(=O)Nc1nc2ccc(cn2n1)c3cncc(c3)S(=O)(=O)NC(C)(C)C,-0.5153847105990067
1314,[O-][N+](=O)c1ccc2[nH]ncc2c1,0.003113678401691
1315,Clc1ccc(cc1)C(=O)Nc2oc(nn2)C(=O)Nc3ccc(cc3)N4CCOCC4,-0.2310468843728177
1316,CN(C1CCN(Cc2nc3cc(F)ccc3s2)CC1)C(=O)Cc4ccc(cc4)n5cnnn5,0.5467006991282288
1317,CCCNCc1cnc(s1)c2ccc(cc2)C(=O)Nc3ccccc3N,-0.3732157974859122
1318,Fc1ccc(cc1)N2CCN(CC2)C(=O)[C@@H]3CCCC[C@H]3C(=O)NC4(CC4)C#N,-0.0637893395338828
1319,C(CN1CCCCC1)C2CCc3cc(OCc4ccc(cc4)c5ccccc5)ccc3C2,0.9230301750158318
1320,O=C(C1CCCCC1)N2CC3N(CCc4ccccc34)C(=O)C2,0.195459854966466
1321,O=C(Nc1ccccc1)c2ccc(OCCCN3CCCC3)cc2OCc4ccccc4C#N,0.3878060315312409
1322,Cn1cncc1c2c3C(=O)N(CC4CC4)C(=O)N(CC5CC5)c3nn2Cc6ccnc7ccc(Cl)cc67,1.784406530936346
1323,Cc1cccc(c1)N(Cc2cc(F)c(F)cc2F)C(=O)O[C@H]3CN4CCC3CC4,0.036565187369478
1324,COc1ccc2nccc([C@@H](O)[C@@H]3C[C@H]4CCN3C[C@@H]4C=C)c2c1,0.0532909418533711
1325,CCNC(=O)c1cc2c(c(cnc2[nH]1)c3cncc(c3)C4=NNC(=O)O4)n5ccc(n5)C(F)(F)F,-0.4568445699053796
1326,CCc1nn(C2CCCC2)c3c1CCn4c(nnc34)c5cccs5,1.1739164922742342
1327,COc1cc2ncc(C(=O)N)c(Nc3cccc(Cl)c3)c2cc1OC,1.0902877198547667
1328,CC(=O)Nc1ccc2[nH]cc(c3cc(NC4CC4)n5ncc(C#N)c5n3)c2c1,0.379443154289294
1329,CC(C)(C)c1cc(O)n2nc(N)nc2n1,-2.003976859665526
1330,OC(c1ccccc1)c2ccc3C(=O)C=C(Nc3c2)c4cccnc4,0.061653819095318
1331,CN1CCN(CC1)C(=O)c2cc3cc(C)ccc3[nH]2,0.0198394328855845
1332,COc1ccc(cc1CNCCO)c2ccc3c(nc(nc3n2)N4C[C@@H](C)O[C@@H](C)C4)N5CCOCC5,-0.7411823961315686
1333,CCCCC1C(=O)N(N(C1=O)c2ccccc2)c3ccccc3,-1.460389838938988
1334,COc1ccnc(CCc2nc3cc(Br)cnc3[nH]2)c1,0.605240839821856
1335,CC(=O)c1ncccc1NC(=O)[C@@H]2CC[C@H](CC2)N3C(=O)[C@@H]4[C@@H]5CC[C@@H](C5)[C@@H]4C3=O,0.6805067349993764
1336,CN1CCCC(CN2CCN(CC2)C(=O)Nc3ccc(Cl)c(Cl)c3)C1,-0.1808696209211373
1337,Clc1ccc2OCOc2c1Nc3ccnc(Nc4ccccc4)n3,1.4248028095326362
1338,Fc1ccc(CNc2ncc(Br)c(Nc3cc([nH]n3)C4CC4)n2)cc1,1.7425921447266124
1339,Cc1c(sc2ncnc(O)c12)C(=O)Nc3ccccc3,-0.0554264622919363
1340,CN(C(=O)N1CCC(CC1)N2CCC(CC2)Oc3ccc(Cl)c(Cl)c3)S(=O)(=O)c4ccc(C)cc4,1.9182125668074936
1341,COCCC(=O)N[C@@H](C)c1ccc(Nc2ncc3cc(ccc3n2)c4ccncc4)cc1,0.7139582439671633
1342,CCCNC(=O)c1nnc2c(cccc2c1N)c3cnccc3OC,0.5299749446443354
1343,COCCNC(=O)c1ccc(Nc2ncc3cc(ccc3n2)c4ccnc(C)c4)cc1,1.140464983306447
1344,Clc1cccc(Nc2ncnc3ccccc23)c1,1.4248028095326362
1345,O=C(NC1(CC1)C#N)[C@@H]2CCCC[C@H]2C(=O)N3CCN(CC3)c4nc5CCOCc5s4,-0.6491907464701546
1346,COCCNC(=O)c1ccc(Nc2ncc3cc(ccc3n2)c4ccncc4OC)cc1,0.7892241391446843
1347,Nc1nc(N)c2nc(c(N)nc2n1)c3ccccc3,-0.8666255547607697
1348,CCS(=O)(=O)c1cccc(c1)c2cc(ccc2OCC(=O)O)C(F)(F)F,-2.388669212795076
1349,OCCNS(=O)(=O)c1ccc2C(=CNC(=O)c2c1)C(=O)NC[C@@H](O)CN3CCC(CC3)Oc4ccc(Cl)c(Cl)c4,-0.1139666029855633
1350,Cc1ccc(cc1)c2csc3ncnc(O)c23,0.3292658908376135
1351,O=C(OCCN1CCCCC1)c2c[nH]c3ccccc23,-0.1641438664372438
1352,Clc1ccc(cc1C(=O)NCC23CC4CC(CC(C4)C2)C3)N5CCNCC5,-0.3564900430020187
1353,OC(=O)c1ccccc1Cn2nnc(n2)c3cccc(OCc4ccc5ccccc5n4)c3,-0.0805150940177763
1354,CCN(CC)C(=O)c1ccc(cc1)C(=C2CCNCC2)c3ccccc3,-0.8331740457929828
1355,COc1cc(ccc1Nc2ncc(Cl)c(n2)c3cnc4ccc(cn34)N(C)C)N5CCN(CC5)C(=O)C,1.5920603543715706
1356,NS(=O)(=O)c1ccc(Nc2nccc(n2)c3cnc4ccccn34)cc1,0.4212575404990279
1357,CN1CCN(CC1)c2ccc3N=CN(C(=O)c3c2)c4cc(NC(=O)c5cccnc5)ccc4C,-0.5822877285345807
1358,Clc1cccc(c1Cl)n2nnnc2NCc3ccccc3Oc4ccccn4,1.1906422467581277
1359,Oc1ccc(cc1)C2=CC(=O)c3ccc(O)cc3O2,0.8394014025963648
1360,COc1ccccc1Cn2c(C)nc3ccccc23,1.0651990881289266
1361,CN([C@H](CN1CCCC1)c2ccccc2)C(=O)Cc3ccc(Cl)c(Cl)c3,1.0233847019191928
1362,Oc1ccccc1CCC(=O)Nc2ccccc2,0.4296204177409745
1363,Oc1ncnc2onc(c3ccc(F)cc3)c12,-0.189232498163084
1364,Cc1onc(c2ccccc2)c1c3ccc(cc3)S(=O)(=O)N,0.1452825915147855
1365,CC(C)N1CCC[C@H](CN2C(=O)c3cc(ccc3N=C2C(C)C)c4ccc(F)cc4)C1,1.1739164922742342
1366,COc1ccc(cc1)c2nc3c(NCCCNC(=O)C4(CN)CC4)c(Br)cnc3[nH]2,-0.2477726388567112
1367,Fc1ccc(cc1)C(COCc2cc(cc(c2)C(F)(F)F)C(F)(F)F)N3CCNCC3,0.6721438577574299
1368,C[C@H](NC(=O)c1c(C)nn(C2CCC2)c1NS(=O)(=O)c3ccc(C)cc3)C(C)(C)C,-0.5237475878409534
1369,COc1ccc(cn1)[C@@]2(O)CC[C@H](CC2)N3CC[C@H](C3)NC(=O)CNC(=O)c4cccc(c4)C(F)(F)F,-0.3983044292117524
1370,Nc1ncnc(Nc2ccccc2)n1,-0.6659165009540481
1371,CS(=O)(=O)n1c2ccccc2c3cc(NC(=O)CCc4ccncc4)ccc13,1.0066589474352992
1372,OC(C(=O)c1ccccc1)c2ccccc2,-0.0554264622919363
1373,CC(C)N(CCCNC(=O)Nc1ccc(cc1)C(C)(C)C)C[C@H]2O[C@H]([C@H](O)[C@@H]2O)n3ccc4c(N)ncnc34,0.1703712232406256
1374,C[C@@H]1N[S@@](=O)(=NC1=O)c2cccc(c2)c3ccc(C)cc3,-0.4986589561151132
1375,CC1(CC(=O)NC(=N1)N)c2ccc(Cl)c(Cl)c2,-0.50702183335706
1376,OC(=O)COc1ccc(cc1c2cccc(c2)C#N)C(F)(F)F,-1.7949049286168577
1377,OC(=O)[C@H](Cc1ccc(CCCCNc2ccccn2)cc1)NC(=O)c3c(Cl)cccc3Cl,-1.4102125754873076
1378,C[C@@](N)(Cc1ccccc1)c2ccccc2,-0.4150301836956459
1379,CC(=O)NC[C@H]1CN(C(=O)O1)c2ccc(c(F)c2)n3cc(nn3)C#N,-1.167689135470852
1380,CN(C1CCN(CCC(c2ccccc2)c3ccccc3)CC1)C(=O)Cc4ccc(cc4)C#N,1.2575452646937015
1381,C1CN=C(N1)c2ccc3ccccc3n2,-1.334946680309787
1382,CCCc1c(O)c(ccc1OCc2cccc(NC(=O)Cc3ccccc3C(=O)O)c2)C(=O)C,0.6303294715476964
1383,CC(C)[C@@H](CN1CC[C@](C)([C@@H](C)C1)c2cccc(O)c2)NC(=O)[C@H]3Cc4ccc(O)cc4CN3,0.162008345998679
1384,OC[C@H](O)CN1C(=O)[C@H](Cc2ccccc12)NC(=O)c3cc4cc(Cl)sc4[nH]3,0.9230301750158318
1385,COc1ccc(cc1)N2CCN(CC2)C(=O)[C@@H]3CCCC[C@H]3C(=O)NCC#N,-0.4986589561151132
1386,CN(C1CCN(CCC(c2ccccc2)c3ccccc3)CC1)C(=O)C4CCC4,0.8394014025963648
1387,COc1cc2ncnc(Nc3cccc(Cl)c3F)c2cc1OC4CCN(C)CC4,0.4379832949829214
1388,OC1(CN2CCC1CC2)C#Cc3ccc(cc3)c4ccccc4,0.7892241391446843
1389,Cc1ccccc1C[C@H](N2CCC(CN3CCC(CC3)Oc4ccc(Cl)c(Cl)c4)CC2)C(=O)O,0.28745150462788
1390,CN(c1ccc(c(Cl)c1)c2cc(F)ccc2OCC(=O)O)S(=O)(=O)C,-2.81517595213436
1391,COc1cc2ncnc(Nc3ccc(F)c(Cl)c3)c2cc1NC(=O)\C=C\CN4CCCCC4,1.5920603543715706
1392,CCOC(=O)[C@H](CCc1ccccc1)N[C@@H](C)C(=O)N2[C@H]3CCC[C@H]3C[C@H]2C(=O)O,-2.1795972817464078
1393,COc1cc2ncn(c3cc(OCc4ccccc4C(F)(F)F)c(s3)C(=O)O)c2cc1OC,-1.1342376265030654
1394,CC[C@H](NC(=O)c1c(CN(C)C)c(nc2ccccc12)c3ccccc3)c4ccccc4,1.6589633723071446
1395,Oc1ccc2C[C@H]3N(CC4CC4)CC[C@@]56[C@@H](Oc1c25)c7[nH]c8ccccc8c7C[C@@]36O,0.4212575404990279
1396,C[C@@H](N)COc1c(C)cccc1C,-1.334946680309787
1397,CC(C)CN1C(=O)N(C)C(=O)c2c1sc(Cc3ccccc3C(F)(F)F)c2C(=O)N4CC[C@@H](O)C4,0.4547090494668149
1398,Cc1cc(C(=O)CN2C=C(C=CC2=O)C(F)(F)F)c(C)n1Cc3ccccc3,1.0568362108869798
1399,c1ccc(cc1)c2ccc3ccccc3n2,1.5084315819521037
1400,C[C@H](Nc1ncc(F)c(Nc2cc([nH]n2)C3CC3)n1)c4ccc(F)cn4,0.7892241391446843
1401,NCc1nc2ccccc2[nH]1,-1.5022042251487218
1402,CCN(CC)S(=O)(=O)c1ccc(NC(=O)[C@@](C)(O)C(F)(F)F)c(Cl)c1,1.2240937557259146
1403,CC1CC(CC(C)(C)C1)OC(=O)C(O)c2ccccc2,0.095105328063105
1404,COc1ccccc1CNCc2ccc(CCNC[C@H](O)c3ccc(O)c4NC(=O)Sc34)cc2,-1.7112761561973902
1405,COc1ccc2c(Oc3ccc(CC(=O)Nc4n[nH]c(C)c4C)c(OC)c3)ccnc2c1,1.3244482826292752
1406,CC(=O)NC[C@H]1CN(C(=O)O1)c2ccc(c(F)c2)n3ccnc3,-1.2513179078903196
1407,CCc1[nH]c2nc(Sc3cnc4ccc[n+]([O-])c4c3)nc(N5CC[C@@H](N)C5)c2c1Cl,-0.1641438664372438
1408,CC(C)(C#N)c1cnc(s1)N2CCN(CC2)C(=O)[C@@H]3CCCC[C@H]3C(=O)NC4(CC4)C#N,-0.2477726388567112
1409,Oc1cccc(NC(=O)c2ccc(OCCCN3CCCC3)cc2OCc4ccccc4)c1,0.7306839984510569
1410,C[C@@H](NC1=CC(=O)NCC1)c2ccc(Nc3ncc4cc(ccc4n3)c5ccncc5)cc2,0.6888696122413234
1411,COC(=O)CCC(=O)Nc1ccc2C(=O)C(=O)c3ccccc3c2c1,0.4379832949829214
1412,OC(=O)CNCCNc1ccc(Cl)c(c1)C(=O)NCC23CC4CC(CC(C4)C2)C3,-0.2143211298889242
1413,COc1cc(ccc1Nc2ncc(Cl)c(n2)c3cnc4cc(CO)ccn34)N5CCN(CC5)C(=O)C,0.7557726301768973
1414,COc1ccc(cc1)c2csc(n2)N(CCCN3CCOCC3)C(=O)c4occc4,0.9564816839836188
1415,Nc1ncc(cc1c2oc3ccccc3n2)c4cnn(c4)C5CCOCC5,1.5084315819521037
1416,Cc1[nH]c(\C=C\2/C(=O)Nc3ccc(F)cc23)c(C)c1C(=O)NC[C@H](O)CN4CCOCC4,0.0198394328855845
1417,OC(=O)COc1ccc(Cl)cc1CN2CCC(CC2)S(=O)(=O)c3ccccc3,-1.4353012072131477
1418,CCCCC(CC)COC(=O)CC(C(=O)OCC(CC)CCCC)S(=O)(=O)O,0.6136037170638028
1419,CC(CO)(CO)Nc1nc(SCc2cccc(F)c2F)nc3nc(N)sc13,0.5634264536121224
1420,COc1ccc(cc1)N2CCN(CC2)C(=O)[C@@H]3CCCC[C@H]3C(=O)NC4(CC4)C#N,-0.3815786747278589
1421,C[C@@H](NC(=O)[C@@H]1CCCC[C@H]1C(=O)N2CCc3[nH]c4ccc(F)cc4c3C2)C#N,0.7557726301768973
1422,COc1cc2ncnc(NCc3ccccc3)c2cc1OC,0.9146672977738852
1423,COc1cc(OC)c(cc1NC(=O)CCC(=O)O)S(=O)(=O)N2c3ccccc3Oc4ccccc24,-2.279951808649768
1424,CCCNC(=O)c1nnc2c(cccc2c1N)c3ncccn3,-0.281224147824498
1425,CCOc1ccc2nc(NC(=O)CC)sc2c1,1.0066589474352992
1426,COc1cc(O)c2C(=O)O[C@@H](C)C\C=C/C(=O)[C@@H](O)[C@@H](O)C\C=C\c2c1,-0.4652074471473264
1427,Oc1nc(nc2ccccc12)c3ccccc3,0.220548486692306
1428,Fc1cc(F)cc(c1)c2cc(on2)N(CCCN3CCCCCC3)Cc4ccc5OCOc5c4,1.3746255460809556
1429,CNC(=O)c1ccc(Nc2nccc(n2)c3cnc(C)n3C(C)C)cc1,0.4128946632570809
1430,O[C@@H](CNCCCOCCOCCc1cccc2ccccc12)c3ccc(O)c4NC(=O)Sc34,0.0700166963372646
1431,Clc1cc(Nc2ncnc3[nH]nc(OCCN4CCCC4)c23)ccc1OCc5ccccn5,0.5634264536121224
1432,CN1SC(=NC1=O)NC(=O)c2cccc(Cl)c2,-1.109148994777225
1433,CN1CCC(CC1)(C#N)c2cccc3ccccc23,0.4463461722248679
1434,COc1ccccc1OCC(O)COC(=O)N,-1.535655734116509
1435,Oc1ccc(cc1)C2=CC(=O)c3ccccc3N2,0.1201939597889451
1436,C[C@H](Nc1cncc(Nc2ncc(C)s2)n1)c3ncc(F)cn3,-0.2394097616147645
1437,C1CC2(CCN1)OC(c3ccccc3)c4ccccc24,-1.2095035216805858
1438,CC(C(=O)O)n1c(C)c(Sc2ccc(Cl)cc2)c3cc(Cl)ccc13,1.140464983306447
1439,O[C@H](CNC(=O)c1cnnc2ccccc12)CN3CCC(CC3)Oc4ccc(Cl)c(Cl)c4,0.9063044205319384
1440,COc1ccc(Oc2ncccc2C(=O)NCc3ccccc3Cl)cc1,1.1655536150322872
1441,COc1nc(N)nc2c1ncn2[C@@H]3O[C@H](CO)[C@@H](O)[C@H]3O,-2.321766194859502
1442,C[C@H]([C@H](O)c1ccc(O)cc1)N2CCC(O)(CC2)c3ccccc3,-1.075697485809438
1443,CCNC(=O)c1cc2c(c(cnc2[nH]1)c3cncc(c3)C#N)n4ccc(n4)C(F)(F)F,0.3543545225634539
1444,OC(=O)CCC[C@H]1[C@@H](Cc2ccccc12)NC(=O)c3cc4cc(F)ccc4[nH]3,-0.2059582526469775
1445,Cn1cc(nc1c2c3C(=O)N(CC=C)C(=O)N(CC4CC4)c3nn2Cc5ccnc6ccc(Cl)cc56)C#N,1.4415285640165296
1446,COc1ccc(OC(F)(F)F)cc1CN[C@H]2CCCN[C@H]2c3ccccc3,0.5885150853379624
1447,OC(=O)CCC(=O)c1ccc(cc1)c2ccccc2,-1.3516724347936804
1448,Oc1ccc(CCNCCS(=O)(=O)CCCOCCc2oc3ccccc3c2)c4sc(O)nc14,0.5550635763701754
1449,OC1CCN(CC1)C(=O)c2ccc(cc2)C(=C3CCN(Cc4cscn4)CC3)c5cccc6cccnc56,-0.256135516098658
1450,Cc1ccc(F)c(Nc2ccnc(Nc3ccc(cc3)S(=O)(=O)N)n2)c1,0.7557726301768973
1451,Cc1cc2nc(NC(=N)N)nc(C)c2cc1C,-1.2513179078903196
1452,Clc1ccc(OC2CCN(CC2)C3CCN(CC3)C(=O)NS(=O)(=O)c4cccc(c4)C#N)cc1Cl,-0.3230385340342318
1453,CC(C)C(NC(=O)CN1C(=O)C(=CC=C1c2ccccc2)NS(=O)(=O)C(F)(F)F)C(=O)C(F)(F)F,-0.9920687133899708
1454,Clc1ccccc1CNC(=O)c2cccnc2Oc3ccccc3,1.240819510209808
1455,Nc1ncnc2OCCN(C(=O)c12)c3ccc(cc3)[C@@H]4CC[C@@H](CC(=O)O)CC4,-2.254863176923928
1456,CNCCC=C1c2ccccc2CCc3ccccc13,-0.5153847105990067
1457,CC(C)Oc1cc(Nc2nc(N[C@@H](C)c3ccc(F)cn3)nc(OC(CO)CO)c2Cl)n[nH]1,0.4797976811926549
1458,NS(=O)(=O)c1cccc(Nc2nccc(Nc3cccc4[nH]ncc34)n2)c1,0.3376287680795604
1459,CC(Cc1ccc(O)cc1)NCC(O)c2cc(O)cc(O)c2,-1.886896578278272
1460,CC(C)Nc1nc(nc(N2CCOCC2)c1N)C#N,-0.1306923574694568
1461,FC(F)(F)c1nnc2ccc(nn12)N3CCN(Cc4ccc(cc4)C#N)CC3,0.5885150853379624
1462,OCC(CO)CN1C(=O)C(Cc2ccccc12)NC(=O)c3cc4cc(Cl)ccc4[nH]3,1.2073680012420211
1463,CN1C(=O)N(CC2CC2)c3nn(Cc4cn(C)c5ccc(Cl)cc45)c(c6cc(oc6C)S(=O)(=O)C)c3C1=O,1.9098496895655472
1464,O[C@]1(CN2CCC1CC2)C#Cc3ccc(Oc4ccc(cc4)C(=O)NC5CCCS(=O)(=O)C5)cc3,-0.6659165009540481
1465,CCN(CC)S(=O)(=O)c1ccc(NC(=O)C(C)(O)C(F)(F)F)cc1,0.3627173998054005
1466,O=C(Nc1ccccn1)c2ccccc2,0.003113678401691
1467,Fc1ccc(C2CCN(CC2)C(=O)COCc3ccncc3)c(Cl)c1,0.4212575404990279
1468,CN(C)CCCNS(=O)(=O)c1ccc(Nc2nccc(n2)c3cnc4ccccn34)cc1,-0.2477726388567112
1469,COc1cc(nc2c(cc(F)cc12)N3CCN(C)CC3)C(=O)Nc4ccc(cc4)N5CCOCC5,1.3829884233229026
1470,C[C@H](Oc1nc(Nc2cc(C)[nH]n2)c(C)nc1C#N)c3ccc(F)cn3,0.5550635763701754
1471,CN(C)CCOc1ccc(cc1)c2oc3ncnc(NC[C@@H]4CCCO4)c3c2c5ccccc5,1.1739164922742342
1472,COCCNS(=O)(=O)c1ccc(Nc2nccc(n2)c3cnc4cccnn34)cc1,0.504886312918495
1473,COc1ncccc1c2cccc3c(N)c4C(=O)N(Cc4nc23)C5CCC5,0.8895786660480448
1474,F[C@H]1CN(CCN2C(=O)C=Cc3ccc(cc23)C#N)CC[C@H]1NCc4ccc5OCC(=O)Nc5n4,-1.2847694168581063
1475,COc1cc(OC)c(cc1NC(=O)Cc2ccnc(F)c2)S(=O)(=O)N3C(C)CCc4ccccc34,0.2456371184181464
1476,C(N(Cc1ccccc1)c2nn[nH]n2)c3ccccc3,-0.6910051326798882
1477,CCN1CCC[C@H](CN2CCN(CC2)C(=O)Nc3ccc(Cl)c(Cl)c3)C1,-0.281224147824498
1478,CN[C@@H](C)C(=O)N[C@@H](C1CCCCC1)C(=O)N[C@H]2CCCN(C2)C(=O)c3ccccc3,-1.109148994777225
1479,CNC1CCN(C1)c2ccc(NC(=O)c3ccc(cc3)c4ccccc4)cn2,0.128556837030892
1480,COc1ccc(cc1)[C@@H]2Sc3ccccc3N(CCN(C)C)C(=O)[C@@H]2OC(=O)C,-0.1725067436791905
1481,CC1(COc2ccc3c(c2)ncn3c4ccc5cccc(N6CCC(N)CC6)c5n4)COC1,-0.1725067436791905
1482,Cc1cc2NC(=O)C(=CC(=O)c2cc1C)O,-0.1725067436791905
1483,Oc1ccc(cc1)C2=COc3cc(O)ccc3C2=O,0.220548486692306
1484,CC(C)Oc1cc(OCCc2ccsc2)cc(c1)C(=O)Nc3ccc(cn3)C(=O)O,-0.3815786747278589
1485,FC(F)(F)c1cccc2c3CN(CCc3[nH]c12)C(=O)[C@@H]4CCCC[C@H]4C(=O)NC5(CC5)C#N,1.299359650903435
1486,C[C@]12CC[C@H]3[C@@H](CCc4cc(O)ccc34)[C@@H]1CCC2=O,1.0066589474352992
1487,NC1=NC(c2cccc(c2)c3cncnc3)(c4ccnc(c4)C(F)(F)F)c5cccc(F)c15,1.0066589474352992
1488,CC(C)Cc1ccc(cc1)[C@H](C)C(=O)NS(=O)(=O)C,-1.3683981892775738
1489,COc1cc2ncc(C(=O)N)c(Nc3ccccc3F)c2cc1OC,0.5132491901604419
1490,NC(=O)C1=CN(Cc2ccc(F)c(F)c2)C(=O)C=C1,-0.6910051326798882
1491,N[C@H](Cc1c[nH]c2ccccc12)C(=O)O,-2.6061040210856907
1492,CN(C)C(=O)N1CCC(CC1)C(=O)NCc2cccs2,-0.91680281821245
1493,C[C@H](N)COc1c(C)cccc1C,-1.334946680309787
1494,CCC(N(CCCN)C(=O)c1ccc(C)cc1)C2=Nc3ccsc3C(=O)N2Cc4ccc(Cl)cc4,0.1034682053050516
1495,CC[C@H](C)[C@@H](CO)NS(=O)(=O)c1ccc(Cl)s1,0.4212575404990279
1496,OC(=O)COc1ccc(Cl)cc1CN2CCN(CC2)S(=O)(=O)Cc3ccccc3,-1.5607443658423488
1497,COC(=O)c1c(O)cccc1OC\C=C\c2ccc(F)c(c2)c3onc(c3)C(=O)O,-1.2847694168581063
1498,CNc1ncc(s1)C(=O)c2ccccc2,0.1369197142728386
1499,CN(C)c1cccc(c1)C(=O)Nc2ccc(C)c(c2)C(=O)Nc3cccnc3,0.6805067349993764
1500,CCN(CC)C(=O)c1ccc(cc1)C(=C2CCNCC2)c3ccccc3OC,-1.0004315906319174
1501,CCN(C1CCN(CC[C@@H](c2ccccc2)c3ccc(cc3)S(=O)(=O)C)CC1)C(=O)Cc4ccc(cc4)S(=O)(=O)C,-0.6826422554379415
1502,CC1CN(CCN1)C(=O)c2cc3ccccc3[nH]2,-1.0506088540835978
1503,Fc1ccc(CNC(=O)CCS(=O)(=O)c2ccc(Br)cc2)cc1,0.7557726301768973
1504,O[C@H]1CN(CCN2C(=O)C=Cc3ccc(cc23)C#N)CC[C@H]1NCc4cc5OCCOc5cn4,-1.460389838938988
1505,COc1cc2ncc(C(=O)N)c(Nc3ccccc3C)c2cc1OC,1.0066589474352992
1506,COc1cc2ncc(C(=O)N)c(Nc3ccc(F)cc3F)c2cc1NCCN4CCOCC4,0.4045317860151344
1507,COc1cc2cc(nc(C)c2cc1OC)c3ccc(O)cc3O,1.4248028095326362
1508,Cc1ccc(NC(=O)c2ccnc(c2)N3CCOCC3)cc1NC(=O)c4ccc(OCc5ccccn5)cc4,1.0651990881289266
1509,COc1ccc2OCC(=O)N(CCN3CCC(CC3)NCc4cc5OCCOc5cn4)c2c1,-0.7997225368251958
1510,COc1cccc2sc(NC(=O)c3ccccc3)nc12,1.4749800729843163
1511,Clc1ccccc1CCNC(=O)c2cc(ccc2Cl)N3N=CC(=O)NC3=O,-0.7579081506154621
1512,C[C@H](Nc1nc(Nc2cc(C)[nH]n2)c(Cl)c(n1)N3CCOCC3)c4ncc(F)cn4,0.345991645321507
1513,N#CC[C@H](C1CCCC1)n2cc(cn2)c3ncnc4[nH]ccc34,0.2958143818698265
1514,CN(C)CC(C)(C)COc1nccc(Nc2cc(NC(=O)c3ccnc(c3)N4CCOCC4)ccc2C)n1,0.003113678401691
1515,CN(C)c1cccc2c(cccc12)S(=O)(=O)N(C)CC(=O)O,-3.049336514908868
1516,CC(C)CNc1nc(nc(N2CCNCC2)c1N)C#N,-1.2513179078903196
1517,CNc1cccc(CCCc2ccc(C[C@H](NC(=O)c3c(Cl)cccc3Cl)C(=O)O)s2)n1,-1.1844148899547458
1518,CN(C1CCCCC1)C(=O)c2cnn(c2NS(=O)(=O)c3ccc(C)cc3)c4ccccc4,-0.1557809891952972
1519,OC[C@H]1C[C@H]([C@H](O)[C@@H]1O)n2nnc3c(N[C@@H]4C[C@H]4c5ccccc5)nc(SCCC(F)(F)F)nc23,1.5586088454037836
1520,Fc1ccc(SC2=NN3C=NC(=O)C(=C3C=C2)c4c(Cl)cccc4Cl)c(F)c1,0.4547090494668149
1521,C[S+]([O-])c1ccc(\C=C/2\C(=C(CC(=O)O)c3cc(F)ccc23)C)cc1,-1.8450821920685376
1522,CNC1=Nc2ncccc2C(=NC1c3cccs3)c4ccns4,-0.0387007078080428
1523,CCCCC[C@@H](N1CCC[C@@H](C1)N2C=C(C)C(=O)NC2=O)c3ccc(C(=O)O)c(Oc4cccc(Br)c4)c3,-0.4233930609375927
1524,Fc1cccc2[nH]c3CCN(Cc3c12)C(=O)[C@@H]4CCCC[C@H]4C(=O)NC5(CC5)C#N,0.8394014025963648
1525,C[C@@H]1CN(CCN1C(=O)[C@@H]2CCCC[C@H]2C(=O)NC3(CC3)C#N)c4ccc5c(C)noc5c4,0.3961689087731875
1526,Cc1cc(NC(=O)Nc2ccc(Cl)cc2)n(n1)c3ccccc3,1.6338747405813048
1527,COC(=O)[C@@H]1C2CCC(C[C@@H]1c3ccc(I)cc3)N2CCCF,0.0867424508211581
1528,CC(C)CN1C(=O)N(C)C(=O)c2c1sc(Cc3ccccc3C(F)(F)F)c2C(=O)N(C)C,0.5885150853379624
1529,CN(C)c1cccc(c1)C(=O)Nc2ccc(C)c(NC(=O)c3ccc(O)cc3)c2,0.379443154289294
1530,COc1cc(F)ccc1c2cncc(CNCC3CC3)n2,-0.3314014112761785
1531,Nc1cc(nc2c(cnn12)C#N)c3ccccc3,0.2372742411761995
1532,OS(=N)(=O)Cc1noc2ccccc12,-1.376761066519521
1533,CS(=O)(=O)NCC(NC(=O)C1(N)CCN(CC1)c2ncnc3[nH]ccc23)c4ccc(Cl)cc4,-0.0805150940177763
1534,NS(=O)(=O)c1cc2c(NC(Cc3ccccc3)NS2(=O)=O)cc1C(F)(F)F,-0.3481271657600719
1535,CC1=C(OCc2ccc(F)cc2)C(=O)C=CO1,-0.2394097616147645
1536,CO[C@@H]1CC[C@@]2(CC1)Cc3ccc(OCC(C)C)cc3C24N=C(C)C(=N4)N,1.0066589474352992
1537,CC1=CN([C@H]2CCCN(C2)S(=O)(=O)c3ccc(O)c(Oc4ccc(Cl)c(C)c4)c3)C(=O)NC1=O,0.1703712232406256
1538,COc1ccc(cc1)C2=C(C)c3ccc(OC)cc3OC2=O,0.9313930522577788
1539,CCCc1c(O)c(ccc1OCCCSc2ccc(CC(=O)O)cc2Cl)C(=O)CC,1.1488278605483937
1540,C[C@H](O)C(=O)N1CCN(Cc2sc3c(nc(nc3c2C)c4cnc(N)nc4)N5CCOCC5)CC1,-0.2477726388567112
1541,O=S(=O)(Nc1cccnc1)c2ccc3OCCOc3c2,-0.7160937644057284
1542,COc1ccccc1N2CCN(CCN(C(=O)C3CCCCC3)c4ccccn4)CC2,0.6721438577574299
1543,COc1cc2nc(Nc3ccc(cc3)[C@@H](C)NC(=O)C)ncc2cc1c4ccncc4,0.7641355074188438
1544,CCN(CC)C(C)C(=O)c1ccccc1,-0.8498998002768763
1545,O=C(Nc1oc(nn1)C(=O)Nc2ccc(cc2)N3CCOCC3)c4ccccc4,-0.983705836148024
1546,CC(C)(C(=O)Nc1oc(nn1)C(=O)Nc2ccc(cc2)N3CCOCC3)c4ccc(Cl)cc4,0.6386923487896429
1547,OC(=O)[C@H](Cc1ccc(NC(=O)Cc2ccc3CCCNc3n2)cc1)NC(=O)c4c(Cl)cccc4Cl,-2.363580581069236
1548,COc1cc2ncnc(Nc3cccc(Cl)c3F)c2cc1CN4CCC[C@H]4C(=O)N,1.1571907377903403
1549,O=C(Oc1ccccc1)N2CCOCC2,-0.7495452733735153
1550,CC(C)C(NC(=O)CN1C(=O)C(=CN=C1c2cccs2)N)C(=O)C(F)(F)F,-1.2680436623742128
1551,Cc1c(CC(=O)O)c2cc(F)ccc2n1S(=O)(=O)c3ccc(cc3)S(=O)(=O)C,-2.204685913472248
1552,Nc1nc(N)c(nc1Cl)C(=O)Nc2ccccn2,0.3961689087731875
1553,CS(=O)(=O)c1ccc(c(Cl)c1)c2cc(Cl)ccc2OCC(=O)O,-2.4639351079725964
1554,Nc1c(Nc2ccccc2)nc(nc1N3CCOCC3)C#N,0.4379832949829214
1555,CCCCC1=NC2(CCCC2)C(=O)N1Cc3ccc(cc3)c4ccccc4c5nn[nH]n5,-0.7579081506154621
1556,CCc1nc2c(N)nc3ccccc3c2n1Cc4ccccc4,0.9146672977738852
1557,Cc1nc(nc(N2CCCC2)c1Cl)c3ccccn3,0.8394014025963648
1558,NS(=O)(=O)c1cc(C(=O)O)c(NCc2occc2)cc1Cl,-2.589378266601797
1559,CNc1cccc(CCCc2ccc(C[C@H](NC(=O)c3c(Cl)cccc3Cl)C(=O)O)cc2)n1,-1.3600353120356272
1560,CC(=O)NC[C@H]1CN(C(=O)O1)c2ccc(c(F)c2)n3ccc(c3)C#N,-0.4986589561151132
1561,Cn1ncc2C(=O)NC(=Nc12)c3ccccc3,-0.4902960788731664
1562,COc1cccc(Nc2ncnc3cc(OC)c(OC)cc23)c1,0.7557726301768973
1563,C[C@]12CCC(=O)C=C1C=C[C@@H]3[C@@H]2CC[C@@]4(C)[C@H]3CC[C@@]45CCC(=O)O5,0.8394014025963648
1564,C[C@]1(CCCN1c2nc(Nc3cc([nH]n3)C4CC4)c5cccn5n2)C(=O)Nc6ccc(F)nc6,0.8059498936285777
1565,CN1CCN(CC1)c2ccc3ncc(C(=O)N)c(Nc4ccc(F)cc4F)c3c2,0.0867424508211581
1566,C[C@](N)(Cc1ccccc1)c2ccccc2,-0.4150301836956459
1567,CC(=O)Nc1cccc(Nc2nc(NC3CC3)n4ncc(C#N)c4n2)c1,-0.0805150940177763
1568,CCC1(C)CC(=O)NC1=O,-1.6443731382618163
1569,NC(=O)c1sc(cc1N)c2ccccc2,0.1118310825469985
1570,CCCC(=O)Nc1ccc(Cl)c(c1)c2oc3cccnc3n2,0.9815703157094592
1571,C[C@@](O)(C(=O)Nc1ccc(cc1Cl)S(=O)(=O)NCC=C)C(F)(F)F,0.7306839984510569
1572,Clc1ccc(CNc2nc(nc3ncccc23)N4CCN(CC4)C(=O)[C@@H]5CCCN5)c(Cl)c1,0.1787341004825725
1573,CC(C)(N)C(=O)N[C@H](COCc1ccccc1)C(=O)N2CCC3(CC2)CN(c4ccccc34)S(=O)(=O)C,-0.6659165009540481
1574,Cc1cccc(Nc2ccccc2C(=O)O)c1C,-0.256135516098658
1575,OC(=O)c1cccc(c1)C(=O)N2CCC(CC2)N3CCC(CC3)Oc4ccc(Cl)c(Cl)c4,-0.8080854140671425
1576,CCOc1cc2ncc(C(=O)N)c(Nc3ccc(F)cc3F)c2cc1N4CCC(O)CC4,0.4547090494668149
1577,CCOC(=O)Nc1cccc(c1)[C@H](N2CCN(Cc3nc[nH]c3C)CC2)c4ccc(cc4)C(=O)N(C)CC,0.1034682053050516
1578,CCCCNc1nc(N)c2NC(=O)N(Cc3ccc(OCCN(C)C)nc3)c2n1,-0.2477726388567112
1579,Fc1cc(cc(F)c1C2=CCN(CC2)C=O)N3C[C@H](COc4ccon4)OC3=O,-0.1557809891952972
1580,NC1=NC(CC(=O)N1)c2ccc(Cl)c(Cl)c2,-0.6157392375023676
1581,COc1ccc(CNC(=O)N(CC=C)C2CCN(CCC(c3ccccc3)c4ccccc4)CC2)cc1,1.1739164922742342
1582,CC1CN(C1)C(=O)c2nnc3c(cccc3c2N)c4ncccn4,-0.824811168551036
1583,[O-][N+](=O)c1cccc(c1)C(=O)Nc2nc3ccccc3n2CCN4CCOCC4,0.9230301750158318
1584,CNC(=O)C1(CCN(CC[C@H](CN(C)C(=O)c2c(OC)c(cc3ccccc23)C#N)c4ccc(Cl)c(Cl)c4)CC1)N5CCCNC5=O,0.003113678401691
1585,C1CC1Nc2ccc3nnc(c4ccccc4)n3n2,0.7975870163866309
1586,COc1cc(Nc2nc(N[C@@H](C)c3ncc(F)cn3)nc(N4CCOCC4)c2Cl)n[nH]1,0.5467006991282288
1587,Cc1c(Cl)ccc(OC2CCN(CC2)C3CCN(CC3)C(=O)c4cccc(c4)S(=O)(=O)C)c1Cl,0.9481188067416724
1588,COc1ccccc1CN2C(C(=O)NC3CCC(C)CC3)c4ccccc4C2=O,1.2909967736614885
1589,NCCCCN(Cc1nc2ccccc2[nH]1)C3CCCc4cccnc34,-1.142600503745012
1590,CC(C)[C@@H](CO)NS(=O)(=O)c1ccc(Cl)s1,0.0867424508211581
1591,CC(=O)Nc1ccc2nc(cc(O)c2c1)c3cccc(F)c3,0.1787341004825725
1592,CNC(=O)c1c(F)cccc1Nc2nc(Nc3cc4N(CCc4cc3OC)C(=O)CN(C)C)nc5[nH]ccc25,0.345991645321507
1593,COc1cc(ccc1Nc2ncc(Cl)c(n2)c3cnc4ccccn34)N5CCN(CCS(=O)(=O)C)CC5,0.7557726301768973
1594,COc1ccc(cc1)C2=COc3cc(OC)cc(OC)c3C2=O,0.7139582439671633
1595,CNc1c(Cl)cnc2[nH]c(nc12)c3ccc(OCCN4CCOCC4)cc3,0.3627173998054005
1596,CC(C)N(C(C)C)C(=O)C(C(CNC(=O)NCc1ccccc1F)c2ccccc2)c3cccnc3,1.6756891267910383
1597,Fc1ccc(cc1C#N)S(=O)(=O)NCC(N2CCCCCC2)c3ccccc3,0.4296204177409745
1598,Cc1cccc(CN2C=CN3C(=O)C=C(N=C23)N4CCOCC4)c1,0.504886312918495
1599,CC(C)n1c(C)ncc1c2nc(Nc3ccc(cc3)C(=O)NC4CCN(C)CC4)ncc2F,-0.0554264622919363
1600,Cn1cc(nc1c2c3C(=O)N(CC#C)C(=O)N(CC4CC4)c3nn2Cc5ccnc6ccc(Cl)cc56)C#N,1.0066589474352992
1601,NC1(CCC1)c2ccc(cc2)c3c(ccc4ccnn34)c5ccccc5,0.5885150853379624
1602,COc1cc2ncnc(Nc3cccc(C)c3)c2cc1OC,1.0902877198547667
1603,C[C@H]1CN(Cc2cc(Cl)ccc2OC(C)(C)C(=O)O)CCN1S(=O)(=O)c3ccccc3,-1.3851239437614673
1604,Cc1c(Sc2ccc(Cl)cc2)c3c(cccc3n1CC(=O)O)c4cnccn4,-1.8116306831007511
1605,COc1ccc(\C=C\2/SC(=S)NC2=O)cc1OC,-0.6491907464701546
1606,Cc1ccc(cc1)S(=O)(=O)Nc2ccc(\C=C\C(=O)Nc3ccccc3N)cc2,0.5216120674023884
1607,COc1ccc2nc(N[C@H]3CCC[C@@H](C3)NCc4ccsc4)cc(C)c2c1,0.1787341004825725
1608,Clc1ccc(N2CCN(CC2)C(=O)CCCc3ccncc3)c(Cl)c1,1.4498914412584765
1609,Cn1c(CN2CCN(CC2)c3cccc(Cl)c3)nc4ccccc14,1.299359650903435
1610,COc1ccc(Nc2cc(Nc3ccc(OCC(O)CN(C)C)cc3)ncn2)cc1,-0.5822877285345807
1611,CCN1C=C(C=C(C)C1=O)[C@@]2(N=C(N)c3c(F)cccc23)c4cccc(c4)c5cc(ccn5)C#CC,1.8429466716299732
1612,COc1ccc2c(C)nc(NC(=N)N)nc2c1,-2.263226054165875
1613,CC(O)(C(=O)Nc1ccc(cc1)S(=O)(=O)c2cccnc2)C(F)(F)F,-0.0972408485016698
1614,Cc1ccc(cc1)N2NC(=O)c3cccnc23,-0.0805150940177763
1615,CCc1csc(n1)N2CCN(CC2)C(=O)[C@@H]3CCCC[C@H]3C(=O)NC4(CC4)C#N,-0.0805150940177763
1616,COc1ccc(cc1N2CC(=O)NS2(=O)=O)c3ccccc3,-2.681369916263212
1617,COc1ccc(NC(=O)C=C)cc1,-0.4317559381795394
1618,CCCC1=CC(=CC(=O)N1Cc2ccc(cc2)c3ccccc3c4nn[nH]n4)OCc5ccccc5,0.1703712232406256
1619,Nc1ccc2[nH]c(Cc3ccc(Oc4ccccc4)cc3)nc2c1,1.3411740371131686
1620,Cn1cnc(c2ccccc2)c1\C=C\c3ccnc(N)n3,0.345991645321507
1621,Cc1nnsc1C(=O)Nc2ccccc2,-1.0255202223577575
1622,O=C(Nc1ccc(cc1)N2CCOCC2)c3oc(Nc4ccccc4)nn3,0.7975870163866309
1623,CN1C(=O)C(=Cc2cnc(NC(CCO)CCO)nc12)Oc3ccc(F)cc3F,-0.5822877285345807
1624,Cc1cc(Nc2ccnc(NCc3onc(c3)C4CC4)n2)n[nH]1,0.253999995660093
1625,C[C@H](CNCCc1ccncc1)c2c([nH]c3ccc(cc23)C(C)(C)C(=O)N4C5CCC4CC5)c6cc(C)cc(C)c6,1.801132285420239
1626,NC(=O)c1cc2ccccc2nc1N,-0.9418914499382902
1627,NS(=O)(=O)c1ccc2NC(C3CC=CC3c2c1)c4cccc5ccccc45,-0.2477726388567112
1628,Cc1onc(C(=O)N)c1C(=O)Nc2nccs2,-0.4735703243892731
1629,CC(C)NC(=O)c1cc2c(c(cnc2[nH]1)c3cncc(c3)C(=O)O)n4ccc(n4)C(F)(F)F,-2.355217703827289
1630,C[C@H]1CN(Cc2cc(Cl)ccc2OCC(=O)O)CCN1C(=O)Cc3ccccc3,-1.6861875244715498
1631,COc1cc2ncnc(Nc3cc(Cl)ccc3F)c2cc1OCCCN4CCOCC4,1.0066589474352992
1632,CS(=O)(=O)c1ccc2c3CN(CCc3[nH]c2c1)C(=O)[C@@H]4CCCC[C@H]4C(=O)NC5(CC5)C#N,-0.5822877285345807
1633,CO[C@@H]1CC[C@@]2(CC1)Cc3ccc(cc3C24N=C(C)C(=N4)N)c5cncc(Br)c5,1.0066589474352992
1634,Oc1cccc(c1)N2C(=O)c3ccc(O)cc3C2=O,-0.1641438664372438
1635,CCN(CC)C(=O)c1ccc(cc1)C(N2CCNCC2)c3cccc4cccnc34,-1.2513179078903196
1636,CC(C)C(NC(=O)CN1C(=O)C(=CC=C1c2ccccc2)NS(=O)(=O)N)C(=O)C(F)(F)F,-0.858262677518823
1637,Nc1ncnc2ccccc12,-0.7829967823413023
1638,Cc1ccc(NC(=O)[C@H]2CCCN2S(=O)(=O)c3cccc4cccnc34)c(C)c1,1.4248028095326362
1639,Fc1cccc(c1)C(COCc2cc(cc(c2)C(F)(F)F)C(F)(F)F)N3CCNCC3,0.8394014025963648
1640,Nc1nc2ccc(F)cc2s1,0.003113678401691
1641,CCNC(=O)c1cc2c(c(cnc2[nH]1)c3cnc(OC)c(c3)C4=NNC(=O)O4)n5ccc(n5)C(F)(F)F,0.1034682053050516
1642,Cc1ccc(O)c(O)c1,-0.6910051326798882
1643,COc1ccc(CN(CCN(C)C)c2ccccn2)cc1,-0.6742793781959948
1644,Oc1ccc(CCNCCCCCCNC(=O)Nc2ccccc2)c3sc(O)nc13,-0.7829967823413023
1645,OCCNC(=O)COc1ccc(OCCNCC(O)COc2ccccc2)cc1,-1.4854784706648283
1646,Cc1ccc(NC(=O)c2cccc(c2)C(F)(F)F)cc1NC(=O)c3ccc4ncccc4c3,1.399714177806796
1647,OC(=O)CO[C@H]1[C@@H](Cc2ccccc12)NC(=O)c3cc4sc(Cl)c(Cl)c4[nH]3,-0.6826422554379415
1648,CC1=C(OCc2ccccc2)C(=O)C=CO1,-0.2728612705825513
1649,CN1CCN(CC1)C(=O)c2cc3ccccc3n2C,-0.4066673064536992
1650,OC1(CCN(CC1)c2ccc3nnc(n3n2)C(F)(F)F)c4ccc(F)cc4,1.0902877198547667
1651,CN1C(=O)N(CC2CC2)c3nn(Cc4ccnc5ccc(Cl)cc45)c(c6cc(oc6C)S(=O)(=O)C)c3C1=O,0.8394014025963648
1652,CCC(CCNC)Oc1cc(Cl)ccc1C#N,-1.5189299796326152
1653,COc1ccc(COC(=O)N2CCC(CNc3ncccn3)CC2)cc1,0.7892241391446843
1654,Oc1cccc2ccccc12,0.253999995660093
1655,Cc1ccccc1C(=O)N2CCN(CC2)c3ccccn3,-0.0136120760822024
1656,OC(=O)c1ccccc1C(=O)N2CCC(CC2)N3CCC(CC3)Oc4ccc(Cl)c(Cl)c4,-0.3899415519698057
1657,Cc1ccc2[nH]ccc2c1c3nc(cc(n3)C4(CC4)S(=O)(=O)C)N5CCOCC5,-0.4150301836956459
1658,CCCC(=O)N1CCN(CC1)c2nnc(c3ccccc3)c4ccccc24,0.8394014025963648
1659,CCN1CCC[C@H]1CNC(=O)c2cc(ccc2OC)S(=O)(=O)N,-2.539201003150117
1660,COCCS(=O)(=O)c1ccc(Nc2nccc(n2)c3cnc(C)n3C(C)C)cc1,0.3041772591117735
1661,COc1cc2c(Nc3ccc(F)cc3F)c(cnc2cc1N4CCN(C)CC4)C(=O)N,-0.3732157974859122
1662,Cc1ccc(cc1)c2nn(c3ncnc(N)c23)C(C)(C)C,1.5920603543715706
1663,OCCNC(=O)CN1C(=O)C(Cc2ccccc12)NC(=O)c3cc4cc(Cl)sc4[nH]3,0.7139582439671633
1664,C[C@H](NC(=O)c1c(C)nn(C2CCOC2)c1NS(=O)(=O)c3ccc(C)cc3)C(C)(C)C,-1.1844148899547458
1665,CCCc1c(O)c(ccc1OCc2ccc(cc2)c3nn[nH]n3)C(=O)C,0.7557726301768973
1666,COc1cc2c(Nc3cc(CC(=O)Nc4cccc(F)c4F)[nH]n3)ncnc2cc1OCCCN5CCC[C@@H]5CO,-0.1975953754050307
1667,COc1ccc2nc(C)cc(OCC(=O)Nc3ccccc3OC)c2c1,1.4248028095326362
1668,C[S+]([O-])c1ccc(cc1)c2nc(c3ccc(F)cc3)c([nH]2)c4ccncc4,0.9564816839836188
1669,CC(C)CNc1nc(nc(N2CC(O)C2)c1N)C#N,-0.1641438664372438
1670,Brc1ccc2OCC(=O)N(CCN3CCC(CC3)NCc4ccc5OCC(=O)Nc5n4)c2c1,-0.6491907464701546
1671,CCCSc1ncccc1C(=O)N(C)[C@H]2[C@@H]3CC4C[C@H]2C[C@@](O)(C4)C3,0.2372742411761995
1672,C[C@@H](CNC(=O)c1c(O)c(O)cc2c(O)c(c(C)cc12)c3c(C)cc4c(C(=O)NC[C@H](C)c5ccccc5)c(O)c(O)cc4c3O)c6ccccc6,1.0735619653708732
1673,COc1cc2ncc(C(=O)N)c(Nc3ccc(F)cc3F)c2cc1NCCN(C)C,-0.2394097616147645
1674,CCN(CC)CCCCNc1ncc2CN(C(=O)N(Cc3cccc(NC(=O)C=C)c3)c2n1)c4c(Cl)c(OC)cc(OC)c4Cl,-0.1306923574694568
1675,CNC(=O)c1ccc(Nc2ncc(F)c(n2)c3cnc(C)n3C(C)C)cc1F,0.9313930522577788
1676,C[C@@](O)(C(=O)Nc1ccc(cc1Cl)C(=O)N2CCCCC2)C(F)(F)F,0.3543545225634539
1677,COc1cc2ncc(C(=O)N)c(Nc3ccc(F)c(Cl)c3)c2cc1OC,0.8561271570802582
1678,C[C@@H]1CN(CCN1c2ncc(OCc3ccncc3C#N)cn2)c4onc(n4)C(F)(F)F,0.7557726301768973
1679,COc1cc2ncnc(Nc3cccc(Cl)c3F)c2cc1CN(C)[C@H](C)C(=O)N,1.0401104564030863
1680,OCCCN1C(=O)C(Cc2ccccc12)NC(=O)c3cc4cc(Cl)sc4[nH]3,1.08192484261282
1681,CN([C@@H]1CCN(Cc2ccc(cc2)C(F)(F)F)C[C@@H]1F)C(=O)Cc3ccc(cc3)n4cnnn4,0.9230301750158318
1682,Cc1ccc(CCOCCNS(=O)(=O)CCCNCCc2ccc(O)c3nc(O)sc23)cc1,-0.1056037257436167
1683,Clc1cccc2[nH]ncc12,0.253999995660093
1684,Nc1scc2C(=NN(C(=O)c12)c3ccc(F)cc3)C(=O)NC4CC4,0.504886312918495
1685,COc1cc(F)ccc1c2cncc(CNC(=O)C3CC3)c2,0.5885150853379624
1686,Cc1nc(C)c(nc1C(=O)N)c2ccc(cc2)[C@@H]3CC[C@@H](CCC(=O)O)CC3,-0.4986589561151132
1687,CN(C)S(=O)(=O)c1ccc2Sc3ccccc3\C(=C\CCN4CCN(C)CC4)\c2c1,0.8059498936285777
1688,O=C1CCCc2nc(ccc12)C#Cc3ccccc3,1.1153763515806068
1689,CC[C@H](NC(=O)c1c(N)c(nc2ccccc12)c3cccc(F)c3)c4ccccc4,1.550245968161837
1690,Nc1nc2nc(cc(n2n1)C(F)(F)F)c3cccs3,-0.1557809891952972
1691,C[C@@H](Oc1cccc2ncnc(Nc3ccc(Oc4ccc(C)nc4)c(C)c3)c12)C(=O)N5CCOCC5,1.6255118633393577
1692,Cc1onc(C)c1CCC2CCN(CC2)S(=O)(=O)CC3(CCC(F)(F)CC3)N(O)C=O,-0.0805150940177763
1693,CC(C)OC(=O)N1CCC(CC1)Oc2ncnc(Oc3ccc(cc3F)S(=O)(=O)C)c2C,1.2575452646937015
1694,OC(=O)CCc1ccc(OCc2cccc(Br)c2)cc1,-0.4401188154214862
1695,CN(CCCOCCOCCc1ccccc1)CCc2ccc(O)c3nc(O)sc23,0.2038227322084125
1696,OC(=O)CCCc1ccc(cc1)N(CCCl)CCCl,-0.6073763602604209
1697,OC(=O)c1cccc(CN2CCC(CN3CCC(CC3)Oc4ccc(Cl)c(Cl)c4)CC2)c1,-0.7829967823413023
1698,C[C@H](CO)Nc1nc(SCc2cccc(F)c2F)nc3nc(NC4CC4)sc13,1.8178580399041329
1699,CCS(=O)(=O)c1ccc(c2cc(Cl)ccc2OCC(=O)O)c(c1)C(F)(F)F,-1.3182209258258937
1700,NC(=O)Nc1cc(sc1C(=O)N)c2ccccc2,0.195459854966466
1701,C1CCC(CC1)NC2CCCCC2,-2.154508650020567
1702,OC(=O)c1ccc2cccc(O)c2n1,0.9230301750158318
1703,Cc1cc(C)c(C(=O)N[C@@H](Cc2ccc(OCCCNc3ccccn3)cc2)C(=O)O)c(C)c1,-1.426938329971201
1704,NC1(CCN(CC1)c2ncnc3[nH]ccc23)C(=O)N[C@@H](CCN4CCCCC4)c5ccc(Cl)cc5,0.1703712232406256
1705,CC1=NS(=O)(=O)c2cc(Cl)ccc2N1,-0.9586172044221838
1706,CN1SC(=NC1=O)NCc2ccccc2,-0.8331740457929828
1707,Cc1ccc(COC(=O)N2CC[C@H](CNc3ncccn3)[C@H](F)C2)cc1,0.8477642798383113
1708,Nc1nc2cc3CCN(Cc4cccc(F)c4)CCc3cc2s1,0.9230301750158318
1709,COc1ccc2C=CC(=O)N(CCN3CCC(CC3)NCc4cc5OCCOc5cn4)c2n1,-0.8666255547607697
1710,CN1CCN(CCOc2n[nH]c3ncnc(Nc4ccc(OCc5ccccn5)c(Cl)c4)c23)CC1,0.2121856094503595
1711,CN[C@@H](C)C(=O)N[C@H](C(=O)N[C@H]1CCCN(CCc2cccc(OC)c2)C1)C(C)(C)C,-0.6073763602604209
1712,Cc1c(Cl)c(Cl)ccc1OC2CCN(CC3CCN(CC3)[C@@](C)(Cc4ccc(F)cc4)C(=O)O)CC2,0.6554181032735363
1713,CN1[C@@H]2CC[C@H]1C[C@H](C2)OC(=O)C(CO)c3ccccc3,-2.388669212795076
1714,COc1cc(OC)c(cc1NC(=O)\C=C\C(=O)O)S(=O)(=O)N2c3ccccc3Oc4ccccc24,-2.430483599004809
1715,NS(=O)(=O)c1ccc2C(=CNC(=O)c2c1)C(=O)NC[C@@H](O)CN3CCC(CC3)Oc4ccc(Cl)c(Cl)c4,-0.0219749533241493
1716,CC1CN(Cc2cc(Cl)ccc2OCC(=O)O)CCN1S(=O)(=O)c3ccccc3,-1.5774701203262422
1717,C[C@H](Nc1ncc(Cl)c(Nc2cc([nH]n2)N(C)C)n1)c3ncc(F)cn3,0.1118310825469985
1718,CC(C)C(NC(=O)CN1C(=O)C(=CN=C1c2cccs2)NC(=O)OCC(F)(F)F)C(=O)C(F)(F)F,0.1034682053050516
1719,CCCSc1ncccc1C(=O)N(C)C2CCCCC2,0.9732074384675122
1720,C[C@@H](Oc1ccc(SCCCCCc2ccccc2)cc1)C(=O)c3nc(C)c(CCCC(=O)O)s3,1.1571907377903403
1721,CN(C(=O)C)c1ccc(Nc2ncc3cc(ccc3n2)c4ccncc4)cc1,0.5717893308540689
1722,CC(C)CN1C(=O)N(C)C(=O)c2c1sc(Cn3c(C)nc(Cl)c3Cl)c2C(=O)N4CC[C@@H](O)C4,-0.4902960788731664
1723,C[C@]12N[C@H](Cc3ccccc13)c4ccccc24,-0.4986589561151132
1724,CCCSc1nc(ccc1C(=O)NC2CCCCC2)N3CCCC(C3)C(=O)O,-0.3983044292117524
1725,Cc1cc(Oc2ccc3OCOc3c2)nc(Oc4ccc(cc4)n5ccnc5)n1,1.0651990881289266
1726,Clc1ccc2C(=C3CCNCC3)c4ncccc4CCc2c1,-0.5990134830184741
1727,OC(=O)C1=CN(C2CC2)c3cc(N4CCN(CC4)C(=O)CC[N+](=O)[O-])c(F)cc3C1=O,-1.652736015503763
1728,COCCOc1nc(N)c2NC(=O)N(Cc3ccccc3)c2n1,0.0532909418533711
1729,CCCN(C)c1nc(ccc1C(=O)NC2CCCCC2)N3CCC[C@@H](CC(=O)O)C3,0.0700166963372646
1730,Fc1ccc(cc1F)S(=O)(=O)NCC(N2CCCCCC2)c3ccccc3,0.538337821886282
1731,Fc1ccccc1C(=O)Nc2c(cnn2c3ccccc3)C#N,-0.4150301836956459
1732,COC[C@@H](O)CN1C(=O)C=NN(C1=O)c2ccc(Cl)c(c2)C(=O)NCC3(O)CCCCCC3,-0.6324649919862612
1733,CCC(N1NC(=O)c2nc3cc(Cl)ccc3c(O)c2C1=O)c4ccccn4,-1.167689135470852
1734,Fc1ccc(cc1)C(=O)N2CCC[C@@H](C2)c3onc(n3)c4ccc(F)cc4,1.2826338964195416
1735,O[C@@H](CNC1CCN(Cc2ccc(Cl)c(Cl)c2)CC1)COc3cccc(c3)C#N,0.7474097529349504
1736,Clc1ccc2[nH]ncc2c1,0.2038227322084125
1737,Cc1ccccc1N2C(=Nc3cccc(C)c3C2=O)Cn4nc(c5ccc(O)c(F)c5)c6c(N)ncnc46,1.1321021060645002
1738,FC(F)(F)c1nnc2ccc(nn12)N3CCCC3,0.1787341004825725
1739,CN(C1CCN(Cc2ccc(cc2)C(F)(F)F)CC1)C(=O)Cc3ccc(NC(=O)C)cc3,0.5885150853379624
1740,CN([C@H]1CC[C@@]2(CCCO2)C[C@@H]1N3CCCC3)C(=O)Cc4ccccc4,-1.0087944678738645
1741,Cc1cc(CNc2ncc(Cl)c(Nc3cc(C)[nH]n3)n2)on1,0.4045317860151344
1742,CCN1C(=O)N(CC)c2[nH]c(nc2C1=O)c3ccccc3,0.9230301750158318
1743,Nc1nccc(n1)c2c[nH]c3ccccc23,-0.4317559381795394
1744,CN1CCN(CCCOc2ccc(cc2)c3onc(c3)c4ccc(F)cc4)CC1,1.3495369143551157
1745,COc1ccc(cc1CO)c2ccc3c(nc(nc3n2)N4C[C@@H](C)O[C@@H](C)C4)N5CCOCC5,0.8812157888060983
1746,Cc1nc(NC(=N)N)nc2ccccc12,-2.246500299681981
1747,CCC(COC(=O)c1cc(OC)c(OC)c(OC)c1)(N(C)C)c2ccccc2,1.3160854053873283
1748,CNc1nc(C)c(s1)c2nc(Nc3cccc(c3)N4CCCNCC4)ncc2C#N,-0.4652074471473264
1749,Cc1ncc(c2ccnc(Nc3ccc(cc3)S(=O)(=O)N)n2)n1C,-0.4986589561151132
1750,CC(C)Oc1cc(n[nH]1)n2cnc3cnc(N[C@@H](C)c4ncc(F)cn4)nc23,0.1787341004825725
1751,CC1=CC(=O)Oc2c3CCCNc3c(C)cc12,0.5885150853379624
1752,CNC(=O)c1[nH]cnc1C(=O)Nc2ccc(OC)cc2,0.003113678401691
1753,CN1CCN(CC1)C2=Nc3ccccc3Nc4sc(C)cc24,-0.0052491988402558
1754,CN(C1CCN(Cc2ccc(cn2)C(F)(F)F)CC1)C(=O)Cc3ccc(cc3)n4cnnn4,-0.2477726388567112
1755,CCN(C1CCN(CCC(c2ccccc2)c3ccc(NC(=O)C)cc3)CC1)C(=O)Cc4ccc(cc4)S(=O)(=O)C,-0.0888779712597233
1756,CNc1cccc(CCOc2ccc(C[C@H](NC(=O)c3ccc(F)cc3Cl)C(=O)O)cc2)n1,-1.8701708237943784
1757,Oc1cccc(O[C@H]2C[C@H]3CC[C@@H](C2)N3Cc4ccccc4)c1,0.0867424508211581
1758,CC(CC(=O)NCc1ccccc1)C2CCCO2,-0.0805150940177763
1759,CN1CCN(CC(=O)Nc2c(cnn2c3ccccc3)C#N)CC1,-1.8367193148265912
1760,CCN(CCO)CCCC(C)Nc1ccnc2cc(Cl)ccc12,-1.1927777671966924
1761,CCC(C)(CC)C[C@@H](N1CCC[C@@H](C1)N2C=C(C)C(=O)NC2=O)c3ccc(C(=O)O)c(Oc4cccc(Br)c4)c3,-0.189232498163084
1762,CC[C@H]1OC(=O)[C@H](C)[C@@H](O[C@H]2C[C@@](C)(OC)[C@@H](O)[C@H](C)O2)[C@H](C)[C@@H](O[C@@H]3O[C@H](C)C[C@@H]([C@H]3O)N(C)C)[C@](C)(O)C[C@@H](C)\C(=N/OCOCCOC)\[C@H](C)[C@@H](O)[C@]1(C)O,-0.3314014112761785
1763,C1CN2C[C@@H](N=C2S1)c3ccccc3,-1.1593262582289054
1764,C[C@H](Nc1nc(Nc2ncc(C#N)s2)cc(n1)N3CCOCC3)c4ccc(F)cn4,1.0484733336450331
1765,Cc1nc(C)c(nc1C(=O)N)c2ccc(cc2)[C@@H]3CC[C@@H](Cc4nnn[nH]4)CC3,-0.6659165009540481
1766,NCC[C@@H](Oc1cc(Cl)c(F)cc1C#N)c2ccccc2,-1.1927777671966924
1767,OC(=O)CCc1ccc(OCc2cc(Cl)ccc2c3ccccc3)cc1,0.8561271570802582
1768,COc1cc(ccc1Cn2ncc3ccc(NC(=O)CC4CCCC4)cc23)C(=O)NS(=O)(=O)c5ccccc5,-0.4986589561151132
1769,CC(C)N1CCC[C@@H](CN2CCN(CC2)C(=O)Nc3ccc(Cl)c(Cl)c3)C1,-0.4819332016312197
1770,COc1ccc(Cl)c(Nc2ncnc3cc(OC)cc(OC4CCN(C)CC4)c23)c1,1.1739164922742342
1771,OC(=O)c1cccc(c1)N2CCC(CN3CCC(CC3)Oc4ccc(Cl)c(Cl)c4)CC2,-0.0219749533241493
1772,COc1cc(ccc1Nc2ncc(C)c(n2)c3cnc4ccccn34)N5CCN(CC5)C(=O)C,0.5885150853379624
1773,COc1ccccc1CNC(=O)c2ccc3cnccc3n2,-0.3314014112761785
1774,COCCNCc1cccc(CCNC[C@H](O)c2ccc(O)c3NC(=O)Sc23)c1,-1.8283564375846448
1775,CNc1cccc(CCOc2ccc(C[C@H](NC(=O)c3c(C)cc(C)cc3C)C(=O)O)cc2)n1,-1.4018496982453608
1776,CN(C(=O)C)c1ccc2ccn(c3cc(NC4CC4)n5ncc(C#N)c5n3)c2c1,0.5885150853379624
1777,CN(C)CC(O)COc1ccc(Nc2ncc(C)c(Nc3ccccc3)n2)cc1,-0.1641438664372438
1778,CC(C)(CO)Nc1nc(SCc2cccc(F)c2F)nc3nc(N)sc13,0.9815703157094592
1779,CC[C@H](NC(=O)c1c(CC[S+](C)[O-])c(nc2ccccc12)c3ccccc3)c4ccccc4,0.7975870163866309
1780,COc1ncc2N=CC(=O)N(CCN3CCC(CC3)NCc4cc5OCCOc5cn4)c2n1,-1.9537995962138452
1781,CCN1C(=O)C=Cc2cnc(Nc3ccc(OC)c(OC)c3)nc12,0.4212575404990279
1782,Cc1ccnc(NCc2ccccc2)c1,0.7390468756930038
1783,CCc1c(C)nc2sc(C(=O)N)c(N)c2c1C,0.3543545225634539
1784,Fc1ccc(CC2=NNC(=O)c3ccccc23)cc1C(=O)N4CCN(CC4)C(=O)C5CCCO5,-1.084060363051385
1785,O=C(Nc1ccc(nc1)n2ccnc2)c3ccc(cc3)C#N,0.003113678401691
1786,Brc1ccc(cc1)S(=O)(=O)NCC(N2CCCCCC2)c3ccccc3,0.8477642798383113
1787,COc1ccc(F)c(F)c1C(=O)c2cnc(NC3CCN(CC3)S(=O)(=O)C)nc2N,-0.0972408485016698
1788,OC(=O)COc1ccc(cc1c2ccccc2c3ccccc3)C(F)(F)F,-0.6826422554379415
1789,Oc1ccc(cc1)c2oc3c(cc(O)cc3n2)C#N,1.1739164922742342
1790,CN(c1ccc(cc1)c2cc(ccc2OCC(=O)O)C(F)(F)F)S(=O)(=O)C,-2.514112371424277
1791,Nc1[nH]ncc1c2cc(Cl)ccc2Oc3cc(F)c(cc3Cl)S(=O)(=O)Nc4cscn4,0.0867424508211581
1792,NC(=O)c1cccc(O[C@H]2C[C@H]3CC[C@@H](C2)N3Cc4ccccc4)c1,-0.4902960788731664
1793,Cc1nc(cs1)C(=O)N2CCCC3(CCN(Cc4ccc(Cl)cc4)CC3)C2,-1.301495171342
1794,CCC[C@H](CO)Nc1nc(S[C@@H](C)c2cccc(c2)C#N)nc3NC(=O)Sc13,1.2575452646937015
1795,CC(C)CN1C(=O)N(C)C(=O)c2c1sc(Cc3ccccc3C(F)(F)F)c2C(=O)N4CC=CC4,1.1153763515806068
1796,CN(C)c1cccc2c(cccc12)S(=O)(=O)Nc3cnccn3,-1.084060363051385
1797,CC1=C(Cc2ccccc2)C(=O)n3nc(NCc4cccc(Cl)c4)nc3N1,1.1739164922742342
1798,Nc1ccc(Cl)c(c1)c2oc3cccnc3n2,-0.189232498163084
1799,Clc1ccc(OC2CCNCC2)cc1C(=O)NCC34CC5CC(CC(C5)C3)C4,-0.3063127795503382
1800,CS(=O)(=O)c1ccccc1C(=O)NC[C@@H](O)CN2CCC(CC2)Oc3ccc(Cl)c(Cl)c3,0.1201939597889451
1801,CC(C)CN1C(=O)N(C)C(=O)c2c1sc(Cc3ccccc3C(F)(F)F)c2C(=O)N4CCC4,1.0568362108869798
1802,Cc1ccc([nH]1)C(=O)NC2CCN(CC2)c3cc(cc(Cl)n3)C(=O)N,0.3710802770473474
1803,NC1(CCC1)c2ccc(cc2)C3=Nc4ccccc4C(=O)N3c5ccccc5,-0.5822877285345807
1804,Cc1ccn2c(c(C)nc2c1)c3ccnc(N)n3,0.162008345998679
1805,COCCNc1nc(nc(NCC(C)C)c1N)C#N,0.504886312918495
1806,CN(C)CCCOc1nn(Cc2ccccc2)c3ccccc13,0.1703712232406256
1807,N(c1ccccc1)c2[nH]nnc2c3ccccc3,0.9815703157094592
1808,C[Si](C)(C)C#Cc1cn(C[C@H]2CN(C(=O)O2)c3ccc(C4=CCS(=O)(=O)CC4)c(F)c3)nn1,-0.7829967823413023
1809,Clc1ccccc1c2cnn[nH]2,0.4045317860151344
1810,Cc1ccnc(NCc2c(O)ccc3ccccc23)c1,1.7091406357588257
1811,O=C(CCN1CCCCC1)Nc2ccc(C3=CC=CN4C(=O)C=C(N=C34)N5CCOCC5)c6sc7ccccc7c26,0.5885150853379624
1812,Cc1oc(nc1CCOc2ccc(C[C@H](Nc3ccccc3C(=O)c4ccccc4)C(=O)O)cc2)c5ccccc5,1.0902877198547667
1813,COc1ccc(cc1)C(CNC(=O)Nc2ccccc2)N3CCN(C)CC3,-0.5822877285345807
1814,COCc1c(nc(C(C)C)c(\C=C\[C@@H](O)C[C@@H](O)CC(=O)O)c1c2ccc(F)cc2)C(C)C,-0.3983044292117524
1815,COc1cc2ncc(C(=O)N)c(Nc3cccc(Cl)c3Cl)c2cc1OC,1.0066589474352992
1816,Cc1cc(F)ccc1OC2CCN(CC3CCN(CC3)[C@@H](Cc4ccc(F)cc4)C(=O)O)CC2,-0.3230385340342318
1817,CN(C)c1ccnc2sc(C(=O)NCc3ccccc3)c(N)c12,1.1906422467581277
1818,CC(C)n1c(C)ncc1c2ccnc(Nc3ccc(cc3)C(=O)N4CCN(C)CC4)n2,-0.0805150940177763
1819,CN([C@@H]1CCN(Cc2ccc(cc2)C(F)(F)F)C[C@@H]1F)C(=O)Cc3ccc(cc3)S(=O)(=O)C,0.4212575404990279
1820,COc1ccc2CC3C4C=CC(O)C5Oc1c2C45CCN3C,-1.167689135470852
1821,CC1=C(C(=O)Oc2cc(O)ccc12)c3ccc(O)cc3,0.504886312918495
1822,CC(C)CN1C(=O)N(C)C(=O)c2c(SCCCO)c(Cc3ccccc3C(F)(F)F)sc12,1.550245968161837
1823,OC1=CC(=O)C2=C(O1)c3ccccc3N(C2=O)c4ccccc4,-1.0338830995997044
1824,CCCSc1c(cnn1[C@@H]2CC[C@H](CC2)C(=O)O)C(=O)NC3CCCCC3,-0.9753429589060773
1825,CC(C)Oc1ccc2C(=O)C(=COc2c1)c3ccccc3,1.566971722645731
1826,COCCS(=O)(=O)N1CCN(CC1)c2ccc(Nc3nccc(n3)c4cnc(C)n4C(C)C)cc2,0.4630719267087614
1827,O=C1N(Cc2ccccc12)C3CCN(CCC(c4ccccc4)c5ccccc5)CC3,1.5920603543715706
1828,CCOC(=O)C1=COc2ccccc2C1=O,-0.3230385340342318
1829,COC(=O)COc1ccc(cn1)C(=O)Nc2ccc(F)cc2,0.195459854966466
1830,COc1cc(ccc1Nc2ncc(Cl)c(n2)c3cnc4ccccn34)N5CCNCC5,0.1703712232406256
1831,CCN(C1CCN(CC[C@H](C2CCN(CC2)S(=O)(=O)C)c3ccccc3)CC1)C(=O)Cc4ccc(cc4)S(=O)(=O)C,-0.9586172044221838
1832,COc1ccccc1CN[C@H]2CCCN[C@H]2c3ccccc3,-0.5822877285345807
1833,CC(C)N1CCN(CC1)C(=O)NCc2ccc(Cl)c(Cl)c2,0.4630719267087614
1834,OC(=O)CSCC(=O)Nc1nc(cs1)c2ccc(F)cc2,-2.003976859665526
1835,CN1C(=O)N(CC2CC2)c3nn(Cc4ccnc5ccc(Cl)cc45)c(c6oc(cc6Cl)S(=O)(=O)C)c3C1=O,1.4833429502262634
1836,CN(C)c1cccc(c1)C(=O)Nc2ccc(C)c(NC(=O)c3ccc(OCc4ccccn4)cc3)c2,0.5299749446443354
1837,CC(C)C(NC(=O)CN1C(=O)C(=CC=C1c2ccccc2)NC(=O)CN3CCOCC3)C(=O)C(F)(F)F,-0.1641438664372438
1838,OC(=O)C1=CN(C2CC2)c3cc(N4CCNCC4)c(F)cc3C1=O,-2.6395555300534776
1839,NC(=O)Nc1sc(cc1C(=O)N)c2ccc(CNC3CCCC3)cc2,-0.8164482913090892
1840,CN(C)CC(O)COc1ccc(Nc2cc(Nc3cc(C)ccc3Cl)ncn2)cc1,-0.0303378305660959
1841,Clc1cccc(C(=O)NCC23CC4CC(CC(C4)C2)C3)c1Cl,1.8178580399041329
1842,OC(=O)COc1cccc(c1)C(=O)N2CCC(CC2)N3CCC(CC3)Oc4ccc(Cl)c(Cl)c4,-0.9251656954543968
1843,O=C(Nc1nnn[nH]1)C2=CC(=C3C=CC=CN3C2=O)Oc4ccccc4,-1.27640653961616
1844,O=C(N1CC(=O)Nc2ccccc12)c3occc3,-0.824811168551036
1845,C[C@@H]1CN(C[C@H](C)O1)c2nc(N3CCOCC3)c4ccc(Nc5ccccc5)nc4n2,1.6087861088554645
1846,C[C@@H]1CN[C@@H]2[C@@H](C1)O[C@]3(CC[C@H]4[C@@H]5CC=C6C[C@@H](O)CC[C@]6(C)[C@H]5CC4=C3C)[C@@H]2C,0.3627173998054005
1847,C[C@@H](NC1=CC(=O)CCC1)c2ccc(Nc3ncc4cc(ccc4n3)c5ccncc5)cc2,0.8143127708705243
1848,CC(C)CN1C(=O)N(C)C(=O)c2c1sc(Cc3ccccc3C(F)(F)F)c2C(=O)N4CCCC4,1.3411740371131686
1849,Fc1ccc(C2CCN(CC2)C(=S)COCc3ccncc3)c(Cl)c1,1.7007777585168788
1850,CC(C)(C)C(=O)NCc1ccc(NC(=O)N2CCCC(O)(C2)c3ccc(Cl)c(Cl)c3)cc1,1.4498914412584765
1851,Cc1cc(F)ccc1OC2CCN(CC3CCN(CC3)[C@@](C)(Cc4ccc(F)cc4)C(=O)O)CC2,-0.1641438664372438
1852,CNS(=O)(=O)CCc1ccc2[nH]cc(C3CCN(C)CC3)c2c1,-1.4353012072131477
1853,O[C@@H](CNCCCOCCOCCc1ccccc1)c2ccc(O)c3NC(=O)Sc23,-0.9251656954543968
1854,FC(F)(F)c1cc(COCC(N2CCNCC2)c3cccc(Cl)c3)cc(c1)C(F)(F)F,1.6756891267910383
1855,CC[C@H](N1CCC[C@@H](C1)N2C=C(C)C(=O)NC2=O)c3ccc(C(=O)O)c(Oc4cccc(Cl)c4)c3,-1.652736015503763
1856,OC[C@@H](O)CN1C(=O)[C@H](Cc2ccccc12)NC(=O)c3cc4cc(Cl)sc4[nH]3,0.8979415432899918
1857,CCN(c1ccccc1)c2cc(NC)[n+](C)c(C)n2,-2.597741143843744
1858,CN[C@@H](C)C(=O)N[C@H](C(=O)N[C@H]1CCCN(CCc2ccc(F)cc2)C1)C(C)(C)C,0.7724983846607908
1859,CN1CCC(=CC1)c2cccc(O)c2,-1.393486821003414
1860,CC(N1C(=O)c2ccccc2C1=O)C(=O)N3CCc4ccccc4C3,0.228911363934253
1861,NC(=O)Cc1ccccc1,-1.585832997568189
1862,CN1C(=O)N(C)c2ncn(C)c2C1=O,-1.861807946552431
1863,CC(C)Nc1nc(NCc2ccccc2)c3sccc3n1,1.4248028095326362
1864,COc1cc(Nc2c(cnc3cc(OC)c(OC)cc23)C#N)cc(OC)c1,1.0902877198547667
1865,Clc1ccc(cc1C(=O)NCC2CCCCC2)N3N=CC(=O)NC3=O,-0.7829967823413023
1866,CCc1nc2c(N)nc3ccccc3c2n1CCCCNS(=O)(=O)C,-0.7997225368251958
1867,CCC(C)(C)C(=O)O[C@H]1C[C@@H](C)C=C2C=C[C@H](C)[C@H](CC[C@@H]3C[C@@H](O)CC(=O)O3)[C@@H]12,1.2575452646937015
1868,Oc1nc2ccccc2nc1NCc3ccccc3,0.9230301750158318
1869,COc1cc(ccc1Nc2ccccc2C(=O)O)c3ccc(Nc4ccccc4C(=O)O)c(OC)c3,-0.3314014112761785
1870,Cc1nc(C)c(nc1C(=O)N)c2ccc([C@@H]3CC[C@H](CC(=O)O)CC3)c(Cl)c2,-0.4150301836956459
1871,CC1=CC2=NNC(=O)N2c3cc(ccc13)c4ccc[nH]4,0.9146672977738852
1872,OC(=O)[C@H](Cc1ccc(F)cc1)N2CCC(CN3CCC(CC3)Oc4ccc(Cl)c(Cl)c4)CC2,0.6554181032735363
1873,COc1cccc(Nc2c(cnc3c(C)cc(cc23)S(=O)(=O)c4cccc(c4)C(=O)N(C)C)C(=O)N)c1,0.4128946632570809
1874,NC1=NC2(CCN(CC2)C(=O)c3ccc(cc3)C#N)Nc4c(F)ccc(F)c14,-1.117511872019172
1875,Fc1ccc(cc1)C(=O)N2CCC(CC2)C(=O)c3ccc(Cl)cc3,1.08192484261282
1876,Cc1c(Oc2ccc(Cl)cc2)c3c(NS(=O)(=O)C)cccc3n1CC(=O)O,-2.656281284537372
1877,Cc1ccsc1C(=CCCN2CCC[C@H](C2)C(=O)O)c3sccc3C,-0.5906506057765274
1878,Oc1ccc(CCNCCS(=O)(=O)CCCOCCc2ccccc2)c3sc(O)nc13,0.345991645321507
1879,Cn1cnc(c2ccccc2)c1c3cc4c(N)ncnc4s3,0.6219665943057494
1880,CCN(CC)C(=O)c1ccc(cc1)C(=C2CCN(Cc3ccc(F)cc3)CC2)c4ccccn4,0.9063044205319384
1881,COc1cc(OC)cc(c1)C2=CC=C(NC(=O)OCc3ccccc3)C(=O)N2CC(=O)NC(C(C)C)C(=O)C(F)(F)F,0.0532909418533711
1882,OC(=O)c1ccc(cc1)n2ncc(C(=O)NC3C4CC5CC(CC3C5)C4)c2C(F)(F)F,-0.5822877285345807
1883,COc1cc(F)ccc1c2cncc(CNC(C)C)c2,-0.5822877285345807
1884,Clc1n[nH]c2cccc(Nc3ccnc(Nc4cc(cc(c4)N5CCOCC5)N6CCOCC6)n3)c12,0.4881605584346015
1885,C[C@@H](Oc1cccc2ncnc(Nc3ccc4c(cnn4Cc5ccccn5)c3)c12)C(=O)N(C)C,0.5801522080960159
1886,CCS(=O)(=O)c1ccc(c(Cl)c1)c2cc(Cl)ccc2OCC(=O)O,-2.196323036230301
1887,CC1=CN(C2CCCN(Cc3cccc(Oc4ccc(C)cc4)c3)C2)C(=O)NC1=O,0.9899331929514058
1888,Cc1cc(CN2Cc3ccccc3C2C(=O)Nc4ccc(Cl)cc4)ccc1OCC(=O)O,-0.6826422554379415
1889,CC(C)C[C@H](NC(=O)N1CCOCC1)C(=O)N[C@@H](CCc2ccccc2)\C=C\S(=O)(=O)c3ccccc3,1.0066589474352992
1890,C1CCN(CC1)c2ncnc3[nH]cnc23,-0.2979499023083915
1891,O=C(Nc1ccccc1)c2ccccc2,0.504886312918495
1892,CCCSc1nc(NC)ccc1C(=O)N[C@@H]2C3CC4CC2C[C@@](O)(C4)C3,0.8979415432899918
1893,Cc1ccc(\C=C(/C#N)\C(=O)N)cc1,-0.0888779712597233
1894,Clc1ccc(cc1)S(=O)(=O)NC(=O)N2CCC(CC2)N3CCC(CC3)Oc4ccc(Cl)c(Cl)c4,0.3292658908376135
1895,O=C1Oc2ccccc2C=C1c3ccccc3,0.8561271570802582
1896,C[C@@H]1NC(C)(C)CO[C@@]1(O)c2cccc(Cl)c2,-0.4233930609375927
1897,Nc1nc(N)c2cc(NCc3ccc(Cl)c(Cl)c3)ccc2n1,0.0198394328855845
1898,Clc1ccc(N2CCN(CC2)C(=O)COCc3ccncc3)c(Cl)c1,0.9899331929514058
1899,COc1ccc(cc1)c2nc3c(NCCCNC(=O)c4ccccc4)c(Br)cnc3[nH]2,-1.6276473837779226
1900,COc1ccc(cn1)C2=Cc3c(C)nc(N)nc3N([C@@H]4CC[C@H](CC4)OCCO)C2=O,0.003113678401691
1901,Nc1nccc(n1)c2cccs2,-0.3732157974859122
1902,Nc1cc(cc(c1)C(F)(F)F)C(=O)Nc2cccc(c2)c3nnn[nH]3,-1.6694617699876564
1903,Cc1cc(nn1C[C@H](O)CN)c2ccc(Cl)c(c2)C(=O)NCC3(O)CCCCCC3,-1.3600353120356272
1904,Brc1cnc(NCc2ccccc2)nc1Nc3cc([nH]n3)C4CC4,1.6004232316135178
1905,CC(=O)Nc1nc(CCc2ccc(NC(=N)N)cc2)cs1,-2.522475248666223
1906,Oc1cc(OCc2ccccc2)ccn1,-0.4233930609375927
1907,Clc1cccc(c1)c2cnc3ccc(NC4CCOCC4)nn23,1.7593178992105054
1908,CN[C@@H](C)C(=O)N[C@@H](C1CCCCC1)C(=O)N[C@H]2CCN(CCCc3ccccc3)C2,-0.2477726388567112
1909,CS(=O)(=O)Cc1cc(nc(n1)c2ccc(NS(=O)(=O)C)cc2)N3CCOCC3,-1.1258747492611183
1910,Cc1ccc(Nc2c(F)cccc2Cl)c(CC(=O)O)c1,-0.983705836148024
1911,C[C@@](O)(C(=O)Nc1ccc(cc1Cl)S(=O)(=O)NCCCO)C(F)(F)F,-0.0805150940177763
1912,CO[C@@H]1CN(Cc2ccc(cc2)C(F)(F)F)CC[C@@H]1N(C)C(=O)Cc3ccc(cc3)n4cnnn4,0.7557726301768973
1913,CSc1ccc2Sc3ccccc3N(CCC4CCCCN4C)c2c1,1.3077225281453817
1914,COc1cc(F)ccc1c2cccc(CNC3CCCC3)n2,-0.1139666029855633
1915,CN1CCN(CC1)C(=O)c2cc3cc(F)ccc3[nH]2,-0.189232498163084
1916,CC(C)CN1C(=O)N(C)C(=O)c2cn(Cc3cccc4ccccc34)cc12,1.85130954887192
1917,CC[C@H](NC(=O)c1c(N)c(nc2ccccc12)c3ccccc3)c4ccccc4,1.4164399322906895
1918,COc1ccccc1CN(C)Cc2cccc(CCNC[C@H](O)c3ccc(O)c4NC(=O)Sc34)c2,-0.5655619740506872
1919,N#Cc1cnn2c(NC3CC3)cc(nc12)c4cccs4,0.5717893308540689
1920,C[C@H](Nc1nc(Nc2ncc(C)s2)cc(n1)N3CCN(C)CC3)c4ccc(F)cn4,0.5885150853379624
1921,CCC(N(CCCN)C(=O)c1ccc(C)cc1)C2=Nc3nccnc3C(=O)N2Cc4ccccc4,-1.9537995962138452
1922,CC(C)CNc1nc(nc(N2CCOCC2)c1N)C#N,0.4965234356765484
1923,CS(=O)(=O)N1CCc2c1nc(nc2c3cnc(N)nc3)N4CCOCC4,-0.8331740457929828
1924,Oc1cc(O)c2C(=O)C(=COc2c1)c3ccc4OCOc4c3,1.0902877198547667
1925,C[C@H]1CN(Cc2cc(Cl)ccc2CC(=O)O)CCN1C(=O)Cc3ccc(Cl)cc3,-0.4484816926634329
1926,CC1(CC1)c2nc(ncc2C(=O)N[C@@H]3C4CC5CC3C[C@@](O)(C5)C4)N6CCOCC6,-0.1641438664372438
1927,CC(C)n1c2ccccc2c3c(C)c(NC(=O)N4CCOCC4)ccc13,1.0902877198547667
1928,Brc1cc(Br)cc(COC[C@@H](N2CCNCC2)c3ccccc3)c1,0.504886312918495
1929,c1ccc(cc1)c2nnc(s2)c3ccccc3,1.6756891267910383
1930,O=S(=O)(c1ccccc1)C2(CC2)c3cc(nc(n3)c4cccc5[nH]ccc45)N6CCOCC6,1.0066589474352992
1931,CC1CCN(CC1)C(=O)c2scc3OCCOc23,0.0532909418533711
1932,Clc1ccc(c(Cl)c1)c2nnc3cccc(Cl)n23,0.5717893308540689
1933,Oc1ccc(cc1)N2C=Nc3cc(O)ccc3C2=O,-0.4986589561151132
1934,COCCC(=O)Nc1ccc(Nc2ncc3cc(ccc3n2)c4ccncc4)cc1,0.4881605584346015
1935,COc1ccnc(NC2CCN(CC2)C(=O)c3ccccc3)c1,-0.1139666029855633
1936,COc1cnc(nc1NC(C)C)c2ccccn2,-0.1557809891952972
1937,CCOC(=O)c1ccc(OCC2CN(C2)c3ccc(C)nn3)cc1,0.7557726301768973
1938,COc1ccc2nc3ccccc3c(N)c2c1,-1.0004315906319174
1939,Cc1cccc(CN2CCN(CC2)C(c3ccccc3)c4ccc(Cl)cc4)c1,0.9982960701933526
1940,Clc1ccc2OCOc2c1Nc3ccnc(Nc4cc(cc(c4)N5CCOCC5)N6CCOCC6)n3,0.8812157888060983
1941,COc1ccc(C=NN=Cc2ccc(OC)c(OC)c2)cc1OC,0.9899331929514058
1942,CN1C=C(C(=O)c2c(O)cc(O)cc12)c3ccc(O)cc3,0.003113678401691
1943,O=C(CCc1ccccc1)c2ccccc2,1.3160854053873283
1944,CNc1nc2nc(SCc3cccc(F)c3F)nc(N[C@H](C)CO)c2s1,1.2575452646937015
1945,COc1cc(ccc1Cc2cn(C)c3ccc(cc23)C(=O)NCCc4ccccc4)C(=O)NS(=O)(=O)c5ccccc5C,0.2623628729020396
1946,CSc1nc(C(=O)N)c(N)s1,-0.824811168551036
1947,CC[C@@H]1COCCN1c2cc(nc(n2)c3cccc4[nH]ccc34)C5(CC5)S(=O)(=O)C,0.6721438577574299
1948,COc1ncc(cc1NS(=O)(=O)c2ccc(F)cc2F)c3ccc4nccc(c5ccnnc5)c4c3,0.253999995660093
1949,Nc1cccc2C(=O)N(Cc3cccc(Cl)c3)C(=O)c12,0.8226756481124713
1950,Nc1c(cnn1c2ccc(F)cc2)C(=O)c3cccc(OC[C@@H](O)CO)c3,-0.2394097616147645
1951,O[C@H](CNC(=O)C1=CNC(=O)c2ccc(F)cc12)CN3CCC(CC3)Oc4ccc(Cl)c(Cl)c4,1.4498914412584765
1952,Nc1c(cnn1c2ccc(F)cc2)C(=O)c3cccc(OC[C@H](O)CO)c3,-0.2143211298889242
1953,CC(C)(C)c1ccc(cc1)C2=NC(=O)C(CC(=O)O)S2,-1.9203480872460583
1954,CCc1nc(N)nc(N)c1c2ccc(Cl)cc2,0.095105328063105
1955,Cc1cnc(Nc2ccc(OCCN3CCCC3)cc2)nc1Nc4cccc(c4)S(=O)(=O)NC(C)(C)C,-0.0721522167758298
1956,CS(=O)(=O)N1CCC(CC1)NC(=O)NC23CC4CC(CC(C4)C2)C3,0.4212575404990279
1957,COc1ccc2N=CC(=O)N(CCN3CCC(CC3)NCc4cc5OCCOc5cn4)c2n1,-1.142600503745012
1958,CCN(CC)CCNC(=O)c1c(C)[nH]c(\C=C\2/C(=O)Nc3ccc(Cl)cc23)c1C,0.4630719267087614
1959,CC(=O)Nc1nnc(s1)S(=O)(=O)N,-2.4890237396984363
1960,Cc1sc2c(C(=N[C@@H](CC(=O)OC(C)(C)C)c3nnc(C)n23)c4ccc(Cl)cc4)c1C,1.357899791597062
1961,Cc1ccc(cc1)n2nc(cc2NC(=O)Nc3ccc(OCCN4CCOCC4)c5ccccc35)C(C)(C)C,1.9182125668074936
1962,NC(=O)c1cccc(S[C@H]2C[C@H]3CC[C@@H](C2)N3Cc4ccccc4)c1,0.0198394328855845
1963,CN1[C@@H]2CC[C@H]1C[C@H](C2)OC(c3ccccc3)c4ccccc4,-0.5906506057765274
1964,Fc1cccc(CN2CCN(CC2)c3ccc4nnc(n4n3)C(F)(F)F)c1F,1.1739164922742342
1965,COc1cc(ccc1Nc2ncc(Cl)c(n2)c3cnc4cc(C)ccn34)N5CCN(CC5)C(=O)C,0.9230301750158318
1966,CC(C)n1c(C)ncc1c2nc(Nc3ccc(C(=O)NC4CCN(C)CC4)c(F)c3)ncc2F,0.1787341004825725
1967,CC1N(C(=O)c2ccccc2)c3ccccc3NC1=O,-0.0721522167758298
1968,CC(C)[C@@H]1N(C)c2ccccc2C[C@@H](CO)NC1=O,-0.1390552347114037
1969,COc1cc(F)ccc1c2cncc(CNC3CCCC3)c2,0.0783795735792115
1970,NC(=O)c1cn([C@@H]2O[C@H](CO)[C@@H](O)[C@H]2O)c3ncnc(N)c13,-2.564289634875957
1971,CCOC(=O)c1ccc(OCCC2CN(CCO2)c3ccc(C)nn3)cc1,0.4212575404990279
1972,Cc1c(OCC(F)(F)F)ccnc1C[S+]([O-])c2nc3ccccc3[nH]2,0.4212575404990279
1973,Cc1cccc(Nc2ncnc3ccccc23)c1,0.8477642798383113
1974,O=C(NCC#N)[C@@H]1CCCC[C@H]1C(=O)N2CCC=CC2,-1.084060363051385
1975,COc1ccccc1N2CCN(CC3=C(Br)C(=O)N(N3C)c4ccccc4)CC2,0.253999995660093
1976,CCCCCOC(=O)NC1=NC(=O)N(C=C1F)[C@@H]2O[C@H](C)[C@@H](O)[C@H]2O,-1.27640653961616
1977,O=C(N[C@H]1CN2CCC1CC2)c3ccc(s3)c4ccccn4,-1.2513179078903196
1978,COC(=O)c1c(C)[nH]c(C)c1C(=O)c2ccccc2Cl,0.4212575404990279
1979,ONC(=O)CN1C(=O)C(Cc2ccccc12)NC(=O)c3cc4cc(Cl)sc4[nH]3,0.1703712232406256
1980,C[C@@H](C[C@@](C)(CS(=O)(=O)N1CCN(CCc2ccc(Cl)cc2Cl)CC1)N(O)C=O)c3ncc(F)cn3,0.8979415432899918
1981,NC(=O)c1ccc(Br)cc1,-0.3732157974859122
1982,OC(CCN1CCCCC1)(C2CCCCC2)c3ccccc3,0.4045317860151344
1983,CN(c1ccc(c(C)c1)c2cc(ccc2OCC(=O)O)C(F)(F)F)S(=O)(=O)C,-2.3301290721014483
1984,Cc1nc(C)c(nc1C(=O)N)c2ccc3c(CC[C@@]34CC[C@H](Cc5nnn[nH]5)CC4)c2,-0.1641438664372438
1985,CC(C)n1c(C)ncc1c2ccnc(Nc3ccc(C(=O)N(C)C)c(F)c3)n2,0.4547090494668149
1986,CO[C@@H]1CN(CCN2C(=O)C=Nc3ccc(OC)cc23)CC[C@H]1NCc4ccc5OCC(=O)Nc5n4,-1.0255202223577575
1987,CC#CCN1C(=O)N(CC2CC2)c3nn(Cc4ccnc5ccc(Cl)cc45)c(c3C1=O)c6cncn6C,1.1822793695161806
1988,COc1cc2c(Nc3ccc(NC(=O)c4ccccc4)cc3)ncnc2cc1OCCCN5CCOCC5,1.0902877198547667
1989,CCN(CC)CCOC(=O)C1(CCCC1)c2ccccc2,0.0867424508211581
1990,CNc1c(Br)cnc2[nH]c(nc12)c3ccc(O)cc3,0.228911363934253
1991,CN(C)C(=O)[C@H](Cc1ccccc1)NC(=O)c2cc3sccc3[nH]2,0.7557726301768973
1992,Fc1ccccc1Nc2oc(nn2)C(=O)Nc3ccc(cc3)N4CCOCC4,0.7139582439671633
1993,Nc1nccc(n1)c2cc3C(=O)NC[C@@H](CCF)c3[nH]2,-1.4102125754873076
1994,Nc1ccccc1NC(=O)c2ccc(cc2)c3ncc(CN4CCC4)cc3F,-0.4233930609375927
1995,CC(C)(C)c1cc2nc3C(=O)N(Cc4ccccc4)Cc3c(O)n2n1,-0.2477726388567112
1996,Nc1ccc(Cl)c(c1)C(=O)NCC23CC4CC(CC(C4)C2)C3,1.0484733336450331
1997,COc1ccc(CN2C(=O)CCC2(C)C(=O)NC3CCCCC3)c(OC)c1,0.1536454687567321
1998,CC(C)C(NC(=O)CN1C(=O)C(=CN=C1c2ccc(F)cc2)NC(=O)OCc3ccncc3)C(=O)C(F)(F)F,0.0198394328855845
1999,CN(C)C(=O)N[C@@H]1CC[C@@H](CCN2CCN(CC2)c3cccc(Cl)c3Cl)CC1,1.1739164922742342
2000,CCN(CCO)CCCOc1cc2ncnc(Nc3cc(CC(=O)Nc4cccc(F)c4)[nH]n3)c2cc1OC,-0.0637893395338828
2001,C[C@H]1CN(CCN1c2ncc(OCc3ccc(cc3)S(=O)(=O)C)cn2)C(=O)OC(C)(C)C,1.0902877198547667
2002,C[C@@H]1CCCN1CCc2oc3ccc(cc3c2)c4ccc(cc4)C#N,1.0986505970967133
2003,COc1ccc(OC)c(c1)c2cccc3c(N)c(nnc23)C(=O)NC4(C)CCC4,1.9098496895655472
2004,COc1ccc(Oc2cccc(CN3CCCC(C3)N4C=C(C)C(=O)NC4=O)c2)cc1,0.8143127708705243
2005,O=C(NCC#N)[C@@H]1CCCC[C@H]1C(=O)N2CCc3ccccc3C2,-0.2394097616147645
2006,CCc1c(C(=O)C(=O)N)c2c(OCC(=O)N)cccc2n1Cc3ccccc3,-0.0805150940177763
2007,CCN(C1CCN(CCC(c2ccc(F)cc2)c3ccc(F)cc3)CC1)C(=O)Cc4ccc(cc4)S(=O)(=O)C,0.8477642798383113
2008,CSCc1cc(nc(n1)c2ccccc2)N3CCOCC3,0.8895786660480448
2009,OCCN1CC=CC[C@@H](C1)c2ccc(Cl)c(Cl)c2,0.1452825915147855
2010,COc1ccccc1O[C@H]([C@@H]2CNCCO2)c3ccccc3,-1.084060363051385
2011,CS(=O)(=O)c1cccc(Nc2nccc(n2)N(CC#N)c3c(Cl)ccc4OCOc34)c1,0.8059498936285777
2012,CN1CCN(CC1)c2ccc(Nc3ccnc4ccccc34)cc2,-0.7495452733735153
2013,Oc1ccc(cc1)c2nc3ccccc3nc2c4ccc(O)cc4,0.4212575404990279
2014,C[C@@H]1CN(CCN1c2ncc(OCC3CCN(CC3)S(=O)(=O)C)cn2)C(=O)OC(C)(C)C,1.0902877198547667
2015,CCCCC(NC(=O)CC1CCN(Cc2ccn(c2)c3ccc(cc3)C(F)(F)F)CC1)C4=CNC(=O)C=C4,0.5801522080960159
2016,Oc1ccc(NC(=O)c2ccc(O)cc2)cc1,-0.5822877285345807
2017,Cc1ccccc1C(=O)NCC23CC4CC(CC(C4)C2)C3,1.7425921447266124
2018,CN1CCN2C(C1)c3ccccc3Cc4cccnc24,0.5216120674023884
2019,Nc1cc(nc(N)[n+]1[O-])N2CCCCC2,-1.1927777671966924
2020,CCOc1cc2nnc(C(=O)N)c(Nc3cccc(Cl)c3F)c2cc1N4CCN(C)CC4,-0.1725067436791905
2021,CN1CCN(CC1)c2ccc3N=CN(C(=O)c3c2)c4cc(NC(=O)c5oncc5)ccc4C,-0.3732157974859122
2022,COc1c(N2C[C@@H]3CCCN[C@@H]3C2)c(F)cc4C(=O)C(=CN(C5CC5)c14)C(=O)O,-1.9872511051816328
2023,CC(=O)Nc1ccc2ccn(c3cc(NC4COC4)n5ncc(C#N)c5n3)c2c1,0.036565187369478
2024,Cc1ncsc1CCOCCCS(=O)(=O)CCNCCc2ccc(O)c3nc(O)sc23,-0.6324649919862612
2025,CCc1cccc(c1)N(C)C(=N)Nc2cccc3ccccc23,-0.5237475878409534
2026,CN1C(=O)N(CC2CC2)c3nn(Cc4ccnc5ccc(Cl)cc45)c(c6oc(cc6)S(=O)(=O)C)c3C1=O,0.4296204177409745
2027,Cc1ccn2c(NC(=O)c3ccccc3)c(nc2c1)c4cccs4,0.5634264536121224
2028,O[C@H]([C@H](Cc1ccccc1)NC(=O)c2cc3cc(Cl)ccc3[nH]2)C(=O)N4C[C@@H](O)[C@@H](O)C4,0.504886312918495
2029,Cc1c[nH]c(\C=C\2/C(=O)Nc3ccccc23)c1CCC(=O)O,-0.8331740457929828
2030,NC1=NC(Nc2c(F)ccc(F)c12)c3occc3,-0.8331740457929828
2031,C[C@@H]1CN(CCN1c2ncc(OCc3ccncc3C#N)cn2)C(=O)OCC(F)F,0.0867424508211581
2032,Oc1ccc(cc1)C2=Cc3cccc(O)c3OC2=O,0.504886312918495
2033,O=C1N2C=CC=CC2=Nc3ccccc13,-0.0805150940177763
2034,COc1cc2N(CCN3CCC(CC3)NCc4cc5OCCOc5cn4)C(=O)C=Cc2cn1,-1.2680436623742128
2035,OC(CCN1CCCCC1)(C2CC3CC2C=C3)c4ccccc4,0.2456371184181464
2036,CC(C)C(NC(=O)CN1C(=O)C2=C(C=C1c3ccccc3)C(=O)N(CCN4CCOCC4)C(=O)N2)C(=O)C(F)(F)F,-0.2394097616147645
2037,COC(=O)NC1=CN=C(N(CC(=O)NC(C(C)C)C(=O)C(F)(F)F)C1=O)c2ccc(F)cc2,-0.314675656792285
2038,O=C(N1CCCCC1)c2csc3CCCCc23,0.8394014025963648
2039,O=C1COC2(CCN(CC2)S(=O)(=O)c3ccc(cc3)c4ccc5cccnc5c4)CN1C6CC6,0.8728529115641517
2040,C[C@@](CCc1ccc(cc1)c2ccc(Cl)cc2)(C(=O)NO)S(=O)(=O)C,0.1703712232406256
2041,Cn1c(SCc2c(Cl)cccc2Cl)nnc1c3ccc4nonc4c3,0.9648445612255656
2042,CC(C(=O)O)c1ccc(c(F)c1)c2ccccc2,-1.1258747492611183
2043,NS(=O)(=O)c1ccc(Nc2nccc(Nc3c(Cl)ccc4OCOc34)n2)cc1,0.4212575404990279
2044,Nc1[nH]nc2cccc(Cl)c12,-0.2310468843728177
2045,CCN[C@H]1C[C@H](C)S(=O)(=O)c2sc(cc12)S(=O)(=O)N,-1.6109216292940292
2046,CCOC(=O)c1ccc(CCN2CCN(CC2)c3ccc(C)nn3)cc1,0.320903013595667
2047,CN[C@@H](C)[C@H](O)c1ccccc1,-2.7984501976504657
2048,CC(C)CN1C(=O)N(C)C(=O)c2c1sc(Cn3c(C)nc4ccccc34)c2C(=O)N5CC[C@@H](O)C5,-0.7160937644057284
2049,CO[C@H]1CN(CCCOc2ccc(F)cc2)CC[C@H]1NC(=O)c3cc(Cl)c(N)cc3OC,1.140464983306447
2050,CN(C1CCN(C)CC1)c2nccc(Nc3cc(NC(=O)c4ccnc(c4)N5CCOCC5)ccc3C)n2,-0.3314014112761785
2051,CCN(CC)C(=O)c1ccc(cc1)C(=C2CCN(Cc3ccc(F)cc3)CC2)c4cccnc4,1.2157308784839678
2052,O[C@@]1(CN2CCC1CC2)C#Cc3ccc(Oc4ccc(cc4)C(=O)NCc5ccncc5)cc3,0.095105328063105
2053,CSc1ncccc1C(=O)Nc2nccs2,-0.6408278692282079
2054,CC(C)C(NC(=O)CN1C(=O)C(=CC=C1c2ccccc2)NS(=O)(=O)NCc3ccccc3)C(=O)C(F)(F)F,0.31254013635372
2055,Oc1ccc2OCC(=O)N(CCN3CCC(CC3)NCc4ccc5OCC(=O)Nc5n4)c2c1,-1.4018496982453608
2056,Cc1ccc(cc1)c2cccc(c2)c3nn[nH]n3,-0.7495452733735153
2057,CS(=O)(=O)c1ccc(cc1)c2cc(ccc2OCC(=O)O)C(F)(F)F,-2.564289634875957
2058,Cc1cc(N)c2cc(NC(=O)CCC(=O)Nc3ccc4nc(C)cc(N)c4c3)ccc2n1,-0.6742793781959948
2059,O[C@@H](CNCCc1cccc(CNCCc2ccccn2)c1)c3ccc(O)c4NC(=O)Sc34,-1.8952594555202185
2060,CC(C)(C)C(O)\C(=C/c1ccc(Cl)cc1Cl)\n2cncn2,1.3411740371131686
2061,Nc1ccc2c(c1)C(=O)C(=O)c3cc(N)ccc23,-0.3983044292117524
2062,CN1CCc2cc(Cl)c(O)cc2[C@H](C1)c3ccccc3,0.253999995660093
2063,CCc1cc(ccn1)C(=S)N,-0.5655619740506872
2064,Clc1ccc2C(=O)C3=C(Nc2c1)C(=O)NN(Cc4ccsc4)C3=O,-0.9084399409705032
2065,Cc1c(Sc2ccc(Cl)cc2)c3c(cccc3n1CC(=O)O)c4ccccc4,0.345991645321507
2066,CCN1CCN(CC(=O)Nc2ccc(c3cccc4C(=O)C=C(Nc34)N5CCOCC5)c6sc7ccccc7c26)CC1,0.3376287680795604
2067,Cc1cc(Cl)ccc1OC2CCN(CC3CCN(CC3)[C@@H](Cc4ccc(F)cc4)C(=O)O)CC2,0.2790886273859331
2068,C[C@H](NC1=NC(=O)[C@@](C)(S1)C(F)(F)F)c2ccccc2F,0.7557726301768973
2069,CC1=C(N2[C@H](SC1)[C@H](NC(=O)[C@H](N)c3ccc(O)cc3)C2=O)C(=O)O,-2.5559267576340106
2070,CC(C)c1ccc(Sc2cnc(O)c(c2)C(=O)NCc3ccccc3)cc1,1.2575452646937015
2071,CO[C@@H]1CC[C@@]2(CC1)Cc3ccc(cc3C24N=C(C)C(=N4)N)c5cc(Cl)cc(c5)C#N,1.3411740371131686
2072,NC(=O)c1sc(cc1N)c2ccsc2,0.0282023101275311
2073,CCCSc1nc2ccc(NC(=O)CCNC(=O)N)cc2s1,0.5885150853379624
2074,COc1ccc(Nc2nccc(n2)c3cnc(C)n3C(C)C)cc1,1.0317475791611397
2075,CN(C)CC(O)COc1ccc(Nc2ncc(Cl)c(Nc3ccccc3)n2)cc1,0.0449280646114246
2076,CNC(=O)c1cccc2c1c(Sc3ccc(Cl)cc3)c(C)n2CC(=O)O,-2.581015389359851
2077,OC(=O)CN1C(=O)C(Cc2ccccc12)NC(=O)c3cc4sc(Cl)c(Cl)c4[nH]3,-1.27640653961616
2078,C[C@H](Nc1nc(Nc2ncc(C)s2)c(F)c(n1)N3CCOCC3)c4ncc(F)cn4,0.8979415432899918
2079,CC(C)n1c(C)ncc1c2ccnc(Nc3ccc(C(=O)NCCN(C)C)c(F)c3)n2,-0.1975953754050307
2080,COc1cc(Oc2ccnc3ccc(F)cc23)ccc1CC(=O)Nc4noc(C)c4C,1.5586088454037836
2081,O=C(NC1(CC1)C#N)[C@@H]2CCCC[C@H]2C(=O)N3CCN(CC3)c4nc5ccncc5s4,-0.4986589561151132
2082,Fc1ccc(Nc2oc(nn2)C(=O)Nc3ccc(nc3)N4CCOCC4)cc1,0.6721438577574299
2083,CC(=O)Nc1cccc(Nc2ncnc(n2)N3CCC(CC3)OCc4ccc(OC(F)(F)F)cc4)c1C,1.8429466716299732
2084,Cc1ccc(cc1c2ccc(nc2)C(=O)NCC3CC3)C(=O)NC4CC4,0.9732074384675122
2085,Cc1ccc2c(c1)c(c(C)n2CC(=O)O)S(=O)(=O)c3ccc(Cl)cc3,-1.7865420513749106
2086,CC(C)C(NC(=O)CN1C(=O)C(=CC=C1c2ccccc2)NC(=O)NCc3cccnc3)C(=O)C(F)(F)F,0.538337821886282
2087,CC(=O)Nc1nc(cs1)c2cccs2,0.4797976811926549
2088,CC(C)C(NC(=O)CN1C(=O)C(=CC=C1c2cccnc2)NC(=O)OCc3ccccc3)C(=O)C(F)(F)F,0.7139582439671633
2089,CC(C)n1c(C)ncc1c2nc(Nc3ccc(C(=O)N(C)C)c(F)c3)ncc2F,0.7892241391446843
2090,CCc1ccc(CCOc2ccc(CC3SC(=O)NC3=O)cc2)nc1,0.504886312918495
2091,Cn1c(ccc1c2cc(F)c3NC(=O)C(C)(C)c3c2)C#N,0.8477642798383113
2092,NC1CCc2cc(OC(=O)c3ccccc3)c(OC(=O)c4ccccc4)cc2C1,0.3376287680795604
2093,COC(=O)[C@H](Cc1ccc(cc1)[N+](=O)[O-])NC(=O)c2cccc3ccccc23,1.1571907377903403
2094,COc1cc2nc(nc(N)c2cc1OC)N3CCN(CC3)C(=O)C4CCCO4,-1.084060363051385
2095,CC(C)(N)C(=O)N[C@H](Cc1c[nH]c2ccccc12)C(=O)N[C@H](Cc3c[nH]c4ccccc34)NC=O,-1.0004315906319174
2096,OC(=O)CCc1ccc(NCc2cccc(Oc3ccccc3)c2)cc1,-0.0805150940177763
2097,OCCN(C(=O)CNC(=O)c1cc2cc(Cl)ccc2[nH]1)c3ccccc3,0.9815703157094592
2098,CCCCC(CC)CNC(=O)c1cc(ccc1Cl)N2N=CC(=O)NC2=O,0.1787341004825725
2099,O=C(NCc1ccncc1)c2ccc(Oc3ccccc3C#N)cc2,0.31254013635372
2100,CC1=CC(=O)Oc2cc3NCCCc3cc12,0.4212575404990279
2101,CCOc1cc2nnc(C(=O)N)c(Nc3ccc(F)cc3F)c2cc1N4CCN(C)CC4,0.3627173998054005
2102,NC1(CCC1)c2ccc(cc2)c3ncc4cccn4c3c5ccccc5,0.253999995660093
2103,COCCOc1cc2nccc(Nc3cc(O)c(Cl)cc3F)c2cc1OC,0.3710802770473474
2104,Cc1ccc2c(c1)c(Sc3ccc(Cl)cc3)c(C)n2CC(=O)O,-0.0136120760822024
2105,CN(C)CC(O)COc1ccc(Nc2cc(ncn2)N(CC#N)c3cc(Cl)ccc3Cl)cc1,-0.0805150940177763
2106,O=C(NC1(CC1)C#N)[C@@H]2CCCC[C@H]2C(=O)N3CCN(CC3)c4nc5cnccc5s4,-0.4484816926634329
2107,CCCSc1c(cnn1[C@@H]2CC[C@@H](CC2)C(=O)O)C(=O)NC3CCCCC3,-0.6742793781959948
2108,CCOC(=O)c1c(C)n(Cc2occc2)c3ccc(O)cc13,1.0902877198547667
2109,NC(=O)c1cccc(O[C@H]2C[C@H]3CC[C@@H](C2)N3CC4CCCCC4)c1,-0.5404733423248469
2110,CN(CCOc1ccccc1c2cc(C(=O)N)c(NC(=O)N)s2)Cc3ccccc3,1.0568362108869798
2111,Oc1c2ncc3ccccc3c2nn1c4ccc(Cl)cc4,-0.5655619740506872
2112,CCOC(=O)Nc1ccc(NCc2ccc(F)cc2)nc1N,0.0198394328855845
2113,CCC(N(CCCN)C(=O)c1ccc(cc1)C(C)C)C2=Nc3ccsc3C(=O)N2Cc4ccccc4,0.4379832949829214
2114,CCOC(=O)\C=C\[C@H](C[C@@H]1CCNC1=O)NC(=O)[C@@H](CC(=O)[C@@H](NC(=O)c2cc(C)on2)C(C)C)Cc3ccc(F)cc3,0.504886312918495
2115,CCC(=O)NCC[C@@H]1CCc2ccc3OCCc3c12,0.31254013635372
2116,COC1\C=C\OC2(C)Oc3c(C)c(O)c4C(=O)C(=CC(=O)c4c3C2=O)NC(=O)\C(=C/C=C/C(C)C(O)C(C)C(O)C(C)C(OC(=O)C)C1C)\C,-1.2513179078903196
2117,C[C@H](NC(=O)c1c(C)nn(C2CCOCC2)c1NS(=O)(=O)c3ccc(cc3)C4CC4)C(C)(C)C,-0.8080854140671425
2118,CCCc1c(O)c(ccc1OCCCCSCC(=O)O)C(=O)C,-0.7495452733735153
2119,N[C@H](CNC(=O)c1cc2c(cccc2[nH]1)c3ccccc3Cc4ccccc4)C(=O)O,0.8812157888060983
2120,COc1ccc2c(C)cc(N[C@H]3CC[C@@H](C3)NCc4cn(C)c5ccccc45)nc2c1,0.2790886273859331
2121,c1ccc2cnccc2c1,-0.4986589561151132
2122,C[C@H](Nc1ncc(F)c(Nc2cc(C)[nH]n2)n1)c3ncc(F)cn3,-0.3397642885181252
2123,Oc1ccc(cc1)c2oc3cc(O)ccc3n2,0.9230301750158318
2124,COc1ncc(cn1)c2cccc3OC[C@H](Cc23)NC(=O)c4ccc(OCC(F)(F)F)nc4,1.7593178992105054
2125,CC[C@H](NC(=O)c1c([S+](C)[O-])c(nc2ccccc12)c3cccc(F)c3)c4ccccc4,0.7892241391446843
2126,CC(=O)Nc1ccc(O)cc1OC[C@@H](O)CN2CCC3(CC2)Cc4cc(F)ccc4O3,-0.0805150940177763
2127,CC(C)C(NC(=O)CN1C(=O)C(=CC=C1c2ccccc2)NC(=O)OCc3ccncc3)C(=O)C(F)(F)F,0.1787341004825725
2128,COCCOc1ccc(Nc2ncc3cc(ccc3n2)c4ccncc4)cc1,0.7557726301768973
2129,CN1C(=O)C=C(CCc2ccc3ccccc3c2)N=C1N,0.4212575404990279
2130,O=S(=O)(Nc1ccc(cc1)S(=O)(=O)Nc2nccs2)c3ccc4OCCOc4c3,-0.189232498163084
2131,COc1cc2ncnc(Oc3cnn(CC(=O)Nc4ccc(cn4)N(C)C)c3)c2cc1OC,0.1369197142728386
2132,NC(=N)Nc1ccc(cc1)C(=O)Oc2ccc(Cl)cc2,-1.2513179078903196
2133,CCC[C@H](N1CCC[C@@H](C1)N2C=C(C)C(=O)NC2=O)c3ccc(C(=O)O)c(Oc4cccc(Cl)c4)c3,-1.4185754527292542
2134,NC1(CCN(CC1)c2ncnc3[nH]ccc23)C(=O)NC(Cc4ccccc4)c5ccc(Cl)cc5,1.5920603543715706
2135,CCC(CC)NC(=O)c1nnn(c1NS(=O)(=O)c2ccc(C)cc2)c3ccccc3,-1.4520269616970414
2136,CCN(CC)CCOc1ccc(cc1)C(O)(Cc2ccc(Cl)cc2)c3ccc(C)cc3,1.49170582746821
2137,O=C(CC12CC3CC(CC(C3)C1)C2)Nc4ccc5[nH]ncc5c4,1.533520213677944
2138,CC[C@H](NC(=O)c1c([S+](C)[O-])c(nc2ccccc12)c3ccccc3)c4ccccc4,0.8143127708705243
2139,NC1(Cc2ccc(Cl)cc2)CCN(CC1)c3ncnc4[nH]ccc34,0.4379832949829214
2140,[O-][N+](=O)c1cc(C(=O)NCC=C)c2N=C(Nc3ccc(Cl)c(Cl)c3)NC(=O)c2c1,0.4212575404990279
2141,Fc1ccc(cc1Cl)C(=O)Nc2ccc(Cl)nc2,1.2073680012420211
2142,NS(=O)(=O)c1cc2c(NC(NS2(=O)=O)C(Cl)Cl)cc1Cl,-1.5272928568745618
2143,O=C(Nc1nc2C(=O)NC=Nc2s1)c3ccccc3,-0.2143211298889242
2144,O=C(CSc1ccncc1)Nc2ccc(cc2)C(=O)c3ccccc3,1.1739164922742342
2145,CC(=O)Nc1ccc(CNc2[nH]nc3cccc(Oc4ccc(F)cc4)c23)cc1,1.7425921447266124
2146,Clc1ccc(cc1C(=O)NCC23CC4CC(CC(C4)C2)C3)C5CCNCC5,-0.5153847105990067
2147,O[C@@H](CNCCOc1cccc(CNCCc2ccccc2F)c1)c3ccc(O)c4NC(=O)Sc34,-0.281224147824498
2148,Fc1ccc(cc1)C(=O)C2CCN(CC2)C(=O)N3CCOCC3,-0.4902960788731664
2149,Oc1ccc2OC(=O)C(=Cc2c1)c3ccccc3,0.7724983846607908
2150,c1ccc2[nH]ncc2c1,-0.2477726388567112
2151,Fc1ccc(cc1F)N2C=CN=C(SCC(=O)NC3CCCC3)C2=O,-0.1641438664372438
2152,Oc1cc(O)c2C(=O)c3ccccc3Oc2c1,0.9982960701933526
2153,CC(C)CN1C(=O)N(C)C(=O)c2c1sc(Cc3ccnc4ccccc34)c2C(=O)N5C[C@@H](O)[C@@H](O)C5,-0.8498998002768763
2154,Cc1ccc(cc1)S(=O)(=O)Nc2c(C(=O)NCC(C)(C)C)c(C)nn2c3ccccc3,-0.6157392375023676
2155,COc1cc(Cc2cnc(N)nc2N)cc(OC)c1OC,-1.3098580485839468
2156,COC[C@H](C)Oc1cc(Oc2ccc(cc2)S(=O)(=O)C)cc(c1)C(=O)Nc3ccc(cn3)C(=O)O,-2.1795972817464078
2157,CC(C)n1c(C)ncc1c2ccnc(Nc3ccc(cc3)N4CCN(CC4)C(=O)C)n2,0.162008345998679
2158,CC[C@H](C)C(=O)O[C@H]1C[C@@H](C)C=C2C=C[C@H](C)[C@H](CC[C@@H](O)C[C@@H](O)CC(=O)O)[C@@H]12,-0.9418914499382902
2159,CCCS(=O)(=O)N1N=Cc2cc(Cl)ccc2B1O,-2.1712344045044607
2160,NC(=O)c1ccc(O[C@H]2C[C@H]3CC[C@@H](C2)N3Cc4ccccc4)nc1,-0.791359659583249
2161,O=C(Nc1nc(cs1)c2ccccc2)c3cccnc3,1.1906422467581277
2162,Cc1cc(CN2CCc3ccccc3C2C(=O)Nc4ccc(Cl)cc4Cl)ccc1OCC(=O)O,0.3627173998054005
2163,Cc1ccc(cc1)c2cc(C(=O)N3CCOCC3)c4cc(C)ccc4n2,1.1739164922742342
2164,NC(=O)c1ccn2c(c3ccccc3)c(nc2c1)c4ccc(cc4)C5(N)CCC5,-0.1641438664372438
2165,NC1(CCC1)c2ccc(cc2)c3nn4ccccc4c3c5ccccc5,0.8394014025963648
2166,CN1CCCC1c2cccnc2,-1.4185754527292542
2167,Clc1ccc(cc1)C(=O)N[C@H]2CN3CCC2CC3,-1.334946680309787
2168,COc1cccc(c1)[C@@H](C)NCCCc2ccccc2Cl,0.6721438577574299
2169,OC1=NC(=O)CN1N=Cc2oc(cc2)c3ccc(cc3)[N+](=O)[O-],-0.7077308871637816
2170,Cc1c(Sc2ccc(Cl)cc2)c3cc(Cl)ccc3n1Cc4nnn[nH]4,0.8812157888060983
2171,OC(=O)c1ccc(cc1)n2ncc(C(=O)NC3C4CC5CC(CC3C5)C4)c2C6CCCC6,-0.3983044292117524
2172,Brc1cccc2c3CN(CCc3[nH]c12)C(=O)[C@@H]4CCCC[C@H]4C(=O)NC5(CC5)C#N,0.7724983846607908
2173,Nc1nc2ccccc2s1,-0.1641438664372438
2174,COc1ccnc(NC2CCN(CC2)C(=O)c3ccc(cc3)C#N)c1,-0.3899415519698057
2175,Clc1ccc2C(=O)C3=C(Nc2c1)C(=O)NN(Cc4ccccn4)C3=O,-0.91680281821245
2176,C1Cc2ncc(c3ccc4OCCOc4c3)n2C1,0.1118310825469985
2177,COc1ccc(CC(=O)N(C)C2CCN(CCC(c3ccccc3)c4ccccc4)CC2)cc1OC,1.0066589474352992
2178,CNC(=O)c1ccc(CC(=O)N(C)C2CCN(Cc3ccc(cc3)C(F)(F)F)CC2)cc1,0.504886312918495
2179,CCN(CC)C(=O)c1ccc(cc1)[C@@H](N2CCN(CCOC)CC2)c3cccc(NC(=O)C4CC4)c3,0.128556837030892
2180,Cc1onc(C)c1CCC2CCN(CC2)S(=O)(=O)CC3(CCOCC3)N(O)C=O,-1.084060363051385
2181,OC1=C(C(=O)Nc2cc(Cl)ccc12)c3cccc(Oc4ccccc4)c3,0.6386923487896429
2182,CN(C)CCNC(=O)c1c(C)[nH]c(\C=C\2/C(=O)Nc3ccc(F)cc23)c1C,-0.3732157974859122
2183,COCC(=O)N1CCC(CC1)n2cc(cn2)c3cnc(N)c(c3)c4oc5ccccc5n4,1.0066589474352992
2184,N(c1ccccc1)c2ccnc(Nc3ccccc3)n2,1.5586088454037836
2185,NC(=O)N1c2ccccc2C=Cc3ccccc13,-0.4568445699053796
2186,O=C1C(=O)c2cc(ccc2c3ccccc13)c4ccsc4,0.7557726301768973
2187,COc1ccc(cc1)C2=COc3cc(O)ccc3C2=O,0.7139582439671633
2188,OC(=O)C(N1CCC(CC1)N2CCC(CC2)Oc3ccc(Cl)c(Cl)c3)c4ccccc4,0.0282023101275311
2189,Oc1cc(ccc1NC(=O)CN2CCOCC2)c3cccc4C(=O)C=C(Oc34)N5CCOCC5,0.1703712232406256
2190,O[C@@H]1CN(CCN2C(=O)C=Cc3ccc(cc23)C#N)CC[C@@H]1NCc4cc5OCCOc5cn4,-1.4520269616970414
2191,OC(=O)C(N1CCC(CN2CCC(CC2)Oc3ccc(Cl)c(Cl)c3)CC1)c4ccccc4,-0.0219749533241493
2192,COc1ccc(cc1)c2nc3c(NCCCNC(=O)C)c(Br)cnc3[nH]2,0.9063044205319384
2193,CN1CC(=O)N2[C@H](Cc3c([nH]c4ccccc34)[C@H]2c5ccc6OCOc6c5)C1=O,0.3376287680795604
2194,Clc1c(ccnc1N2CCNCC2)C(=O)NCC34CC5CC(CC(C5)C3)C4,-0.3564900430020187
2195,Clc1ccc(Nc2nnc(Cc3ccncc3)c4ccccc24)cc1,1.2575452646937015
2196,CCN(CC)C(=O)Cc1csc(NS(=O)(=O)c2cccc(Cl)c2C)n1,-0.4401188154214862
2197,CC(C)n1c(C)ncc1c2nc(Nc3ccc(cc3)C(=O)N(C)C)ncc2F,0.4797976811926549
2198,COc1cc(ccc1Nc2ncc(C#N)c(n2)c3cnc4ccccn34)N5CCN(CC5)C(=O)C,0.504886312918495
2199,O=C1C(=O)c2ccccc2c3ccccc13,0.3376287680795604
2200,CC1CN(CCN1Cc2cc(Cl)ccc2OCC(=O)O)S(=O)(=O)c3ccccc3,-1.2596807851322664
2201,c1ccc(cc1)c2[nH]nc3ccccc23,1.332811159871222
2202,NNC1=Nc2ccccc2NC1=O,-1.4687527161809348
2203,NC1(CCN(CC1)c2ncnc3[nH]ccc23)C(=O)NC(CCCN4CCOCC4)c5ccc(Cl)cc5,0.4212575404990279
2204,CC(C)(C)NC(=O)[C@@H]1CN(Cc2cccnc2)CCN1C[C@@H](O)C[C@@H](Cc3ccccc3)C(=O)N[C@@H]4[C@H](O)Cc5ccccc45,0.5885150853379624
2205,COc1ccc(N(C(C)C(=O)NC2CCCC2)C(=O)c3ccccc3)c(OC)c1,0.6888696122413234
2206,Clc1ccc(OC2CCN(CC2)C3CCN(CC3)C(=O)c4ccc(cc4)C5=NOC(=O)N5)cc1Cl,0.036565187369478
2207,C[C@H](NC(=O)c1c(C)nn(C2CCCCC2)c1NS(=O)(=O)c3ccc(C)cc3)C(C)(C)C,-0.189232498163084
2208,O=C1NC=Nc2scc(c3cccs3)c12,-0.0136120760822024
2209,Cc1oc(CN2NC(=O)C3=C(C2=O)C(=O)c4ccc(Cl)cc4N3)cc1C,-1.0004315906319174
2210,COCCOc1ccc(cc1)C(=O)Nc2cc(NC(=O)c3cccc(c3)N(C)C)ccc2C,0.4547090494668149
2211,CC(C)CC1(CC=C)C(=O)NC(=O)NC1=O,-0.5990134830184741
2212,Clc1ccc(cc1Cl)[C@@H]2CNCC=CC2,-0.2059582526469775
2213,O=C(Oc1ccc2C(=O)CCOc2c1)c3ccccc3,1.1739164922742342
2214,COc1cc2nnc(C(=O)N)c(Nc3ccc(F)cc3F)c2cc1N4CCN(C)CC4,0.1369197142728386
2215,C[C@H](C1=CNC(=S)N1)c2cccc(C)c2C,0.5885150853379624
2216,CN(C)CCN(Cc1ccccc1)c2ccccn2,-0.7662710278574089
2217,CC(C)(C)OC(=O)N1CCN(CC1)c2ccc(OCc3ccc(cc3)S(=O)(=O)C)cc2,1.4248028095326362
2218,O=C(CSc1ccccc1)N2CCN(CC2)C(=O)c3occc3,-0.4986589561151132
2219,COc1cc(NS(=O)(=O)c2ccc(N)cc2)nc(OC)n1,-1.6694617699876564
2220,COC(=O)C1=C(C)NC(=C(C1c2ccccc2[N+](=O)[O-])C(=O)OCC(C)C)C,1.1655536150322872
2221,CN(C)CCCOc1nccc(Nc2cc(NC(=O)c3ccnc(c3)N4CCOCC4)ccc2C)n1,-0.7495452733735153
2222,COc1cc2ncnc(Nc3cc(NC(=O)c4cccc(c4)N5CCOCC5)ccc3C)c2cc1OC,1.1739164922742342
2223,C[C@H](NC(=O)c1c(C)nn(c1NS(=O)(=O)c2ccc(C)cc2)C(C)(C)C)C(C)(C)C,-0.2979499023083915
2224,COc1cccc(NC(=O)c2cccc(Cc3c(C)nn(CCO)c3c4ccccc4)c2)c1,1.750955021968559
2225,Cc1ccc(CN2[C@@H]3CC[C@H]2C[C@@H](C3)Oc4cccc(c4)C(=O)N)s1,0.2038227322084125
2226,C[C@H]1COCCN1c2cc(nc(n2)c3cccc4[nH]ccc34)C5(CC5)S(=O)(=O)C,0.504886312918495
2227,N(c1ccccc1)c2ncnc3ccccc23,0.6219665943057494
2228,CN[C@@H](C)C(=O)N[C@@H](C1CCCCC1)C(=O)N(C)[C@H]2CCCN(CCc3ccccc3)C2,0.1201939597889451
2229,COc1ccc2nc(N[C@H]3CCC[C@@H](C3)NCc4ccsc4)ccc2c1,0.195459854966466
2230,Cn1cc(cc1c2c3C(=O)N(CC#C)C(=O)N(CC4CC4)c3nn2Cc5ccnc6ccc(Cl)cc56)C#N,1.4749800729843163
2231,O=C(Nc1cc(nn1c2ccccc2)c3ccccc3)c4cccc(c4)C#N,1.357899791597062
2232,Cc1c(Cl)ccc(OC2CCN(C[C@H](O)CNC(=O)c3c[nH]nc3C(F)(F)F)CC2)c1Cl,1.2240937557259146
2233,CC[C@H](NC(=O)c1c(c(nc2ccccc12)c3ccccc3)S(=O)(=O)C)c4ccccc4,0.8143127708705243
2234,Cc1nc(C)c(nc1C(=O)N)c2ccc([C@@H]3CC[C@@H](CC(=O)O)CC3)c(Cl)c2,-0.3314014112761785
2235,OCC(CO)CN1C(=O)C(Cc2ccccc12)NC(=O)c3cc4cc(Cl)sc4[nH]3,1.140464983306447
2236,NCCCC(=O)OCCN1CCN(CCCN2c3ccccc3Sc4ccc(Cl)cc24)CC1,-0.5822877285345807
2237,CC(=O)Nc1ccc(cc1)S(=O)(=O)Nc2ccccn2,-1.6360102610198697
2238,CC(C)CN1C(=O)N(C)C(=O)c2c1sc(Cc3c[nH]c4ccccc34)c2C(=O)N5CC[C@@H](O)C5,0.128556837030892
2239,CNc1cccc(CCOc2ccc(C[C@H](NC(=O)c3c(F)cccc3Cl)C(=O)O)cc2)n1,-2.187960158988354
2240,C[C@H](NC(=O)c1c(C)nn(C2CCN(C)CC2)c1NS(=O)(=O)c3ccc(C)cc3)C(C)(C)C,-1.167689135470852
2241,O=C1NC=Cc2nc(c3ccc(CN4CCC(CC4)c5n[nH]c(n5)c6ccccn6)cc3)c(cc12)c7ccccc7,1.4248028095326362
2242,OC(=O)C1CCN(CC1)c2ncccc2c3ccc(Cl)c(c3)C(=O)NCC4CCCCCC4,0.2790886273859331
2243,O=C(NCC12CC3CC(CC(C3)C1)C2)c4ccccc4,1.684052004032985
2244,CC(C)n1c(C)ncc1c2nc(Nc3ccc(C(=O)N(C)C)c(C)c3)ncc2F,0.5550635763701754
2245,CN1CCN(CC(=O)Nc2ccc(C3=CC=CN4C(=O)C=C(N=C34)N5CCOCC5)c6sc7ccccc7c26)CC1,0.3376287680795604
2246,OC(=O)c1cncc(c1)c2ccc(Cl)c(c2)C(=O)NCC34CC5CC(CC(C5)C3)C4,-1.1258747492611183
2247,CCCOc1nc(ccc1C(=O)NC2CCCCC2)N3CCC[C@@H](CC(=O)O)C3,0.5132491901604419
2248,Cn1cnc(c1Sc2ncnc3nc[nH]c23)[N+](=O)[O-],-1.6778246472296032
2249,CC(C)n1c(C)ncc1c2ccnc(Nc3ccc(cc3)C(=O)NC4CCN(C)CC4)n2,-0.2728612705825513
2250,CN(C1CCN(CCC(c2ccccc2)c3ccccc3)CC1)C(=O)Cc4ccc(Cl)cc4,1.0902877198547667
2251,CCC(N(CCCN)C(=O)c1ccccc1)C2=Nc3ccsc3C(=O)N2Cc4ccccc4,-0.6826422554379415
2252,Nc1nc(N)nc(n1)c2cccc(c2)C(F)(F)F,0.1703712232406256
2253,CC1=CN([C@H]2CCCN(Cc3ccc(C(=O)O)c(Oc4cccc(F)c4)c3)C2)C(=O)NC1=O,-2.698095670747105
2254,CC[C@H](NC(=O)c1c([S+](C)[O-])c(nc2ccccc12)c3cccs3)c4ccccc4,1.140464983306447
2255,NS(=O)(=O)c1ccc(NCc2ccccc2)cc1,-0.4150301836956459
2256,COc1cc(ccc1Nc2ncc(Cl)c(n2)c3cnc4c(F)cc(F)cn34)N5CCN(CC5)C(=O)C,0.8394014025963648
2257,OCC(CO)Nc1nc(SCc2cccc(F)c2F)nc3nc(NC4CC4)sc13,0.7641355074188438
2258,COc1cc(ccc1Nc2ncc(Cl)c(n2)c3cnc4ccccn34)N5CC6CNCC(C5)O6,0.0867424508211581
2259,NCC(O)(c1ccc(Cl)cc1)c2ccc(Cl)cc2,0.4128946632570809
2260,CSc1ncccc1C(=O)NCc2ccc(C)cc2,0.4296204177409745
2261,NC(=O)Nc1cc(sc1C(=O)N)c2cccc(O)c2,0.0114765556436376
2262,O[C@H](CNC(=O)C1=CNC(=O)c2cc(ccc12)S(=O)(=O)N3CCC3)CN4CCC(CC4)Oc5ccc(Cl)c(Cl)c5,0.6888696122413234
2263,COc1cc(ccc1Cn2ccc3ccc(NC(=O)OC4CCCC4)cc23)C(=O)O,-0.0805150940177763
2264,Fc1ncccc1OC[C@@H]2CCN2,-2.840264583860199
2265,CC1SC2=C(C(=O)O)C(=O)c3cc(F)c(cc3N12)N4CCN(CC5=C(C)OC(=O)O5)CC4,-1.4436640844550943
2266,Nc1cccc(NC(=O)c2ccc(CNC(=O)OCc3cccnc3)cc2)c1,-0.4986589561151132
2267,CN(C)c1cccc2c(cccc12)S(=O)(=O)N,-0.2059582526469775
2268,Nc1nc(OCc2nccs2)nc3c1ncn3[C@@H]4O[C@H](CF)[C@@H](O)[C@H]4O,-1.4436640844550943
2269,COc1cc(OC)c(cc1NC(=O)C)S(=O)(=O)NCc2ccccc2N3CCC(CO)CC3,-0.9753429589060773
2270,Fc1ccccc1NC(=O)N[C@H]2N=C(c3ccccc3)c4ccccc4NC2=O,1.5084315819521037
2271,CCOc1ncc(C)c2NC(=C([C@@H](c3ccc(cc3OC)C#N)c12)C(=O)N)C,0.2623628729020396
2272,Clc1ccccc1CN2CCc3sccc3C2,1.0568362108869798
2273,CN1CCCC1CCNC(=O)c2ccc(Nc3ncc4cc(ccc4n3)c5ccncc5)cc2,-0.1557809891952972
2274,COc1cccc2c1c(NS(=O)(=O)c3ccc(Cl)s3)nn2Cc4cccc(CNC(=O)C(C)(C)O)c4,-0.0888779712597233
2275,COC(=O)N1CCOc2cc(COc3ccccc3)cnc12,0.253999995660093
2276,CN1CCCC(COc2nccc(Nc3cc(NC(=O)c4ccnc(c4)N5CCOCC5)ccc3C)n2)C1,-0.2477726388567112
2277,CCN(C1CCN(CCC(c2ccccc2)c3ccccc3)CC1)C(=O)Cc4ccc(cc4)S(=O)(=O)N,0.1703712232406256
2278,Cc1cnc([nH]1)c2ccc(C)c(NC(=O)c3ccc(OCc4ccccn4)cc3)c2,0.8310385253544178
2279,COc1ccc(cc1OC)c2csc(NC(=O)c3c(C)onc3C)n2,0.8059498936285777
2280,COc1cc2c(Nc3cc(CC(=O)Nc4cccc(F)c4)[nH]n3)ncnc2cc1OCCCN5CCC(CO)CC5,-0.0721522167758298
2281,CC(C(Cc1nc2ccccc2[nH]1)c3nc4ccccc4[nH]3)c5ccccc5,1.9098496895655472
2282,CC(C)n1c(C)ncc1c2ccnc(Nc3ccc(cc3)C(=O)NCCO)n2,-0.0888779712597233
2283,Cc1ccc(CNC(=O)C2CCCN2S(=O)(=O)c3ccc(F)cc3)cc1,0.5885150853379624
2284,CN1CCN(CC1)C(=O)c2cc(CC3=NNC(=O)c4ccccc34)ccc2F,-0.9753429589060773
2285,COc1ccc(CNC(=O)c2ccc(Oc3ccc(cc3)C#C[C@]4(O)CN5CCC4CC5)cc2)nc1,0.7557726301768973
2286,COc1cc(ccc1Cc2c[nH]c3ccc(NC(=O)CC4CCCC4)cc23)C(=O)NS(=O)(=O)c5ccccc5C,-0.1641438664372438
2287,COc1cc2c(Nc3c(Cl)ccc4OCOc34)ncnc2cc1OCCCN5CCCCC5,-0.1223294802275102
2288,CN[C@@H](C)C(=O)N[C@@H](C1CCCCC1)C(=O)N2CC[C@H]3CCN(CCc4ccccc4)C[C@@H]23,0.228911363934253
2289,Oc1ccc(cc1)N2C(=O)c3ccc(O)cc3C2=O,-0.3314014112761785
2290,CCCNC(=O)c1nnc2c(cccc2c1N)c3cncc(c3)C(=O)N4CCC4,0.4965234356765484
2291,Fc1ccccc1Nc2oc(nn2)C(=O)Nc3ccc(Oc4cccnc4)nc3,0.7557726301768973
2292,C[C@@H]1C2CCCC1(CCN2C)c3cccc(O)c3,-1.4018496982453608
2293,Cc1cc(CNc2ncc(Br)c(Nc3cc([nH]n3)C4CC4)n2)on1,1.0317475791611397
2294,FC(F)(F)c1cccc(C(=O)N[C@H]([C@@H]2CCCCN2)c3ccccc3)c1Cl,0.345991645321507
2295,OC(=O)c1ccc(NC(=O)c2cc(OCc3ccccc3)cc(OCc4ccccc4)c2)nc1,0.4212575404990279
2296,CS(=O)(=O)N1CCN(Cc2cc3nc(nc(N4CCOCC4)c3s2)c5cccc6[nH]ncc56)CC1,0.9230301750158318
2297,COc1cc2ncc(C(=O)N)c(Nc3cccc(Cl)c3F)c2cc1OC,1.1739164922742342
2298,Oc1ncc(NCc2ccccc2)c(O)n1,-1.1509633809869588
2299,COc1cc2c(Nc3cnc(NC(=O)c4ccccc4)nc3)ncnc2cc1OCCCN5CCOCC5,0.4212575404990279
2300,OC(=O)[C@H](Cc1ccc(Cl)cc1)N2CCC(CN3CCC(CC3)Oc4ccc(Cl)c(Cl)c4)CC2,0.5550635763701754
2301,Fc1ccc(cc1)c2ncn(C3CCNCC3)c2c4ccncc4,-1.585832997568189
2302,CC(CN(C)C)CN1c2ccccc2CCc3ccccc13,0.6303294715476964
2303,COC(=O)C1=C(C)NC(=C([C@@H]1c2cccc3nonc23)C(=O)OC(C)C)C,1.3160854053873283
2304,Oc1c2C(=O)N(NC(=O)c2nc3cc(Cl)ccc13)C(C4CCCC4)c5ccccn5,-0.2477726388567112
2305,CN1CCN(CC1)c2ccc3N=CN(C(=O)c3c2)c4cc(ccc4C)C(=O)Nc5nccs5,0.3041772591117735
2306,C(C1NCCc2ccccc12)c3ccccc3,-0.256135516098658
2307,Fc1ccc(cc1)c2cn3ccccc3n2,0.7557726301768973
2308,CCCc1c(O)c(ccc1OCc2ccc(C(=O)O)c(Br)c2)C(=O)C,0.0867424508211581
2309,OCC[C@@]1(CCCNC1)c2ccc(Cl)c(Cl)c2,-1.3265838030678403
2310,Cc1oc2C=NN(B(O)c2c1)S(=O)(=O)c3ccc(C)cc3,-2.0708798776010995
2311,COc1cc(OC)c(cc1NC(=O)CCc2nn[nH]n2)S(=O)(=O)N3C(C)CCc4ccccc34,-2.12105714105278
2312,CC(C)CC(N1NC(=O)c2nc3cc(Cl)ccc3c(O)c2C1=O)c4ccncc4,-0.4652074471473264
2313,COc1cc2c(Nc3ccc(Cl)cc3F)ncnc2cc1OCCCN4CCOCC4,1.0066589474352992
2314,OC(=O)COc1ccc(cc1c2ccccc2)C#N,-2.739910056956839
2315,CC1(C)CNC(=O)c2sc(nc2C1)N3CCOCC3,-0.7579081506154621
2316,CS(=O)(=O)NCCC(NC(=O)C1(N)CCN(CC1)c2ncnc3[nH]ccc23)c4ccc(Cl)cc4,0.003113678401691
2317,CC(C)n1c(C)ncc1c2ccnc(Nc3ccc(cc3)N4CCN(CC4)S(=O)(=O)C)n2,0.31254013635372
2318,COc1ccc(cc1)C(CN(C)C)C2(O)CCCCC2,-1.0087944678738645
2319,NC(=N)c1cc2c(I)cccc2s1,-1.217866398922533
2320,CC(C)CN1C(=O)N(C)C(=O)c2c1sc(Cc3ccccc3C(F)(F)F)c2C(=O)N4CCCCC4,1.566971722645731
2321,CCN1C2=NC(=O)N(C)C(=O)C2=Cc3ccccc13,-0.91680281821245
2322,CN(C)C1=C(C)N(C)N(C1=O)c2ccccc2,-1.1844148899547458
2323,Cc1ccc(cc1)C(=O)c2ccc(CC(=O)O)n2C,-2.6897327935051583
2324,CN(c1ccnc(Nc2cc(nc(c2)N3CCOCC3)N4CCOCC4)n1)c5cc(CO)ccc5C,1.0401104564030863
2325,CCNC(=O)C[C@@H]1N=C(c2ccc(Cl)cc2)c3cc(OC)ccc3n4c(C)nnc14,0.220548486692306
2326,C[C@H](NC(=O)[C@@H]1CCCC[C@H]1C(=O)N2CCc3[nH]c4ccc(F)cc4c3C2)C#N,1.0902877198547667
2327,CCOC(=O)CN(c1ccccc1C)S(=O)(=O)c2ccc(Cl)cc2,1.533520213677944
2328,CC1(C)NC(=O)N(C1=O)c2ccc(c(c2)C(F)(F)F)[N+](=O)[O-],-0.3815786747278589
2329,CC(C)Oc1cc(Oc2ccc(cc2)S(=O)(=O)C)cc(c1)C(=O)Nc3nccs3,1.1822793695161806
2330,CC(C)Oc1cccc(CC(=O)N2CCC[C@@](CC[N+]34CCC(CC3)(CC4)c5ccccc5)(C2)c6ccc(Cl)c(Cl)c6)c1,-0.8080854140671425
2331,CS(=O)(=O)c1cccc(Nc2nccc(Nc3cccc4[nH]ncc34)n2)c1,0.5968779625799093
2332,OC(=O)[C@H](Cc1ccc(F)cc1)N2CCC(CN3CCC(CC3)Oc4ccc(Cl)cc4)CC2,-0.2477726388567112
2333,CN(C)CC(O)COc1ccc(Nc2nccc(Nc3ccccc3)n2)cc1,-0.5153847105990067
2334,NC(=O)c1nnn(c1N)c2ccccc2,-1.217866398922533
2335,NC(=N)NC(=O)c1nc(Cl)c(NCc2ccccn2)nc1N,-2.3050404403756084
2336,Oc1ccccc1OC(=O)c2cccc3ccccc23,1.8429466716299732
2337,COc1ccnc(CCc2nc3c(C)ccnc3[nH]2)c1,-0.0805150940177763
2338,CC(C)NC[C@@H](C(=O)N1CCN(CC1)c2ncnc3[C@H](O)C[C@@H](C)c23)c4ccc(Cl)cc4,-0.7495452733735153
2339,Fc1ccc(CC2=NNC(=O)c3ccccc23)cc1C(=O)N4CCCNCC4,-1.7530905424071237
2340,CC(C)N=C1C=C2N(c3ccc(Cl)cc3)c4ccccc4N=C2C=C1Nc5ccc(Cl)cc5,0.8143127708705243
2341,Cc1ccccc1N2C(=Nc3cccc(C)c3C2=O)Cn4cnc5c(N)ncnc45,0.3376287680795604
2342,OC(=O)[C@H](Cc1ccccc1C#N)N2CCC(CN3CCC(CC3)Oc4ccc(Cl)c(Cl)c4)CC2,-0.0637893395338828
2343,Cc1cccc(n1)c2nn3CCCc3c2c4ccnc5ccc(cc45)C(=O)N,-0.4066673064536992
2344,Cc1ccc2c(c1)c(Sc3ccccc3Cl)c(C)n2CC(=O)O,-0.4066673064536992
2345,CCN(CC)S(=O)(=O)c1ccc(cc1)c2oc(SCC(=O)N3CCc4ccccc34)nn2,1.4248028095326362
2346,O=C(C1CC1)c2ccc(OCCCc3c[nH]cn3)cc2,0.4045317860151344
2347,NC(=O)Nc1sc(cc1C(=O)N)c2ccc(OCCN3CCCCC3)cc2,-0.8331740457929828
2348,COc1ccc(Cl)c(c1)C(=O)NCC23CC4CC(CC(C4)C2)C3,1.8345837943880257
2349,CN(CCNC[C@H](O)c1ccc(O)c2NC(=O)Sc12)C(=O)CCOCCc3ccccc3,-0.824811168551036
2350,NC(Cc1cc(I)c(Oc2ccc(O)c(I)c2)c(I)c1)C(=O)O,-1.0255202223577575
2351,[O-][N+](=O)c1cccc2C(=O)C(=O)c3ccccc3c12,0.3376287680795604
2352,Cc1cc(NC(=O)c2ccc(Cl)cc2)n(n1)c3ccccc3,0.8812157888060983
2353,CC1=CN([C@H]2CCCN(C2)S(=O)(=O)c3cccc(Oc4ccccc4)c3)C(=O)NC1=O,0.1034682053050516
2354,CC(Cc1ccccc1)N(C)CC#C,-0.0303378305660959
2355,OCC(=O)N1CCC(CC1)c2n[nH]c(c3ccc(Cl)cc3)c2c4ccncn4,-0.2895870250664448
2356,Cc1c(F)cc(cc1c2ccc(cn2)C(=O)NCC(C)(C)C)C(=O)NC3CC3,1.0902877198547667
2357,CCC[C@@H](CN1CCCC1)N(C)C(=O)Cc2ccc(Cl)c(Cl)c2,0.061653819095318
2358,Cc1nccc(c1Cl)c2ccc(cc2)c3nc4ccncc4c(O)c3C#N,-0.1641438664372438
2359,CC(C)Cn1cnc(c2ccccc2)c1c3nc4c(N)ncnc4s3,1.274271019177595
2360,O=C(Cc1ccccc1)Nc2nccs2,0.253999995660093
2361,COc1cccc(c1)C(=O)Nc2ccc(C)c(c2)N3C=Nc4ccc(cc4C3=O)N5CCN(C)CC5,0.7390468756930038
2362,CN1C=C(C(=O)NC[C@@H](O)CN2CCC(CC2)Oc3ccc(Cl)c(Cl)c3)C(=CC1=O)C(F)(F)F,0.4714348039507079
2363,CN(c1ccnc(Nc2cc(cc(c2)N3CCOCC3)N4CCCCC4)n1)c5cc(CO)ccc5C,1.6756891267910383
2364,CCN(C1CCN(CCC(c2ccccc2)c3ccccc3)CC1)C(=O)NCc4ccccc4,1.5084315819521037
2365,OC(=O)c1ccc(cc1)N2CCC(CN3CCC(CC3)Oc4ccc(Cl)c(Cl)c4)CC2,0.095105328063105
2366,NC(Cc1ccc(cc1)N(CCCl)CCCl)C(=O)O,-1.5105671023906684
2367,CCn1c(C)c(C(=O)O)c(c2cccc(c2)N3CCN(CC3)c4ccc(NS(=O)(=O)c5ccc(N[C@H](CCN6CCC(O)CC6)CSc7ccccc7)c(c5)S(=O)(=O)C(F)(F)F)cc4)c1c8ccc(Cl)cc8,1.6756891267910383
2368,Fc1ccc(cc1)S(=O)(=O)Cc2cc(nc(n2)c3ccccn3)N4CCOCC4,-0.50702183335706
2369,C[C@@H]1CN[C@@H](C2CC2)C(=O)N(C)[C@H](C)C(=O)N[C@H](Cc3ccc(F)cc3)C(=O)NCCCc4ccccc4O1,0.9230301750158318
2370,NC(=N)SCc1ccc(Cl)c(Cl)c1,-0.7662710278574089
2371,CS(=O)(=O)c1ccc(s1)C(=O)NC[C@@H](O)CN2CCC(CC2)Oc3ccc(Cl)c(Cl)c3,0.5550635763701754
2372,Clc1cccc(\C=C\2/SC(=O)NC2=O)c1N3CCNCC3,-1.2680436623742128
2373,CC(C)N1CCO[C@@H](CN2CCN(CC2)C(=O)Nc3ccc(Cl)c(Cl)c3)C1,0.4797976811926549
2374,C[C@@H]1CN([C@@H](CO1)c2ccccc2)c3ccc4OCC(=O)Nc4n3,0.4630719267087614
2375,NC(=O)C1CCN(CC(=O)Nc2ccc3OCOc3c2)CC1,-1.5022042251487218
2376,CS(=O)(=O)c1ccc(CC(=O)N(CC=C)C2CCN(CCC(c3ccccc3)c4ccccc4)CC2)cc1,0.7557726301768973
2377,CC(C)OC(=O)N1CCC(CC1)Oc2ncnc(Nc3ccc(nc3C)S(=O)(=O)C)c2C,0.504886312918495
2378,OC(=O)c1[nH]c2ccccc2c1CCCOc3cccc4ccccc34,0.4630719267087614
2379,Cc1ccc(cc1NC(=O)c2ccc(OCc3ccccn3)cc2)c4cn(C)c(C)n4,0.4296204177409745
2380,COc1cc(ccc1OC[C@H](OP(=O)(O)O)C2CC2)N3C=Nc4cc(sc4C3=O)c5ccc(Cl)cc5,-1.8701708237943784
2381,CCCSc1ncccc1C(=O)N2CCCC2c3ccncc3,-0.2059582526469775
2382,Fc1cc(ccc1C2=CCS(=O)(=O)CC2)N3C[C@H](Cn4nncc4F)OC3=O,1.1237392288225536
2383,CS(=O)(=O)Nc1ccc(CCOCCCS(=O)(=O)CCNCCc2ccc(O)c3nc(O)sc23)cc1,-0.7160937644057284
2384,Nc1c(nnc2c(cccc12)c3ncccn3)C(=O)NC4CC4,-0.5822877285345807
2385,Nc1c(c(CN2CCOCC2)nn1c3ccc(F)cc3)c4ccccc4,0.1118310825469985
2386,O=C(N1CCOCC1)c2ccc(cc2)C(=C3CCN(Cc4cscn4)CC3)c5cccc6cccnc56,-0.0637893395338828
2387,O=C1Nc2ccccc2C=C1,-0.7328195188896218
2388,CN(C)CCOc1ccccc1Cc2ccccc2,0.2790886273859331
2389,CN(C)CC(O)COc1ccc(Nc2nccc(Nc3ccc(Cl)cc3)n2)cc1,0.3376287680795604
2390,COc1cc(C)c(c(C)c1)S(=O)(=O)N(C)CCOCC(=O)N2CCC(CC2)C3CCN(C)CC3,-1.585832997568189
2391,COc1cc2ncnc(Nc3ccc(F)cc3)c2cc1OC,0.7557726301768973
2392,CC(C)(C)NC(=O)Nc1ccc(cc1)c2c(N)nc(N)nc2COCc3ccccc3,0.7474097529349504
2393,NC1CCN(CC1)c2nccc(C(=O)NCC34CC5CC(CC(C5)C3)C4)c2Cl,-0.8415369230349296
2394,FC1(CCN(CC1)C(=O)COCc2ccncc2)c3ccc(Cl)cc3,0.6972324894832699
2395,Nc1nc2ccccc2n1C(=O)c3ccccc3,-0.5321104650829002
2396,O[C@]1(CN2CCC1CC2)C#Cc3ccc(Oc4ccc(cc4)C(=O)NCc5ccncc5)cc3,0.187096977724519
2397,COc1ccc(cc1)n2cnc3cc(NS(=O)(=O)c4ccccc4)ccc23,1.2575452646937015
2398,CN[C@@H](C)C(=O)N[C@@H](C1CCCCC1)C(=O)N[C@H]2CCCN(CCCc3ccccc3)C2,0.3376287680795604
2399,CN(C)CCOc1cc(NS(=O)(=O)c2c(Cl)cc(cc2Cl)C(F)(F)F)ccc1Cl,0.6637809805154833
2400,NC(=O)c1cnc2[nH]c(nc2c1NCCCNC(=O)C3CCC3)c4ccc(OCCN5CCCCC5)cc4,0.2372742411761995
2401,CC(C)Nc1ccc2cnn(c3cncc(n3)n4ccc(CC(=O)O)c4)c2c1,-0.7997225368251958
2402,Oc1ccc(cc1)S(=O)(=O)Nc2nccs2,-1.535655734116509
2403,O=C(NCC#N)[C@@H]1CCCC[C@H]1C(=O)N2CCCCC2,-1.084060363051385
2404,O=C1CCOc2cc(COc3ccccc3)ccc12,0.6721438577574299
2405,CCNC(=O)c1cc2c(c(cnc2[nH]1)c3cc(cnc3OC)C4=NNC(=O)O4)n5ccc(n5)C(F)(F)F,0.5968779625799093
2406,CCCC(C)(C)C[C@@H](N1CCC[C@@H](C1)N2C=C(C)C(=O)NC2=O)c3ccc(C(=O)O)c(Oc4cccc(Cl)c4)c3,-0.1725067436791905
2407,CC(C)CN1C(=O)NC(=O)c2c1sc(Cc3ccccc3C(F)(F)F)c2C(=O)N4CCC4,0.6721438577574299
2408,CNc1c(cnc2[nH]c(nc12)c3ccc(OCCN4CCOCC4)cc3)C(=O)N,-0.0470635850499893
2409,Cc1c(F)ccc2c1c(Sc3ccc(Cl)cc3)c(C)n2CC(=O)O,0.0282023101275311
2410,COc1ccc(c(C)n1)c2cccc3c(N)c4C(=O)N(Cc4nc23)C5CCC5,1.4415285640165296
2411,Cc1c(N)cccc1CN2C=CC(=CC2=O)OCCc3cccs3,0.4881605584346015
2412,COc1cc2ncnc(Nc3cc(NC(=O)c4ccnc(c4)N5CCOCC5)ccc3C)c2cc1OCCN6CCCCC6,0.9648445612255656
2413,COc1ccc(C=C2SC(=O)NC2=O)cc1OC,-0.858262677518823
2414,O=C(N1CCN(CC1)c2ccccn2)c3cccc(CC4=NNC(=O)c5ccccc45)c3,0.1369197142728386
2415,NC(=O)c1cnc(N[C@H]2CCCNC2)c3cc(sc13)c4ccc(F)cc4F,-0.189232498163084
2416,O=C(NC1CCCCC1)c2cccnc2Sc3ccccc3,0.6805067349993764
2417,CC(=O)Nc1ccc(CNc2[nH]nc3cccc(Oc4ccc(cc4)S(=O)(=O)C)c23)cc1,0.3627173998054005
2418,CCN1CCC[C@H]1CNC(=O)c2cc(Br)cc(OC)c2OC,-0.8331740457929828
2419,COc1ccc(NC(=O)CSc2nnc(C)n2c3ccc(C)cc3)cc1,0.6219665943057494
2420,CC1=CN([C@H]2CCCN(C2)S(=O)(=O)c3ccc(O)c(Oc4cccc(c4)C(F)(F)F)c3)C(=O)NC1=O,0.061653819095318
2421,CCCOc1cc(OCCCN2CCCC2)ccc1C(=O)Nc3cccc(O)c3,0.220548486692306
2422,CC(=O)Nc1ccc2c(c1)c(cn2CCCO)c3cc(NC4CC4)n5ncc(C#N)c5n3,0.2372742411761995
2423,COc1cccc(COCC(O)CN2CCC(CC2)C(=O)N)c1,-2.254863176923928
2424,CCCCN(CCNCCc1ccc(O)c2NC(=O)Sc12)C(=O)CCOCCc3ccccc3,0.6721438577574299
2425,Cc1nc(C)c(nc1C(=O)N)c2ccc3c(CC[C@@]34CC[C@@H](CC4)c5nnn[nH]5)c2,-0.6659165009540481
2426,COc1ccc(OC)c(c1)c2cccc3c(N)c(nnc23)C(=O)NC(C)C,1.2157308784839678
2427,COc1cc2c(Nc3cccc(Cl)c3Cl)c(cnc2cc1NCCN(C)C)C(=O)N,1.0150218246772462
2428,CC[C@@]1(O)C(=O)OCC2=C1C=C3N(Cc4cc5c(CN(C)C)c(O)ccc5nc34)C2=O,-1.5774701203262422
2429,COc1cc(Nc2nccc(Oc3cnc4ccccc4c3)n2)cc(OC)c1OC,1.0150218246772462
2430,Cc1cccc(C[C@H](NC(=O)c2cc(nn2C)C(C)(C)C)C(=O)NCC#N)c1,0.7557726301768973
2431,Clc1ccc(cc1)C(=O)\C=C\Sc2nc[nH]n2,0.7557726301768973
2432,CC(NC(=O)C1(N)CCN(CC1)c2ncnc3[nH]ccc23)c4ccccn4,-0.7495452733735153
2433,Cc1ccc(NC(=O)c2cccc(c2)N3CCOCC3)cc1NC(=O)c4ccc(OCc5ccccn5)cc4,0.8394014025963648
2434,CCC[C@H](CO)Nc1nc(SCc2ccccc2)nc3nc(N)sc13,1.3411740371131686
2435,COc1ccc(cc1)C(=O)NCc2cn(nn2)c3cc(C)nc4ccc(OC)cc34,1.0902877198547667
2436,COCCN1CCC(Cc2ccc(cc2)C(=O)NCc3cnc(nc3NCC(C)(C)C)C#N)CC1,1.0902877198547667
2437,CN[C@@H](C)C(=O)N[C@@H](C1CCCCC1)C(=O)N[C@H]2CCCN(CCc3ccc(F)cc3)C2,0.162008345998679
2438,Cc1ccc2c(c1)c(c(C)n2CC(=O)O)c3ccnc4cc(Cl)ccc34,-0.50702183335706
2439,Clc1ccc2C(=O)NC(=Nc2c1)c3ccccc3,0.9313930522577788
2440,CN(CCOc1ccc(C[C@H](Nc2ccccc2C(=O)c3ccccc3)C(=O)O)cc1)c4ccccn4,-0.0387007078080428
2441,O=C(CSC1=NC2=C(SCC2)C(=O)N1c3ccccc3)Nc4ncc(s4)c5ccccc5,1.46661719574237
2442,CCN(CCN(C)C)S(=O)(=O)c1ccc(cc1)c2cnc(N)c(n2)C(=O)Nc3cccnc3,-0.1641438664372438
2443,O[C@@H](CNCCc1ccc(CNCCc2ccccc2)cc1)c3ccc(O)c4NC(=O)Sc34,-0.9084399409705032
2444,Oc1nc2ccccc2c(O)c1c3ccccc3,-1.2262292761644793
2445,NS(=O)(=O)c1cc(Cl)c(Cl)c(c1)S(=O)(=O)N,-1.0673346085674915
2446,Clc1ccc2OCOc2c1Nc3ncnc4cc(OCCN5CCCC5)cc(OC6CCOCC6)c34,0.3376287680795604
2447,OC(=O)Cc1ccc(cc1)c2ccc(NC(=O)c3oc(Nc4ccccc4F)nn3)cc2,-0.5822877285345807
2448,C[C@@H](NC(=O)[C@H]1CCCNC1)c2ccc(Nc3ncc4cc(ccc4n3)c5ccncc5)cc2,-0.4233930609375927
2449,CC(NC(=O)C1(N)CCN(CC1)c2ncnc3[nH]ccc23)c4cccnc4,-0.8331740457929828
2450,CN1CCN(CC1)c2cc(F)cc3C(=O)C=C(Nc23)C(=O)Nc4ccc(cc4)N5CCOCC5,0.4212575404990279
2451,ON1C(=O)N(CC2COc3ccccc3O2)c4ccsc4C1=O,-0.6324649919862612
2452,O[C@H](CNC(=O)c1cn2cc(F)ccc2n1)CN3CCC(CC3)Oc4ccc(Cl)c(Cl)c4,0.9481188067416724
2453,C[C@H](Nc1ncc(F)c(Nc2cc([nH]n2)N(C)C)n1)c3ncc(F)cn3,-0.1808696209211373
2454,COC[C@H](C)Oc1cc(Oc2ccccc2)cc(c1)C(=O)Nc3ccc(cn3)C(=O)O,-1.0422459768416512
2455,Oc1ccc(CCNCCN(C2CCCCC2)C(=O)CCNCCc3ccc(Cl)c(Cl)c3)c4OCC(=O)Nc14,0.0282023101275311
2456,CN1CCN(CC1)S(=O)(=O)c2ccc(cc2)c3cnc(N)c(n3)C(=O)Nc4cnccc4CN5CCCC5,0.9063044205319384
2457,CS(=O)(=O)c1ccc(cc1)[C@H](CC2CCCC2)C(=O)Nc3nccs3,1.4080770550487427
2458,CN(C)Cc1ccccc1Sc2ccc(C)cc2N,0.3376287680795604
2459,CC1CCC(CC(=O)Nc2cccc3ncccc23)CC1,1.140464983306447
2460,COc1cc(N2CCCN(C)CC2)c3NC(=CC(=O)c3c1)C(=O)Nc4ccc(cc4)N5CCOCC5,-0.0805150940177763
2461,COc1cc(ccc1Cn2cnc3ccc(NC(=O)CC4CCCC4)cc23)C(=O)NS(=O)(=O)c5ccccc5,-1.084060363051385
2462,CC1(C)N=C(N)N=C(N)N1c2ccc(Oc3ccc(Cl)cc3)c(Cl)c2,-1.176052012712799
2463,Clc1ccc(OC2CCN(CC2)C3CCN(CC3)C(=O)NS(=O)(=O)c4ccccc4)cc1Cl,-0.5822877285345807
2464,O=S(=O)(Nc1cccnc1)c2ccccc2,-1.1342376265030654
2465,CCOc1ccc2oc(C(=O)NC(CCSC)c3nc4cnccc4[nH]3)c(C)c2c1,1.767680776452452
2466,O=C(CN1CCOCC1)Nc2c(cnn2c3ccccc3)C#N,-1.4185754527292542
2467,CC(C)OC(=O)N1CCC(CC1)Oc2ncnc(Oc3cccnc3C)c2C,1.3411740371131686
2468,CCN(C1CCN(CC[C@H](c2ccc(cc2)S(=O)(=O)C)c3cccc(F)c3)CC1)C(=O)Cc4ccc(cc4)S(=O)(=O)C,0.5885150853379624
2469,Cc1cc(on1)c2ccc(cc2F)N3C[C@H](Cn4ccnn4)OC3=O,-0.1725067436791905
2470,FC(F)(F)c1cccc(c1)S(=O)(=O)NC(=O)N2CCC(CC2)N3CCC(CC3)Oc4ccc(Cl)c(Cl)c4,0.6219665943057494
2471,CN(C1CCN(CCC(c2ccccc2)c3ccccc3)CC1)C(=O)c4ccncc4,0.504886312918495
2472,COc1cccc(c1)C(=O)NCCCOc2cccc3ccc(N)nc23,0.220548486692306
2473,CC(C)CN1C(=O)N(C)C(=O)c2c1sc(Cc3c[nH]c4ncccc34)c2C(=O)N5CC[C@@H](O)C5,-0.4066673064536992
2474,Nc1ccccc1NC(=O)c2ccc(cc2)c3nccs3,0.0867424508211581
2475,O=C(Nc1ccncc1)c2cccc3ccccc23,0.7557726301768973
2476,COCC1=C(N2[C@H](SC1)[C@H](NC(=O)\C(=N/OC)\c3csc(N)n3)C2=O)C(=O)OC(C)OC(=O)OC(C)C,-0.4150301836956459
2477,CN(CCOc1ccc(NS(=O)(=O)C)cc1)CCc2ccc(NS(=O)(=O)C)cc2,-1.334946680309787
2478,OC(=O)C[C@@H]1CC[C@H](CC1)c2ccc(NC(=O)c3oc(Nc4ccccc4F)nn3)cc2,0.2372742411761995
2479,OC(=O)c1ccc(Nc2ncc3CN=C(c4cc(Cl)ccc4c3n2)c5c(F)cccc5F)cc1,0.320903013595667
2480,CCCc1nc2c(C)cc(cc2n1Cc3ccc(cc3)c4ccccc4C(=O)O)c5nc6ccccc6n5C,0.0114765556436376
2481,CC[C@H](NC(=O)c1c([S+](C)[O-])c(nc2cc(CN(C)C)ccc12)c3ccccc3)c4ccccc4,0.4630719267087614
2482,CCN(CC)c1ccc2C=C(C(=O)O)C(=O)Oc2c1,-2.003976859665526
2483,C[C@@H](NC1=CC(=O)CNC1)c2ccc(Nc3ncc4cc(ccc4n3)c5ccncc5)cc2,0.2456371184181464
2484,Cc1ccc(cc1)c2c[nH]nn2,0.320903013595667
2485,CN1C(=O)CN=C(c2ccccc2)c3cc(Cl)ccc13,0.4128946632570809
2486,CN[C@@H](C)C(=O)N[C@@H](C1CCCCC1)C(=O)N[C@H]2CCCN(CCc3ccccc3)C2,-0.4568445699053796
2487,Cc1nc(Nc2ncc(s2)C(=O)Nc3c(C)cccc3Cl)cc(n1)N4CCN(CCO)CC4,1.0150218246772462
2488,CN(c1ccnc(Nc2cc(OC3CCOCC3)cc(c2)N4CCOCC4)n1)c5cc(CO)ccc5C,1.2575452646937015
2489,O[C@@H](CNCCc1cccc(CNCCCc2ccccc2)c1)c3ccc(O)c4NC(=O)Sc34,-0.9084399409705032
2490,NC(=O)Nc1sc(cc1C(=O)N)c2ccc(CN3CCCCC3)cc2,-0.3732157974859122
2491,CC(C)C(NC(=O)CN1C(=O)C(=CC=C1c2ccccc2)NC(=O)CN3C(=O)CCC3=O)C(=O)C(F)(F)F,-1.0338830995997044
2492,Oc1ccc(CCNCCS(=O)(=O)CCCOCCc2nccc3ccccc23)c4sc(O)nc14,0.128556837030892
2493,O=S(=O)(Cc1cc(nc(n1)c2ccccn2)N3CCOCC3)c4ccccc4,-0.7160937644057284
2494,COc1ccc(cc1OC)C(C)NC(=O)C2(N)CCN(CC2)c3ncnc4[nH]ccc34,-0.3314014112761785
2495,Cc1ccc(cc1)c2nnc(N3CCN(CC3)C(=O)c4occc4)c5ccccc25,1.3244482826292752
2496,COc1ccc2[nH]c3CCN(Cc3c2c1)C(=O)[C@@H]4CCCC[C@H]4C(=O)NC5(CC5)C#N,0.1703712232406256
2497,CCCCNC(=O)NS(=O)(=O)c1ccc(C)cc1,-1.4687527161809348
2498,COc1cnc(nc1N(C)C)c2ccccn2,-0.2477726388567112
2499,Cc1ccc(cc1)S(=O)(=O)N2CCN(CC2)C(=O)c3occc3,-0.0219749533241493
2500,FC(F)(F)Oc1ccc2OCC(=O)N(CCN3CCC(CC3)NCc4ccc5OCC(=O)Nc5n4)c2c1,-0.314675656792285
2501,Clc1ccc(cc1)C2(CCCC2)C(=O)Nc3oc(nn3)C(=O)Nc4ccc(cc4)N5CCOCC5,1.274271019177595
2502,Cc1nnc(NS(=O)(=O)c2ccc(N)cc2)s1,-2.948981988005507
2503,Cc1ccc2c(c1)c(c(C)n2CC(=O)O)c3cc(C)nc4ccccc34,0.5717893308540689
2504,Cc1ccc(cc1NC(=O)c2ccc(OCc3ccccn3)cc2)c4c[nH]cn4,0.5132491901604419
2505,OC(=O)COc1ccc(Cl)cc1CN2CCCN(CC2)S(=O)(=O)Cc3ccccc3,-0.9920687133899708
2506,CC[C@H](C)[C@H](N)C1=N[C@@H](CS1)C(=O)N[C@@H](CC(C)C)C(=O)N[C@H](CCC(=O)O)C(=O)N[C@@H]([C@@H](C)CC)C(=O)N[C@H]2CCCCNC(=O)[C@H](CC(=O)N)NC(=O)[C@@H](CC(=O)O)NC(=O)[C@H](Cc3cnc[nH]3)NC(=O)[C@@H](Cc4ccccc4)NC(=O)[C@@H](NC(=O)[C@@H](CCCN)NC2=O)[C@@H](C)CC,-2.221411667956141
2507,Nc1nnc(Cc2ccc(Cl)cc2)s1,0.1201939597889451
2508,CNc1cccc(CCOc2ccc(C[C@H](NC(=O)c3c(Cl)cccc3Cl)C(=O)O)cc2C)n1,-1.552381488600402
2509,CCN1C(=O)C=Cc2cc(COc3cc(F)cc(c3)C4(CCOCC4)OC)ccc12,1.4164399322906895
2510,CC(=O)NC1CC2CCCC(C1)N2C(=O)Nc3ccc(Cl)c(c3)C(F)(F)F,0.4965234356765484
2511,Cc1cc(ccn1)c2ccc(cc2)c3nc4ccncc4c(O)c3C#N,-0.4986589561151132
2512,CCC(CC)NC(=O)c1cnn(c1NS(=O)(=O)c2ccc(cc2)c3ocnc3)c4ccccc4,-1.167689135470852
2513,C[C@@H]1CN(Cc2ccc(F)cc2)[C@@H](C)CN1C(=O)c3cc4c(cn(C)c4cc3Cl)C(=O)C(=O)N(C)C,1.1739164922742342
2514,CN(C1CCCCC1)C(=O)c2c(C)nn(c2NS(=O)(=O)c3ccc(C)cc3)c4ccccc4,-0.4233930609375927
2515,Cc1cc(Cl)ccc1OC2CCN(C[C@H](O)CNC(=O)C3=CNC(=O)c4cc(ccc34)S(=O)(=O)C)CC2,0.187096977724519
2516,OC(=O)Cc1csc(n1)c2ccc(Cl)cc2,-2.0207026141494198
2517,Cn1c(CN2CCN(CC2)c3ccccc3)nc4ccccc14,0.7641355074188438
2518,CC(C)n1c(C)ncc1c2ccnc(Nc3ccc(F)cc3)n2,1.1906422467581277
2519,COc1cc(OC)c(cc1NC(=O)Cc2ccnc(F)c2)S(=O)(=O)N3c4ccccc4Oc5ccccc35,0.9815703157094592
2520,CN1C(=O)N(C)c2ncn(CC(O)CO)c2C1=O,-2.882078970069933
2521,Cc1nccn1CCC(C(=O)N)(c2ccccc2)c3ccccc3,-0.3397642885181252
2522,COc1ccc(CNC(=O)CSc2nc3cccnc3s2)cc1,0.253999995660093
2523,NC1=NC(=O)N(C=C1)[C@@H]2O[C@H](CO)[C@@H](O)C2(F)F,-3.091150901118602
2524,Clc1cccc(Cl)c1c2nnc3cccc(Cl)n23,0.3878060315312409
2525,O=C(CSc1ccccc1)N2CCN(CC2)c3ccccc3,0.8394014025963648
2526,CN1CCC(CC1)NC(=O)c2ccc(Oc3ccc(cc3)C#C[C@]4(O)CN5CCC4CC5)cc2,-1.0004315906319174
2527,COc1ccc2ncc(C#N)c(CCN3CCC(CC3)NCc4cc5SCOc5cn4)c2c1,0.2958143818698265
2528,CC1(C)[C@@H]2CC[C@@]1(CS(=O)(=O)N3CCN(CC3)c4ccc(cn4)C#N)C(=O)C2,0.220548486692306
2529,Nc1ccc(cn1)C(=O)Nc2cccc(c2)c3nc(N4CCOCC4)c5oc6ncccc6c5n3,1.0401104564030863
2530,Cc1cc(Nc2ccc(F)cc2)nc(N)n1,-0.0972408485016698
2531,FC(F)(F)c1ccc2[nH]c3CCN(Cc3c2c1)C(=O)[C@@H]4CCCC[C@H]4C(=O)NC5(CC5)C#N,1.6756891267910383
2532,Oc1ccc2C(=O)N(C(=O)c2c1)c3ccccc3,0.0867424508211581
2533,NCc1ccc(NC(=O)c2cc(Nc3ncccn3)c4cc(ccc4c2)\C(=N\O)\N)cc1,-2.547563880392064
2534,CCCNC(=O)c1cc2c(c(cnc2[nH]1)c3cncc(c3)C(=O)O)n4ccc(n4)C(F)(F)F,-2.4973866169403838
2535,CC(C)(C(=O)O)c1ccc(cc1)C(O)CCCN2CCC(CC2)C(O)(c3ccccc3)c4ccccc4,-1.4854784706648283
2536,CN(C)CCCN1c2ccccc2Sc3ccccc13,0.3041772591117735
2537,Cc1cc(C)n(n1)c2cccc(Cl)c2C#N,0.6721438577574299
2538,CN1C(=O)C=C(CCc2ccc3cc[nH]c3c2)N=C1N,-0.0805150940177763
2539,Cc1c(c2c(NS(=O)(=O)C)cccc2n1CC(=O)O)S(=O)(=O)c3ccc(Cl)cc3,-2.5308381259081703
2540,CC(C)(C)OC(=O)N1CCN(CC1)c2cnc(OCc3ccc(cc3)S(=O)(=O)C)cn2,1.0066589474352992
2541,C[C@H]1O[C@H]([C@H](O)[C@@H]1O)n2cnc3c(N)nc(OC(C4CC4)C(F)(F)F)nc23,-0.3063127795503382
2542,CN1C(=O)c2c(onc2c3ccccc3)C=C1c4ccncc4,0.345991645321507
2543,CN[C@@H](C)C(=O)N[C@@H](C1CCCCC1)C(=O)N[C@H]2CCCN(CCc3ccccc3F)C2,0.2623628729020396
2544,Clc1ccc(cc1)c2oc(cc2)C(=O)N(Cc3ccccn3)c4ccc(cc4)N5CCNCC5,0.6721438577574299
2545,COc1ncc2C=CC(=O)N(CCN3CCC(CC3)NCc4cc5OCCOc5cn4)c2n1,-1.6694617699876564
2546,COc1cc(C)c(c(C)c1)S(=O)(=O)N(C)CCOCC(=O)N2CCN(CC2)C3CCN(C)CC3,-2.1712344045044607
2547,CO[C@H]1CN(CCN2C(=O)C=Cc3ccc(cc23)C#N)CC[C@@H]1NCc4cc5OCCOc5cn4,-0.9586172044221838
2548,Cc1ccc(NC(=O)C=C)cc1,0.0449280646114246
2549,COc1ccc(nc1OC)N2CCN([C@H](C)C2)C(=O)[C@@H]3CCCC[C@H]3C(=O)NC4(CC4)C#N,0.0867424508211581
2550,Nc1c2CCN(c3ccccc3)c2nc4ccc(Br)cc14,0.7724983846607908
2551,CN1SC(=NC1=O)NC(=O)c2ccccc2,-0.8917141864866099
2552,Cc1ccc2c(c1)c([S+]([O-])c3ccc(Cl)cc3)c(C)n2CC(=O)O,-1.7949049286168577
2553,c1ccc2ncncc2c1,-1.0004315906319174
2554,Oc1nnc(Cc2cccc(c2)C(=O)N3CCOCC3)c4ccccc14,-1.0004315906319174
2555,Nc1nc(Nc2ccc(F)c(Cl)c2)c3nc[nH]c3n1,0.4630719267087614
2556,Clc1ccc(N2CCN(CC2)C(=O)COCc3cscn3)c(Cl)c1,0.7306839984510569
2557,CNC(=O)OC[C@@H](C)N(c1cc(Cl)ccc1CO)S(=O)(=O)c2ccc(Cl)cc2,0.6721438577574299
2558,CN1CCN(CC1)c2ncnc3c2sc4nc(C)cc(C)c34,0.8394014025963648
2559,C[C@@H]1CN(CCN1c2ncc(OCc3ccncc3C#N)cn2)c4noc(n4)C5CC5,0.7557726301768973
2560,COc1ccc(cc1Oc2cccc(Cl)c2)S(=O)(=O)N3CCC[C@@H](C3)N4C=C(C)C(=O)NC4=O,0.4463461722248679
2561,Nc1ccc(cc1)C2(CCCCC2)c3ccc(N)cc3,0.8394014025963648
2562,CN[C@@H](C)C(=O)N[C@@H](C1CCCCC1)C(=O)N[C@H]2CCN(C2)C(=O)c3ccccc3,-1.1509633809869588
2563,Cc1ccc(NC(=O)c2ccc(Cl)c(c2)C(F)(F)F)cc1C(=O)Nc3cccnc3,0.5299749446443354
2564,COc1ccc2COC(=O)N(CCN3CCC(CC3)NCc4ccc5OCC(=O)Nc5n4)c2c1,-1.4185754527292542
2565,Fc1ccc2cn[nH]c2c1,0.0867424508211581
2566,Nc1nc(O)cc(n1)c2ccc(O)cc2,-0.9586172044221838
2567,C[N+]1(C)[C@@H]2C[C@H](C[C@H]1[C@@H]3O[C@H]23)OC(=O)C(O)(c4cccs4)c5cccs5,-2.04579124587526
2568,CC(C)C[C@H](CO)Nc1nc(SCc2cccc(c2)C#N)nc3nc(N)sc13,1.4248028095326362
2569,O=C1NC(=O)C(Cc2cccc(Oc3ccccc3)c2)S1,0.538337821886282
2570,COC(=O)C1=Nc2c(N[C@H](C)CO)nc(SCc3cccc(F)c3F)nc2NC1=O,0.2456371184181464
2571,NC(Cc1ccccc1)c2ccccc2,-0.7328195188896218
2572,Oc1ccc(CCNCCCS(=O)(=O)NCCSCCc2ccccc2)c3sc(O)nc13,-0.3564900430020187
2573,CONC(=O)c1cnc(s1)N2CCC(CC2)NC(=O)c3[nH]c(C)c(Cl)c3Cl,0.7557726301768973
2574,COc1ccc(cc1OC)C(=O)Nc2cc(NC(=O)c3cccc(c3)N(C)C)ccc2Br,1.08192484261282
2575,COc1ccc(CC(=O)NC(N\C(=N\C#N)\Nc2ccccc2C)C(C)(C)C)cc1OC,0.2372742411761995
2576,CN(C)CC(O)COc1ccc(Nc2nccc(n2)N(CC#C)c3cc(Cl)ccc3Cl)cc1,0.8394014025963648
2577,CC(=O)C1=CN(Cc2ccccc2)C(=O)N(Cc3ccc(F)cc3)C1=O,0.8394014025963648
2578,CN1CCN(CC(=O)N2c3ccccc3C(=O)Nc4cccnc24)CC1,-2.246500299681981
2579,COc1cc(ccc1Nc2ncc(Cl)c(n2)c3cnc4c(F)cccn34)N5CCN(CC5)C(=O)C,1.0902877198547667
2580,O=C1N=C2C(=C1C#N)c3ccc(N4CCSCC4)c5cccc2c35,0.8561271570802582
2581,COc1ccc(N(C(C(=O)NC[C@@H](C)O)c2ccccc2F)C(=O)c3occc3CO)c(OC)c1,-0.6910051326798882
2582,OC[C@@H](NC(=O)C(Cl)Cl)[C@H](O)c1ccc(cc1)[N+](=O)[O-],-0.8749884320027165
2583,CN1C(=O)CN=C(c2ccccc2F)c3cc(ccc13)[N+](=O)[O-],-0.0805150940177763
2584,CN1C(=O)NC(=O)C(C)(C2=CCCCC2)C1=O,-0.5822877285345807
2585,CCC(N1NC(=O)C2=C(C1=O)C(=O)c3ccc(Cl)cc3N2)c4ccncc4,-1.334946680309787
2586,Cc1cc(Nc2nc(NCc3ccccn3)ncc2Br)n[nH]1,0.504886312918495
2587,CN1C(=O)N(CC2CC2)c3nn(Cc4ccnc5ccc(Cl)cc45)c(c3C1=O)c6ncnn6C,1.3411740371131686
2588,CC(C)C[C@@H](N1CCC[C@@H](C1)N2C=C(C)C(=O)NC2=O)c3ccc(C(=O)O)c(Oc4cccc(Cl)c4)c3,-1.075697485809438
2589,OC1CCN(CC1)C(=O)[C@H](Cc2ccccc2)NC(=O)c3cc4cc(Cl)ccc4[nH]3,1.1739164922742342
2590,CCCCNc1nc(SCCC)nc2c1nnn2[C@@H]3C[C@H](CO)[C@@H](O)[C@H]3O,0.7306839984510569
2591,Fc1ccccc1COc2cc(OCCCN3CCCC3)ccc2C(=O)Nc4ccccc4,1.3829884233229026
2592,CN[C@@H](C)C(=O)N[C@@H](C1CCCCC1)C(=O)N2CCC[C@H]2C(=O)N[C@@H](C(c3ccccc3)c4ccccc4)C(=O)OC,0.187096977724519
2593,Clc1ccc2NC(=O)CN(C(c3ccccc3)c2c1)C(=O)c4ccccc4,0.9313930522577788
2594,Cn1cnc2cc(cnc12)C#Cc3ccccc3,1.0902877198547667
2595,C[C@H](CO)Nc1nc(SCc2cccc(F)c2F)nc3[nH]c(N)nc13,0.8561271570802582
2596,NC(=O)Nc1sc(cc1C(=O)N)c2ccccc2,0.187096977724519
2597,CCN(C1CCN(CCC(N2CCN(CC2)c3cccc(F)c3)c4ccccc4)CC1)C(=O)Cc5ccc(cc5)S(=O)(=O)C,0.8477642798383113
2598,CC(N)COc1c(C)cccc1C,-1.3182209258258937
2599,Clc1ccc(OC2CCN(CC2)C3CCN(CC3)C(=O)c4ccc(cc4)c5nn[nH]n5)cc1Cl,-0.5571990968087404
2600,COc1ccc(cc1)C(=O)N2CCC(CC2)C(=O)c3ccc(F)cc3,0.605240839821856
2601,CC[C@H](NC(=O)c1c(CS(=O)(=O)C)c(nc2ccccc12)c3ccccc3)c4ccccc4,0.8812157888060983
2602,COc1ccc(cc1)c2nc3c(NCC4CCNCC4)c(Br)cnc3[nH]2,-0.6993680099218349
2603,O=C(NCCN1CCCC1)c2ccc(Nc3ncc4cc(ccc4n3)c5ccncc5)cc2,0.162008345998679
2604,FC(F)Oc1ccc(cc1OCC2CC2)C(=O)Nc3c(Cl)cncc3Cl,1.46661719574237
2605,Fc1cccc(F)c1CS(=O)(=O)N2CCN(CC2)c3ncccc3C(F)(F)F,1.4248028095326362
2606,CCCCCCN1CC[C@@]2(C)[C@@H](C)C1Cc3ccc(O)cc23,0.253999995660093
2607,Cc1ccc(C[C@H](N2CCC(CN3CCC(CC3)Oc4ccc(Cl)c(Cl)c4)CC2)C(=O)O)cc1,0.6805067349993764
2608,NC(=O)Nc1cc(sc1C(=O)N[C@H]2CCCNC2)c3ccccc3,-0.9669800816641304
2609,Cc1ccc(cc1)c2cc(nn2c3ccc(cc3)S(=O)(=O)N)C(F)(F)F,1.0233847019191928
2610,N[C@@H]1CCCN(C1)c2c(\C=C\3/SC(=O)NC3=O)cccc2c4ccncc4,-0.5321104650829002
2611,Oc1ccc(cc1)c2csc(n2)c3ccc(O)cc3,1.2575452646937015
2612,O=C1Nc2ccc(cc2C1=O)S(=O)(=O)N3CCC[C@H]3COc4ccccc4,0.4212575404990279
2613,Cc1ccc2c(c1)c(c(C)n2CC(=O)O)c3ccnc4c(cccc34)C#N,-1.4018496982453608
2614,CCC(N(CCCN)C(=O)c1ccc(C)cc1)C2=Nc3snc(C)c3C(=O)N2Cc4ccccc4,-0.4902960788731664
2615,OC(=O)c1cc2cc(ccc2n1Cc3ccc(Cl)c(Cl)c3)C(F)(F)F,0.7306839984510569
2616,CC[C@H](NC(=O)c1c([S+](C)[O-])c(nc2cc(Cl)ccc12)c3ccccc3)c4ccccc4,0.7306839984510569
2617,CC(=O)Nc1ccc2c(c1)c(cn2CCC(=O)O)c3cc(NC4CC4)n5ncc(C#N)c5n3,-2.564289634875957
2618,Oc1ccc(Br)cc1C(=O)C(=O)c2cc(Br)ccc2O,1.3829884233229026
2619,OCCN1CCN(Cc2ccc3c(NC(=O)CC45CC6CC(CC(C6)C4)C5)c(Cl)ccc3n2)CC1,0.6136037170638028
2620,Clc1ccc(cc1C(=O)NCC23CC4CC(CC(C4)C2)C3)N5N=CC(=O)NC5=O,-0.0805150940177763
2621,COc1ccc(Cn2cc3N(CC(C)C)C(=O)N(C)C(=O)c3c2)cc1,1.1070134743386602
2622,CCCNC(=O)NS(=O)(=O)c1ccc(Cl)cc1,-2.112694263810833
2623,CN1CCN(CC1)c2ccc3N=CN(C(=O)c3c2)c4cc(NC(=O)c5ccc(cc5)C#N)ccc4C,0.4463461722248679
2624,OC(=O)c1ccccc1C2=C3C=CC(=O)C=C3Oc4cc(O)ccc24,-1.8367193148265912
2625,CC1=CN([C@H]2CCCN(C2)[C@H](CC3CCCCC3)c4ccc(C(=O)O)c(Oc5cccc(Cl)c5)c4)C(=O)NC1=O,-0.3063127795503382
2626,ON=Cc1oc(cc1)[N+](=O)[O-],-0.7411823961315686
2627,O[C@H](CNC(=O)c1n[nH]c2ccccc12)CN3CCC(CC3)Oc4ccc(Cl)c(Cl)c4,0.6303294715476964
2628,Clc1ccc(CC2CCNCC2)cc1C(=O)NCC34CC5CC(CC(C5)C3)C4,-0.5906506057765274
2629,CC(C)CN1C(=O)N(C)C(=O)c2c1nn(Cc3cccc4ccccc34)c2c5ccncc5,1.7593178992105054
2630,COC[C@H](C)Oc1cc(Oc2cc(F)cc(F)c2)cc(c1)C(=O)Nc3ccc(cn3)C(=O)O,-0.6993680099218349
2631,CC(C)n1c(C)ncc1c2ccnc(Nc3ccc(cc3)S(=O)(=O)CCCN4CCOCC4)n2,0.195459854966466
2632,CC[C@H](NC(=O)c1c([S+](C)[O-])c(nc2ccccc12)c3ccsc3)c4ccccc4,0.3878060315312409
2633,CC(C)NCC(O)COc1ccccc1OCC=C,-1.6694617699876564
2634,O[C@@H](CNCCCSCCOCCc1ccccc1)c2ccc(O)c3NC(=O)Sc23,0.0867424508211581
2635,COc1ccc(Sc2c(C)n(CC(=O)O)c3ccc(C)cc23)cc1,-0.9920687133899708
2636,NC(=O)c1ccc(cc1)c2cc3c(N[C@H]4CCCNC4)ncc(C(=O)N)c3s2,-1.6025587520520823
2637,CCN(CC)C(=O)N[C@H]1C[C@H]2[C@@H](Cc3c[nH]c4cccc2c34)N(C)C1,0.4463461722248679
2638,CCN1CCN(CC(=O)Nc2ccc(c3cccc4C(=O)C=C(Oc34)N5CCOCC5)c6sc7ccccc7c26)CC1,0.7139582439671633
2639,COc1cc2ncnc(Nc3ccc(F)c(Cl)c3)c2cc1OCCN4CCN(C)CC4,0.9230301750158318
2640,NC1(CCN(CC1)c2ncnc3[nH]ccc23)C(=O)NC(CCO)c4ccc(Cl)cc4,0.253999995660093
2641,CNCC[C@H](Oc1ccc(cc1)C(F)(F)F)c2ccccc2,-0.256135516098658
2642,Nc1cc(nc2ccc(Nc3cc(nc(N)n3)c4cccc(Cl)c4)cc12)c5ccc(F)cc5,0.253999995660093
2643,CC(C)n1c(C)ncc1c2nc(Nc3ccc(cc3)C(=O)N)ncc2F,0.4212575404990279
2644,[O-][n+]1cc(ccc1Cl)C(=O)Nc2ccc(F)cc2,-0.6826422554379415
2645,CCS(=O)(=O)c1ccc(cc1)c2cc(Cl)ccc2OCC(=O)O,-2.4890237396984363
2646,CC(C)CN1C(=O)N(C)C(=O)c2c1sc(Cc3ccnc4ccc(F)cc34)c2C(=O)N5CC[C@@H](O)C5,-0.2059582526469775
2647,Nc1nc2ccc(cc2[nH]1)C(=O)c3ccccc3,0.0783795735792115
2648,[O-][S+](c1ccccc1)c2ccc3nnnn3n2,-1.176052012712799
2649,CCN(CC)CCNC(=O)c1c(C)[nH]c(\C=C\2/C(=O)Nc3ccc(F)cc23)c1C,0.0532909418533711
2650,NC1=NC(Nc2cccc(F)c12)c3cccs3,-1.075697485809438
2651,O=C(N[C@H]1CN2CCC1CC2)c3ccc(s3)c4ccccc4,-0.2477726388567112
2652,CN(CCOc1ccc(C[C@H](Nc2ccccc2C(=O)c3ccccc3)C(=O)O)cc1)c4oc5ccccc5n4,0.228911363934253
2653,O[C@@H](CNCCOCCCNCCc1cccc(Cl)c1)c2ccc(O)c3NC(=O)Sc23,-1.142600503745012
2654,COc1cc(ccc1C2CC2)N3CCN([C@H](C)C3)C(=O)[C@@H]4CCCC[C@H]4C(=O)NC5(CC5)C#N,1.08192484261282
2655,CC(=O)NC[C@H]1CN(C(=O)O1)c2ccc(N3CCOCC3)c(F)c2,-1.27640653961616
2656,CC(C)COc1ccc(cc1C#N)c2nc(C)c(s2)C(=O)O,-1.0506088540835978
2657,O=C(NC1(CC1)C#N)[C@@H]2CCCC[C@H]2C(=O)N3CCN(CC3)c4ccccc4,-0.1725067436791905
2658,OC[C@H]1C[C@H]([C@H](O)[C@@H]1O)n2nnc3c(N[C@@H]4C[C@H]4c5ccc(F)c(F)c5)nc(SCCC(F)(F)F)nc23,1.5000687047101569
2659,COCCC(C)n1nc(C)c(C(=O)N[C@@H](C)C(C)(C)C)c1NS(=O)(=O)c2ccc(C)cc2,-1.1844148899547458
2660,Cc1ccc2nc(CCNCCCO)ccc2c1NC(=O)CC34CC5CC(CC(C5)C3)C4,-0.8498998002768763
2661,COc1cc(Nc2cc(Oc3cccnc3C)ccn2)cc(OC)c1OC,0.8310385253544178
2662,CCN(C)C(=O)c1ccc(cc1)[C@@H](N2CCN(Cc3cccnc3)CC2)c4cccc(NC(=O)C5CCC5)c4,0.8979415432899918
2663,C[C@@H](N(c1cc(F)ccc1F)S(=O)(=O)c2ccc(Cl)cc2)c3ccc(F)cc3CCCC(=O)O,0.7557726301768973
2664,O=C1CCOc2nc(OCc3ccccc3)ccc12,0.7557726301768973
2665,CCc1c2CN3C(=O)C4=C(C=C3c2nc5ccc(O)cc15)[C@@](O)(CC)C(=O)OC4,-0.4986589561151132
2666,CC1=CC2=NNC(=O)N2c3cc(ccc13)c4occc4,-0.1056037257436167
2667,CCCCc1nc2c(N)nc3ccccc3c2n1CC(C)(C)O,0.1452825915147855
2668,C[C@@H]1CN(CC2(CC2)C(=O)N)CCN1S(=O)(=O)c3ccc(cc3)C(C)(O)C(F)(F)F,-0.9753429589060773
2669,Clc1ccc2N(C3CCN(CCCN4C(=O)Nc5ccccc45)CC3)C(=O)Nc2c1,1.0484733336450331
2670,O[C@H](CNC(=O)C1=CNC(=O)c2cc(ccc12)S(=O)(=O)NC3CC3)CN4CCC(CC4)Oc5ccc(Cl)c(Cl)c5,1.2324566329678612
2671,CN(c1cccc(CO)c1)c2ccnc(Nc3cc(cc(c3)N4CCOCC4)N5CCOCC5)n2,0.3376287680795604
2672,NC1=NN(CC1)c2cccc(c2)C(F)(F)F,0.2958143818698265
2673,COc1cc(Nc2nc(N[C@@H](C)c3ncc(F)cn3)ncc2Cl)n[nH]1,0.2790886273859331
2674,Clc1ccc(cc1)C2(CCC2)C(=O)Nc3oc(nn3)C(=O)Nc4ccc(cc4)N5CCOCC5,0.8394014025963648
2675,Clc1ccc2NC(=O)CN(C(c3ccccc3)c2c1)C(=O)c4occc4,0.6721438577574299
2676,C(Sc1nc2cccnc2[nH]1)c3ccccc3,0.8561271570802582
2677,OC(=O)CCCCn1nnc(n1)c2ccc(cc2)C(=O)N3CCC(CC3)N4CCC(CC4)Oc5ccc(Cl)c(Cl)c5,-0.4986589561151132
2678,Cc1cc(NC(=O)c2ccccc2)n[nH]1,-0.3732157974859122
2679,O=C1N(C(=Nc2c1cnn2c3ccccc3)c4occc4)c5ccccc5,0.9146672977738852
2680,CCN(CC)CCOC(=O)C1(CCCCC1)C2CCCCC2,1.274271019177595
2681,COc1ccc2cc(ccc2c1)[C@H](C)C(=O)O,-1.7280019106812836
2682,CNCC[C@@H](Oc1cc(ccc1C#N)C(F)(F)F)c2ccccc2,-0.7495452733735153
2683,CC1=NC(=C(NC1=O)c2ccccc2)c3ccc(CN4CCC(CC4)N5C(=O)Nc6ccccc56)cc3,1.3411740371131686
2684,CCC(CC)CNC(=O)c1ccc2c(c1)c(Cc3ccc(cc3OC)C(=O)NS(=O)(=O)c4ccccc4C)cn2C,0.4212575404990279
2685,C[C@H]1O[C@H]([C@H](O)[C@@H]1O)n2cnc3c(N)nc(OCC45CC6CC(CC(C6)C4)C5)nc23,1.1571907377903403
2686,CCNC(=O)Nc1nc2cc(ccc2[nH]1)c3cccnc3,0.1201939597889451
2687,CCCCCCCN(CC)CCCC(O)c1ccc(NS(=O)(=O)C)cc1,-0.8331740457929828
2688,CN(C1CCN(CCC(c2ccccc2)c3ccccc3)CC1)C(=O)Cc4ccc(cc4)S(=O)(=O)N,0.0867424508211581
2689,OC1N=C(c2ccccc2Cl)c3cc(Cl)ccc3NC1=O,0.1536454687567321
2690,NC1(CCN(CC1)c2ncnc3[nH]ccc23)C(=O)NCc4ccc(Cl)cc4,0.5717893308540689
2691,COc1ccc(CNCc2cccc(CCNC[C@H](O)c3ccc(O)c4NC(=O)Sc34)c2)cc1,-1.117511872019172
2692,COCCCNS(=O)(=O)c1ccc(Nc2nccc(n2)c3cnc4ccccn34)cc1,1.0150218246772462
2693,Cc1nc(CSc2ccc(Cl)cc2)cc(n1)N3CCOCC3,0.9899331929514058
2694,CC(C)(C)OC(=O)c1ncn2c1[C@@H]3CCCN3C(=O)c4c(Br)cccc24,0.2372742411761995
2695,CN1C(=O)N(CC2CC2)c3nn(Cc4ccnc5ccc(Cl)cc45)c(c6cncn6C)c3C1=O,0.4128946632570809
2696,Cc1c(c2ccc(O)cc2)n(C)c3ccc(O)cc13,1.3411740371131686
2697,Cc1c(Sc2ccc(Cl)cc2)c3ccc(cc3n1CC(=O)O)S(=O)(=O)C,-1.176052012712799
2698,CN1CCC(CC1)Oc2nccc(Nc3cc(NC(=O)c4ccnc(c4)N5CCOCC5)ccc3C)n2,-0.3314014112761785
2699,CC(C)c1nnc2ccc(cn12)c3ocnc3c4cc(F)ccc4F,0.2038227322084125
2700,COc1ncnc(NS(=O)(=O)c2ccc(N)cc2)c1OC,-2.4472093534887027
2701,COc1cc2ncnc(Nc3cc4ccccc4cn3)c2cc1OC,1.4248028095326362
2702,COc1cc2c3N([C@H](C)c4ccccn4)C(=O)Nc3cnc2cc1c5c(C)onc5C,0.7975870163866309
2703,Clc1ccc(CN(Cc2ccc(Cl)cc2)c3nn[nH]n3)cc1,0.4547090494668149
2704,Nc1ncc(nc1C(=O)Nc2cccnc2)c3ccc(cc3)S(=O)(=O)N4CCOCC4,0.5299749446443354
2705,C[C@@H]1CN(Cc2oc(nn2)c3cc(cc4[nH]ncc34)c5cccc6[nH]ccc56)C[C@H](C)O1,1.51679445919405
2706,COc1cccc(c1)c2cc3c(N[C@H]4CCCNC4)ncc(C(=O)N)c3s2,-0.314675656792285
2707,Oc1nc2cc(Cl)cc(Cl)c2c(O)c1c3ccccc3,-0.4986589561151132
2708,COc1cc2nnc(C(=O)N)c(Nc3cccc(Cl)c3F)c2cc1N4CCN(C)CC4,0.128556837030892
2709,CCNC(=O)c1ccc(CN2CCC(CC2)c3ccc(cc3)C(=O)Nc4ccccc4N)cc1,0.036565187369478
2710,Cc1c(Sc2ccc(Cl)cc2)c3cccc(Cl)c3n1CC(=O)O,-0.1641438664372438
2711,CC(C)(C)OC(=O)N1C[C@@H]2CC[C@H]1CN2c3ncc(OCc4ccc(cc4)S(=O)(=O)C)cn3,1.0066589474352992
2712,CCC(N(CCCN)C(=O)c1ccc(C)cc1)C2=Nc3ccn(C)c3C(=O)N2Cc4ccccc4,-0.3314014112761785
2713,C[C@H](CO)Nc1nc(SCc2cccc(Cl)c2)nc3nc(N)sc13,0.9313930522577788
2714,NC(=O)c1cccc(C[C@H]2C[C@H]3CC[C@@H](C2)N3Cc4ccccc4)c1,-0.8415369230349296
2715,OC(=O)[C@@H](Cc1ccccc1)N2CCC(CN3CCC(CC3)Oc4ccc(Cl)c(Cl)c4)CC2,0.253999995660093
2716,O[C@@H](CNCCSCCCNCCc1cccc(Cl)c1Cl)c2ccc(O)c3NC(=O)Sc23,0.003113678401691
2717,COC(=O)c1ccc(C)c(NS(=O)(=O)c2ccc3N(C)SC(=O)c3c2)c1,0.3376287680795604
2718,NC1(CCC1)c2ccc(cc2)c3ncc4cnccc4c3c5ccccc5,0.003113678401691
2719,Nc1n[nH]c2ncc3CCCCCCc3c12,0.28745150462788
2720,C(=C\c1c(nc2sccn12)c3ccccc3)/c4ccncn4,1.0066589474352992
2721,O=C(NCCSCc1ccccc1)c2ccccc2,0.9230301750158318
2722,COc1ccnc(NC2CCN(CC2)C(=O)c3ccc(Cl)cc3)c1,0.5216120674023884
2723,C[C@@H](C(=O)NCCN1CCCC1)c2ccc(OS(=O)(=O)C(F)(F)F)cc2,-0.4652074471473264
2724,CCOc1nc2cccc(C(=O)O)c2n1Cc3ccc(cc3)c4ccccc4c5nnn[nH]5,-1.585832997568189
2725,N[C@@H](Cc1cccs1)C(=O)N[C@@]2(C[C@@H]2c3ccccc3)C#N,-0.7495452733735153
2726,CC(=O)N1CCN(CC1)c2ccc(NC(=O)c3oc(Nc4ccccc4F)nn3)cc2,0.2623628729020396
2727,CC(C)[C@H](N(CCCN)C(=O)c1ccc(C)cc1)C2=Nc3cc(Cl)ccc3C(=O)N2Cc4ccccc4,0.5717893308540689
2728,CC(C)C[C@H](CO)Nc1nc(SCc2ccccc2)nc3NC(=O)Sc13,1.6756891267910383
2729,CC(C)NC[C@@H](O)COc1cccc2ccccc12,-0.8917141864866099
2730,CCN(C1CCN(CC[C@H](N2CCN(CC2)S(=O)(=O)C)c3cc(F)cc(F)c3)CC1)C(=O)Cc4ccc(cc4)S(=O)(=O)C,-0.791359659583249
2731,NC(=N)Nc1ccc(cc1)C(=O)Oc2ccccc2,-2.0123397369074727
2732,COCCOCCOc1ccc(cc1)c2cc(C(=O)N)c(NC(=O)N)s2,0.0114765556436376
2733,OC(=O)C[C@H]1[C@@H](Cc2ccccc12)NC(=O)c3cc4sc(Cl)c(Cl)c4[nH]3,0.2790886273859331
2734,COc1ccc(CNCc2ccc(cc2)c3cc(C(=O)N)c(NC(=O)N)s3)cc1,0.2958143818698265
2735,C[C@@H]1CN(Cc2ccc(F)cc2)CCN1C(=O)COc3ccc(Cl)cc3NC(=O)N,-0.2394097616147645
2736,Oc1ccc(CCNCCCS(=O)(=O)NCCOCCc2ccc(F)cc2)c3sc(O)nc13,-0.5237475878409534
2737,O=C1C=C(OCc2ccccc2)C=CN1c3ccc4c(cnn4CCN5CCCC5)c3,-0.1641438664372438
2738,Cc1ccc(cc1)c2ccc(F)cc2COc3ccc(CCC(=O)O)cc3,0.8728529115641517
2739,NC1(CCC1)c2ccc(cc2)c3ncc4nccn4c3c5ccccc5,-0.7495452733735153
2740,O=C(NC1(CC1)C#N)[C@@H]2CCCC[C@H]2C(=O)N3CCN(CC3)c4nc(cs4)c5ccccc5,1.0902877198547667
2741,CC(=O)Nc1nc(N)n(n1)c2ccccc2,-2.003976859665526
2742,Cc1ccc2c(c1)c(c(C)n2CC(=O)O)c3ccnc4c(cccc34)C(F)(F)F,-0.7746339050993556
2743,CCOc1ccc2nc(N)sc2c1,0.1703712232406256
2744,CCCNC[C@H](O)COc1ccccc1C(=O)CCc2ccccc2,-0.4233930609375927
2745,Fc1ccc(Oc2cc(F)c(cc2F)S(=O)(=O)Nc3ncc(Cl)s3)c(c1)c4cn[nH]c4,0.4212575404990279
2746,Cc1c(Cl)ccc(OC2CCN(CC3CCN(CC3)[C@@H](Cc4ccc(F)cc4)C(=O)O)CC2)c1Cl,0.7975870163866309
2747,COc1ccccc1CNC(=O)NS(=O)(=O)c2ccc(Cl)cc2,-1.109148994777225
2748,O=C1CCOc2nc(\C=C\c3ccccc3)ccc12,0.8394014025963648
2749,O=C(Nc1cccnc1C(=O)NCC2CCOCC2)c3cccc4ccccc34,1.8429466716299732
2750,COc1ccc(cc1)c2cc(O)nc(N)n2,-0.5655619740506872
2751,CCc1nc2ccc(cn2c1N(C)Cc3cccs3)C(=O)NCc4ccc5OCOc5c4,1.5920603543715706
2752,CN(C1CCN(Cc2ccc(cc2)C(F)(F)F)CC1)C(=O)Cc3ccc(c(F)c3)S(=O)(=O)C,0.6721438577574299
2753,Cc1ccc(cc1NC(=O)c2ccc(OCc3ccccn3)cc2)c4c[nH]c(C)n4,0.6470552260315898
2754,NC(=O)c1cccc(c1)[S+]([O-])[C@H]2C[C@H]3CC[C@@H](C2)N3Cc4ccccc4,-0.91680281821245
2755,Clc1ccccc1NC(=O)c2cc[nH]n2,0.320903013595667
2756,CC(C)n1ncc2c(cc(nc12)C3CC3)C(=O)NCc4c(C)cc(C)nc4O,1.3411740371131686
2757,COc1ccc(Cl)cc1C(=O)NCCc2ccc(cc2)S(=O)(=O)NC(=O)NC3CCCCC3,0.0282023101275311
2758,O=C(CC1CCCCCC1)Nc2cccc3C(=O)N(C=Cc23)[C@H]4CCNC4,-0.8749884320027165
2759,Cc1cc(C)cc(c1)c2[nH]c3ccc(cc3c2CCNCCCCc4ccncc4)C(C)(C)C(=O)N5C6CCC5CC6,1.7593178992105054
2760,OC(=O)CCC(=O)N1CCC(CC1)c2onc(n2)c3cccs3,-2.898804724553827
2761,COc1cc(O)cc2OC=C(C(=O)c12)c3ccc(O)cc3,-0.1641438664372438
2762,Cc1c(Sc2ccc(Cl)cc2)c3cc(Cl)ccc3n1CC(=O)O,0.5634264536121224
2763,COc1ccc(Cl)cc1NC(=O)CCS(=O)(=O)c2ccc(Br)cc2,1.0066589474352992
2764,COc1ccccc1C[C@H](N2CCC(CN3CCC(CC3)Oc4ccc(Cl)c(Cl)c4)CC2)C(=O)O,0.4797976811926549
2765,OC(=O)[C@H](N1CCC(CN2CCC(CC2)Oc3ccc(Cl)c(Cl)c3)CC1)c4ccccc4,-0.0470635850499893
2766,Cc1ccc(cc1)C(=O)Oc2ccc(cc2OC(=O)c3ccc(C)cc3)C(O)CNC(C)(C)C,1.1488278605483937
2767,CC(C)C(=O)NCCNCC(O)COc1ccc(O)cc1,-1.962162473455792
2768,OC(=O)C(N1CCO[C@@H](CN2CCC(CC2)Oc3ccc(Cl)c(Cl)c3)C1)c4ccccc4,-0.4066673064536992
2769,CC(C)c1ccccc1Cc2cc(C(=O)Nc3ccc(cc3)S(=O)(=O)c4ccccc4C(C)(C)C)c(O)c(O)c2O,1.0401104564030863
2770,C[C@H](NC(=O)c1cccc2CCN(Cc3ccc(Cl)cc3)c12)c4ccc(cc4)C(=O)O,-0.6073763602604209
2771,COC1=CC=C2C(=CC1=O)C(CCc3cc(OC)c(OC)c(OC)c23)NC(=O)C,-0.9000770637285566
2772,FC(F)(F)c1cc(COCC(N2CCNCC2)c3ccccc3)cc(c1)C(F)(F)F,0.5885150853379624
2773,CCOc1cc(ccc1NC(=O)CN2CCOCC2)c3cccc4C(=O)C=C(Oc34)N5CCOCC5,0.504886312918495
2774,CC(=O)N1CCOc2nc(OCc3ccccc3)ccc12,0.1703712232406256
2775,CC(C)Cc1ccc(cc1)[C@@H](C)C(=O)NS(=O)(=O)C,-1.4102125754873076
2776,OC(=O)COc1ccc(Cl)cc1c2cccc(c2)C#N,-2.04579124587526
2777,COCc1ccoc1C(=O)N(C(C(=O)NC[C@@H](C)O)c2ccccc2F)c3ccc(OC)cc3OC,-0.1808696209211373
2778,CSc1nc(nn1Cc2ccccc2)c3ccccc3,1.3662626688390092
2779,CN(C1CCN(Cc2ccc(cc2)c3noc(C)n3)CC1)C(=O)Cc4ccc(cc4)n5cnnn5,-0.0805150940177763
2780,O=C(COCc1ccccc1)Nc2ccc3c(c2)C(=O)C(=O)c4ccccc34,0.8477642798383113
2781,COc1cc(\C=C/2\SC(=O)NC2=O)cc(OC)c1O,-1.217866398922533
2782,OC(=O)Cc1ccc(cc1)N2CCC(CN3CCC(CC3)Oc4ccc(Cl)c(Cl)c4)CC2,-0.3063127795503382
2783,CC(=O)NC[C@H]1CN(C(=O)O1)c2ccc(c(F)c2)n3cnc(c3)C#N,-0.5739248512926339
2784,OC(=O)[C@H](Cc1ccccc1F)N2CCC(CN3CCC(CC3)Oc4ccc(Cl)c(Cl)c4)CC2,0.320903013595667
2785,Oc1ccc(CCc2ccc(O)cc2)cc1,0.9230301750158318
2786,CCS(=O)(=O)c1ccc(Oc2c(C)n(CC(=O)O)c3ccc(cc23)C(F)(F)F)cc1,-1.5941958748101357
2787,NS(=O)(=O)c1cc(ccc1Cl)C2(O)NC(=O)c3ccccc23,-1.0255202223577575
2788,Cc1cc(C)cc(c1)c2[nH]c3ccccc3c2CCNCCCCc4ccncc4,0.9230301750158318
2789,CC(NC(=O)C1(N)CCN(CC1)c2ncnc3[nH]ccc23)c4ccc(cc4)S(=O)(=O)C,-1.0004315906319174
2790,Nc1ccccc1NC(=O)c2ccc(cc2)c3ncc(CN4CCCCC4)s3,0.5216120674023884
2791,C[C@H](N1CCC[C@@H](C1)N2C=C(C)C(=O)NC2=O)c3ccc(C(=O)O)c(Oc4cccc(Cl)c4)c3,-2.0541541231172067
2792,CC(C)CN1C(=O)N(C)C(=O)c2c1sc(Oc3cccc4ccccc34)c2C(=O)N5CC[C@@H](O)C5,0.5634264536121224
2793,CNC(=O)c1ccc(cc1)c2cc(C(=O)N[C@H]3CCCNC3)c(NC(=O)N)s2,-1.2513179078903196
2794,COCCNC(=O)c1ccc(Nc2ncc3cc(ccc3n2)c4cccnc4)cc1,0.7641355074188438
2795,CC(C)NC(=O)c1c(C)nn(c1NS(=O)(=O)c2ccc(C)cc2)c3ccccc3,-1.4520269616970414
2796,CC(O)(C(=O)Nc1ccc(cc1)S(=O)(=O)c2ccccc2)C(F)(F)F,0.6554181032735363
2797,Nc1nc(nc2c1nc(O)n2Cc3ccccc3)c4ccccc4,1.6422376178232514
2798,Oc1ccc(cc1)c2ccc3cc(O)ccc3n2,0.7557726301768973
2799,O=C1Nc2ccccc2C(=O)C=C1,-0.983705836148024
2800,COc1cc2ncnc(Nc3ccc(F)c(Cl)c3)c2cc1OC,1.2324566329678612
2801,Cc1ncc2CN=C(c3ccccc3F)c4cc(Cl)ccc4n12,1.0066589474352992
2802,CCCSc1nc(ccc1C(=O)NC2CCCCC2)N3CCC(CC3)C(=O)O,-0.4986589561151132
2803,OC(=O)c1cccc(c1)c2ccc3c(C(=O)NCC45CC6CC(CC(C6)C4)C5)c(Cl)ccc3n2,0.538337821886282
2804,C[C@@H](Oc1cccc2ncnc(Nc3ccc(OCc4ccccn4)c(Cl)c3)c12)C(=O)N(C)CCO,1.140464983306447
2805,[O-][N+](=O)c1ccc2C(=O)C(=O)c3ccccc3c2c1,0.3041772591117735
2806,CSc1ncccc1C(=O)NCC2CCCCC2,0.6136037170638028
2807,CN1C(=O)c2c(onc2c3ccncc3)C=C1c4ccccc4,0.8143127708705243
2808,NC(=O)c1sc2nccc(Nc3ccccc3)c2c1N,0.5968779625799093
2809,OCCN1C=Cc2c(NC(=O)Cc3ccc(Cl)c(c3)C(F)(F)F)cccc2C1=O,0.9732074384675122
2810,Cn1cc(cc1C=O)C(=O)CCCCOc2ccc(cc2)C(=O)O,-1.7196390334393368
2811,CC(C)N1CCN[C@@H](CN2CCN(CC2)C(=O)Nc3ccc(Cl)c(Cl)c3)C1,-0.2310468843728177
2812,CN1CCN(CC1)c2ccc(Nc3ncc(C)c(Nc4cccc(c4)S(=O)(=O)NC(C)(C)C)n3)cc2,0.538337821886282
2813,C[C@H]1CN(Cc2cc(Cl)ccc2CCC(=O)O)CCN1C(=O)Cc3ccccc3,-0.5655619740506872
2814,COc1ccc(cc1)C2=COc3cc(O)cc(O)c3C2=O,1.0902877198547667
2815,C[C@@H]1CN(Cc2cc(Cl)ccc2OCC(=O)O)C[C@H](C)N1C(=O)Cc3ccccc3,-1.2513179078903196
2816,Clc1ccc2C(=O)C3=C(Nc2c1)C(=O)NN(Cc4ccncc4)C3=O,-1.970525350697739
2817,COCCOc1cc2ncc(C(=O)N)c(Nc3ccc(C)cc3F)c2cc1N4CCN(C)CC4,0.036565187369478
2818,C[C@H](NC(=O)c1c(C)nn(c1NS(=O)(=O)c2ccc(C)cc2)c3ccccc3)C(C)(C)C,-0.6324649919862612
2819,CNc1c(Br)cnc2[nH]c(nc12)c3ccc(cc3)S(=O)(=O)C,0.5717893308540689
2820,CCN1C(=O)NC(C1=O)c2ccccc2,-1.0004315906319174
2821,Cn1c(Nc2ccc(cc2)C(F)(F)F)nc3cc(Oc4ccnc(c4)c5ncc([nH]5)C(F)(F)F)ccc13,1.0484733336450331
2822,CC(C)NCC(O)COc1nccs1,-2.6479184072954247
2823,FC(F)c1nc2ccccc2n1c3nc(nc(n3)N4CCOCC4)N5CCOCC5,0.7055953667252168
2824,Clc1cc(Cl)cc(NC(=O)NCC2(CCN(CC3CC3)CC2)c4ccc(cc4)c5cccc(c5)C#N)c1,0.9815703157094592
2825,CCCc1c(cnn1c2ccccc2)C(=O)Nc3ccc(F)cc3C,1.4164399322906895
2826,CC(O)(C(=O)Nc1ccc(cc1)S(=O)(=O)c2ccncc2)C(F)(F)F,-0.0387007078080428
2827,CCC(=C)C(=O)c1ccc(OCC(=O)O)c(Cl)c1Cl,-1.819993560342697
2828,CNC1=Nc2ncccc2C(=NC1c3cccs3)c4occn4,-0.8833513092446632
2829,CN[C@@H](C)C(=O)N[C@H](C(=O)N[C@H]1CCCN(CCc2ccccn2)C1)C(C)(C)C,-2.296677563133662
2830,CC(C)c1ccc2Oc3nc(N)c(cc3C(=O)c2c1)C(=O)O,-0.91680281821245
2831,Cc1ccccc1Nc2ncnc3ccccc23,0.5467006991282288
2832,Cc1ccc(cc1c2cc(ccc2OCC(=O)O)C(F)(F)F)C#N,-1.7112761561973902
2833,CC(C)NC(=O)NS(=O)(=O)c1cnccc1Nc2cccc(C)c2,-1.585832997568189
2834,Oc1ccc(cc1)c2cnc3ccccc3n2,0.9230301750158318
2835,OCC(O)COC(=O)c1ccccc1Nc2ccnc3cc(Cl)ccc23,1.0902877198547667
2836,S=C(NC1CCCCC1)N2CCC(CC2)c3cnc[nH]3,0.0867424508211581
2837,CN(C)CC(O)COc1ccc(Nc2nccc(Nc3cc(Cl)ccc3Cl)n2)cc1,0.5885150853379624
2838,CN1CCN(CC1)c2cc3c(Nc4ccc(F)cc4F)c(cnc3cc2F)C(=O)N,0.3627173998054005
2839,CCO[C@@H]1OC(=O)C[C@@H]1NC(=O)[C@@H]2CCCN3N2C(=O)[C@H](CCC3=O)NC(=O)c4nccc5ccccc45,-0.8666255547607697
2840,C[C@H](CO)Nc1nc(SCc2cccc(F)c2F)nc3ncc(C)nc13,1.0902877198547667
2841,CS(=O)(=O)C1(CC1)c2cc(nc(n2)c3cccc4[nH]ccc34)N5CCOCC5,0.003113678401691
2842,Cc1nc(C)c(nc1C(=O)N)c2ccc([C@@H]3CC[C@H](CC(=O)O)CC3)c(F)c2,-0.8331740457929828
2843,OC(=O)[C@H](Cc1ccc(cc1)C#N)N2CCC(CN3CCC(CC3)Oc4ccc(Cl)c(Cl)c4)CC2,-0.0219749533241493
2844,CCS(=O)(=O)c1ccc(c(C)c1)c2cc(ccc2CCC(=O)O)C(F)(F)F,-1.2011406444386392
2845,COC[C@H](C)Oc1cc(Oc2ccc(Cl)cc2)cc(c1)C(=O)Nc3ccc(cn3)C(=O)O,-0.4233930609375927
2846,NC(=O)c1cccc(C[C@@H]2C[C@H]3CC[C@@H](C2)N3Cc4ccccc4)c1,-0.9084399409705032
2847,Clc1ccc(cc1)S(=O)(=O)Nc2nnc(s2)c3ccccc3,-0.8833513092446632
2848,CC(C)(C)c1ccc(cc1)C(O)CCCN2CCC(CC2)C(O)(c3ccccc3)c4ccccc4,1.5000687047101569
2849,CC(COc1ccccc1)NC(C)C(O)c2ccc(O)cc2,-1.3683981892775738
2850,Cc1ccc(cc1)n2c(C)cc(C(=O)NS(=O)(=O)c3ccc(C)cc3)c2C,0.253999995660093
2851,Cc1nc(C)c(nc1C(=O)N)c2ccc3c(CC[C@@]34CC[C@H](CC4)C(=O)O)c2,-0.7495452733735153
2852,COc1ccccc1C(=O)Nc2nc3ccccc3[nH]2,0.5885150853379624
2853,Oc1cc(O)c2C(=O)C(=COc2c1)c3ccc(cc3)[N+](=O)[O-],0.8728529115641517
2854,Fc1cccc2c3CN(CCc3[nH]c12)C(=O)[C@@H]4CCCC[C@H]4C(=O)NC5(CC5)C#N,0.6972324894832699
2855,CC(C)C(=O)Nc1nc(cc2ccccc12)c3ccccn3,0.4212575404990279
2856,CN1C(=O)N(CC2CC2)c3nn(Cc4ccnc5ccc(Cl)cc45)c(c6oc(cc6C)C#N)c3C1=O,1.7927694081782923
2857,NC(=O)c1cnc(N[C@H]2CCCNC2)c3cc(sc13)c4ccncc4,-1.1927777671966924
2858,CN[C@@H](C)C(=O)N[C@H](C(=O)N[C@H]1CCCN(CCc2ccccc2OC)C1)C(C)(C)C,-0.4902960788731664
2859,CCn1c2ccccc2c3cc(NC(=O)C)ccc13,1.0902877198547667
2860,COC(=O)CCCCCCC(=O)Nc1ccc2C(=O)C(=O)c3ccccc3c2c1,0.3376287680795604
2861,CC(C)N1CCC(CC1)N(C(=O)Cc2ccccc2)c3ccc(Cl)cc3,0.0867424508211581
2862,CC1=CN([C@H]2CCCN(C2)S(=O)(=O)c3ccc(O)c(Oc4ccc(Cl)cc4)c3)C(=O)NC1=O,-0.0637893395338828
2863,CC(C)n1c(C)ncc1c2nc(Nc3ccc(cc3)C(=O)N4CC[C@H](C4)N(C)C)ncc2F,0.1369197142728386
2864,CC(C)c1ccc(NC(=O)NCCCSC[C@H]2O[C@H]([C@H](O)[C@@H]2O)n3cnc4c(N)ncnc34)cc1,0.253999995660093
2865,ONC(=O)[C@@H](Cc1ccc2ccccc2c1)NS(=O)(=O)c3ccc4ccccc4c3,0.8644900343222048
2866,CCCSc1nc2ccc(NC(=O)CCC(=O)O)cc2s1,-1.4185754527292542
2867,C[C@H]1CN(Cc2cc(Cl)ccc2OCC(=O)O)CCN1C(=O)Cc3ccccc3Cl,-0.91680281821245
2868,CC(C)CN1C(=O)N(C)C(=O)c2c(SC3CCCCC3)c(Cc4ccccc4C(F)(F)F)sc12,1.6255118633393577
2869,CC(C)(NC(=O)c1sccc1Oc2ccc(F)cc2[N+](=O)[O-])C#C,0.6721438577574299
2870,CN1C(=O)N(C)c2[nH]c(nc2C1=O)c3cccnc3,-1.2513179078903196
2871,Cc1nc(C)c(nc1C(=O)N)c2ccc(cc2)[C@@H]3CC[C@@H](CC(=O)N)CC3,0.4212575404990279
2872,CC(C)(C)NC[C@H](O)COc1nsnc1N2CCOCC2,-2.0207026141494198
2873,COc1ccnc(CSc2nc3ccccc3[nH]2)c1,0.5801522080960159
2874,NC(=O)c1cccc(OC2CCN(Cc3ccccc3)CC2)c1,-0.2310468843728177
2875,Nc1ccc2cccc(Nc3ncccn3)c2n1,0.4212575404990279
2876,CC1=CC2=NNC(=O)N2c3cc(ccc13)c4ccc(cc4)C(=O)N5CCOCC5,0.4797976811926549
2877,CCN(CC)CCOC(=O)c1ccc(N)cc1,-1.8367193148265912
2878,O=C1C=C(C=CN1c2ccc3c(cnn3CCN4CCCC4)c2)c5ccccc5,-0.4986589561151132
2879,CN(CCN(C)C(=O)CCOCCc1ccccc1)CCc2ccc(O)c3nc(O)sc23,0.3292658908376135
2880,CC1=C(CCC(=O)O)C(=O)Oc2c(C)c(O)ccc12,-2.087605632084993
2881,CNC(=O)c1cc(sc1NC(=O)N)c2ccccc2,0.8310385253544178
2882,Cc1cccc(Nc2ncnc3ccc(NC(=O)C=C)cc23)c1,1.2575452646937015
2883,COc1cccc(c1)C(=O)N2CCC(CC2)N3C(=O)Nc4ccccc34,0.379443154289294
2884,CCN(CC)C(=O)c1ccc(C2=CC3(CCNCC3)Oc4ccccc24)c(O)c1,-1.1927777671966924
2885,Fc1ccc(cc1)N2CCN(CC2)C(=O)[C@@H]3CCCC[C@H]3C(=O)NCC#N,-0.2310468843728177
2886,CCCCOc1nc(N)c2NC(=O)N(Cc3cccc(CC(=O)O)c3)c2n1,-1.7196390334393368
2887,CN1CCC[C@H]1c2ccccn2,-1.4687527161809348
2888,CC(=O)C1=C(C)c2cnc(Nc3ccc(cn3)N4CCNCC4)nc2N(C5CCCC5)C1=O,-1.167689135470852
2889,COc1cc(OC)c(cc1NC(=S)NCC(=O)O)S(=O)(=O)N2C(C)CCc3ccccc23,-2.706458547989052
2890,Fc1ccc(cc1F)C(=O)Nc2ccc(Cl)nc2,0.9313930522577788
2891,NC(=O)c1cccnc1Oc2ccccc2,-0.8917141864866099
2892,CN1CCN(CC1)C(=O)[C@@H]2CCCC[C@H]2C(=O)NCC#N,-1.9203480872460583
2893,CN(C)C(=O)N[C@@H]1CC[C@@H](CN2[C@@H]3CC[C@H]2C[C@H](C3)Oc4cccc(c4)C(=O)N)CC1,-1.8952594555202185
2894,SC1=Nc2[nH]cnc2C(=O)N1,-3.074425146634708
2895,CN1CC(c2ccc(Cl)cc2)c3ccccc3C1,1.2073680012420211
2896,CCOC(=O)C1(CCCN(CC2CC2)C1)c3cccc(O)c3,-0.256135516098658
2897,CN1CCN(CC1)c2ccc3N=CN(C(=O)c3c2)c4cc(NC(=O)C5CC5)ccc4C,-0.0219749533241493
2898,C[C@H]1O[C@H]([C@H](O)[C@H]1Cl)n2cnc3c(N)nc(OCC4CC45CC5)nc23,1.240819510209808
2899,CCc1cc(O)c(Oc2ccc(cc2F)C(=O)N)cc1F,0.5634264536121224
2900,COc1ccc(COc2nc(Br)cnc2NS(=O)(=O)c3ccc(C)cc3)cc1OCCN(C)C,-0.4317559381795394
2901,CC[C@H](NC(=O)c1c([S+](C)[O-])c(nc2cc(Br)ccc12)c3ccccc3)c4ccccc4,0.8226756481124713
2902,CCc1ccccc1c2ccc(cc2)c3nc4ccncc4c(O)c3C#N,1.0902877198547667
2903,Brc1ccc(s1)N2C[C@@]3(CN4CCC3CC4)OC2=O,-0.1641438664372438
2904,O=C1C(=O)c2cccnc2c3ccccc13,-0.2644983933406047
2905,Cc1cc(nc(n1)n2ccnc2)N3CCC[C@@H]3C(=O)NCCc4ccc5OCOc5c4,0.253999995660093
2906,COc1cccc(Nc2nc(NCC3CCCO3)c4ccccc4n2)c1,1.4248028095326362
2907,CCc1c(C)[nH]c2CCC(CN3CCOCC3)C(=O)c12,-0.5488362195667936
2908,CS(=O)(=O)c1ccc2[nH]c3CCN(Cc3c2c1)C(=O)[C@@H]4CCCC[C@H]4C(=O)NC5(CC5)C#N,-0.5822877285345807
2909,C[C@H](NC(=O)Cc1cc(F)cc(F)c1)C(=O)NC2C(=O)N(C)c3ccccc3c4ccccc24,1.1739164922742342
2910,CS(=O)(=O)c1ccc(cc1)N2CCN(CC2)C(=O)[C@@H]3CCCC[C@H]3C(=O)NCC#N,-1.27640653961616
2911,CNc1c(Br)cnc2[nH]c(nc12)c3ccnc(N)c3,0.5299749446443354
2912,CN1CCC(CC1)n2cc(cn2)c3cnc(N)c(c3)c4oc5cc(F)ccc5n4,0.9648445612255656
2913,O=C1CCOc2nc(ccc12)C#CC3CCCCC3,0.9230301750158318
2914,Cc1c(Sc2ccc(Cl)cc2)c3c(C#N)c(Cl)ccc3n1CC(=O)O,-0.4986589561151132
2915,Nc1ccc(OCCc2ccccc2)cc1,0.4296204177409745
2916,CC(C)C(NC(=O)CN1C(=O)C(=CN=C1c2ccc(F)cc2)NC(=O)OCc3ccccc3)C(=O)C(F)(F)F,0.228911363934253
2917,CCOC(=O)c1ccc(OCCC2CN(C2)c3ccc(C)nn3)cc1,0.8561271570802582
2918,O=S(=O)(Cc1ccccc1)NCC(N2CCCCCC2)c3ccccc3,0.5299749446443354
2919,CO[C@H]1\C=C\O[C@@]2(C)Oc3c(C)c(O)c4c(O)c(NC(=O)\C(=C/C=C/[C@H](C)[C@H](O)[C@@H](C)[C@@H](O)[C@@H](C)[C@H](OC(=O)C)[C@@H]1C)\C)cc(O)c4c3C2=O,-0.8415369230349296
2920,COc1ccc2NC(=O)C(NC(=O)c3ccccc3OC)N=C(c4ccccc4)c2c1,1.3411740371131686
2921,CNCC[C@@H](Oc1ccc(cc1)C(F)(F)F)c2ccccc2,-0.1975953754050307
2922,CC(=O)c1ccc(nc1)N2CCN(CC2)S(=O)(=O)C[C@]34CC[C@H](CC3=O)C4(C)C,0.0114765556436376
2923,O=C(NC1CC1)Nc2c[nH]nc2c3nc4cc(CN5CCOCC5)ccc4[nH]3,0.0867424508211581
2924,CC1(C)[C@@H]2CC[C@@]1(CS(=O)(=O)N3CCN(CC3)c4ccc(cn4)C(F)(F)F)C(=O)C2,1.3411740371131686
2925,Cn1cncc1c2c3C(=O)N(CC#C)C(=O)N(CC4CC4)c3nn2Cc5ccnc6ccc(Cl)cc56,0.8059498936285777
2926,Cc1cccc(NS(=O)(=O)c2cccc3nonc23)c1,0.6721438577574299
2927,C[C@H](NC1=NC(=O)[C@](C)(S1)C(F)(F)F)c2ccccc2F,0.7557726301768973
2928,COc1cc2c(Nc3cc(CC(=O)Nc4cccc(F)c4F)[nH]n3)ncnc2cc1OCCCN(CCO)CC(C)C,1.1822793695161806
2929,O\N=C\1/C(=O)N(Cc2ccccc2[N+](=O)[O-])c3ccccc13,-0.1056037257436167
2930,COc1ccc2ncc(F)c(CCN3CCC(CC3)NCc4ccc5OCC(=O)Nc5n4)c2n1,-0.3481271657600719
2931,CC(N1NC(=O)c2nc3cc(Cl)ccc3c(O)c2C1=O)c4ccccn4,-1.4102125754873076
2932,COc1cc2ncc(C(=O)N)c(Nc3cc(F)ccc3F)c2cc1OC,0.5885150853379624
2933,CCCCCCCN(CCc1ccc(OC(C)(C)C(=O)O)cc1)C(=O)Nc2ccc(F)cc2F,-0.222684007130871
2934,CC(=O)c1noc(C)c1C(=O)Nc2nccs2,-0.2143211298889242
2935,CN(C1CCN(CCC(c2ccccc2)c3ccccc3)CC1)C(=O)Cc4ccc(O)cc4,0.9230301750158318
2936,O=C(Nc1cccc(c1)c2nnn[nH]2)c3cccc4[nH]cnc34,-1.8785337010363248
2937,CCCSc1nc(N[C@@H]2C[C@H]2c3ccccc3)c4nnn([C@@H]5C[C@H](O)[C@@H](O)[C@H]5O)c4n1,1.4833429502262634
2938,COc1cccc([C@H](O)C2CCN(CCc3ccc(F)cc3)CC2)c1OC,-0.4150301836956459
2939,CN1CCCC(CC1)N2N=C(Cc3ccc(Cl)cc3)c4ccccc4C2=O,0.220548486692306
2940,C(Nc1nc2ccccc2[nH]1)c3ccccc3,0.4714348039507079
2941,CN1C(=O)N(CC2CC2)c3nn(Cc4ccnc5ccc(Cl)cc45)c(c6cc(cn6C)C#N)c3C1=O,1.2324566329678612
2942,CC(NC(=O)c1cc(O)nc2ccccc12)c3ccccc3,0.003113678401691
2943,N[C@@H](CC(=O)N1CCn2c(C1)nnc2C(F)(F)F)Cc3cc(F)c(F)cc3F,-1.5774701203262422
2944,CCOC(=O)[C@H](Cc1ccc(cc1)[N+](=O)[O-])NC(=O)c2ccccc2,0.4965234356765484
2945,COc1cc(ccc1Nc2ncc(Cl)c(n2)c3cnc4ccccn34)C(CO)CO,0.7557726301768973
2946,CN1CCN(CC1)C(=O)c2cc3ccccc3[nH]2,-0.4150301836956459
2947,CC(C)CNc1nc(nc(NC2CCS(=O)(=O)C2)c1N)C#N,0.0867424508211581
2948,CC(C)CN1C(=O)N(C)C(=O)c2c1sc(Cc3c(C)n[nH]c3C)c2C(=O)N4C[C@H](O)CO4,-0.9418914499382902
2949,C1Cc2ccccc2CN1c3ccncc3,-0.6659165009540481
2950,Nc1nc(Nc2cccc(Br)c2)c3nc[nH]c3n1,0.7055953667252168
2951,CC(C)n1c(C)ncc1c2nc(Nc3ccc(cc3)C(=O)N4CCCN(C)CC4)ncc2F,-0.1474181119533503
2952,ONC(=O)Cc1ccc(Oc2ccccc2)cc1,-0.1390552347114037
2953,OC(=O)c1[nH]c2ccccc2c1CC(=O)Nc3cccc(c3)C(F)(F)F,-0.7244566416476751
2954,O=C1C=C(Oc2c1cccc2c3ccccc3)N4CCOCC4,0.5885150853379624
2955,CC(N(O)C(=O)N)c1cc2ccccc2s1,-0.1223294802275102
2956,CNC(=O)c1snnc1c2ccccc2,-0.8080854140671425
2957,Nc1cc(nc2ccccc12)c3ccccc3,0.003113678401691
2958,CC(C)Oc1cc(Nc2nc3c(cc2F)ncn3[C@@H](CO)c4ccc(F)cn4)n[nH]1,0.6470552260315898
2959,CN(Cc1ccc(Cl)cc1)C(=O)C2(N)CCN(CC2)c3ncnc4[nH]ccc34,0.504886312918495
2960,NC(=O)Nc1cc(sc1C(=O)N[C@H]2CCCNC2)c3ccc(cc3)C#N,-1.3265838030678403
2961,COc1cccc2[nH]ncc12,-0.0805150940177763
2962,CN(C)CC(O)COc1ccc(Nc2cc(ncn2)N(CC#N)c3ccc(C)cc3Br)cc1,0.036565187369478
2963,CNC(=O)c1cccc(NC(=O)Nc2cccc(c2)C#N)c1CN3CCC(Cc4ccc(F)cc4)CC3,1.4833429502262634
2964,CCOc1ccc(NC(=O)CCc2c(C)nc3nc(C)nn3c2C)cc1,-0.0805150940177763
2965,CS(=O)(=O)c1cccc(Nc2nccc(Nc3cccc4CCOc34)n2)c1,0.6721438577574299
2966,COc1c2OC(=O)C=Cc2cc3ccoc13,-0.189232498163084
2967,Clc1ccc(C2CCN(CC2)C(=O)COCc3ccncc3)c(Cl)c1,0.3627173998054005
2968,c1ccc(cc1)c2c[nH]c(n2)c3ccccc3,1.3411740371131686
2969,C1NC(Cc2ccccc12)c3ccccc3,-0.2477726388567112
2970,Clc1ccc(Cl)c(c1)S(=O)(=O)Nc2nc(cs2)c3sccc3Cl,-0.0721522167758298
2971,COc1cc(CCc2cc(Nc3ccnc(NCc4onc(C)c4)n3)n[nH]2)cc(OC)c1,0.7557726301768973
2972,CN(C)CCCN1c2ccccc2Sc3ccc(cc13)C(F)(F)F,1.1655536150322872
2973,CC(C)C(NC(=O)CN1C(=O)C(=CC=C1c2ccccc2)NS(=O)(=O)c3ccccc3)C(=O)C(F)(F)F,0.0532909418533711
2974,FC(F)(F)c1nn(cc1C(=O)NCCNC(=O)c2ccc(Cl)cn2)c3ccccc3,1.3411740371131686
2975,O=C(Cc1cccc2ccccc12)Nc3ccccc3,1.4248028095326362
2976,CCCCC(CC)CNC(=O)c1ccc2c(c1)c(Cc3ccc(cc3OC)C(=O)NS(=O)(=O)c4ccccc4C)cn2C,1.2240937557259146
2977,CC(C)C(NC(=O)CN1C(=O)C(=CC=C1c2ccccc2)NC=O)C(=O)C(F)(F)F,-0.2979499023083915
2978,COc1cc2ncnc(N3CC[C@H](C3)Oc4cnc5ccccc5n4)c2cc1OC,1.5418830909198904
2979,Cc1ccc2c(c1)c(Sc3ccc(cc3)S(=O)(=O)C)c(C)n2CC(=O)O,-1.903622332762165
2980,N#CCc1c[nH]c2ccc(OCc3ccccc3)cc12,1.2659081419356482
2981,C(CCCCNc1cc(nc2ccccc12)c3ccccc3)CCCNc4cc(nc5ccccc45)c6ccccc6,0.061653819095318
2982,FC1(F)Oc2ccc(\C=C\3/SC(=O)NC3=O)cc2O1,0.504886312918495
2983,CCOc1ccccc1c2ccc(cc2)c3nc4ccc(F)cc4c(N[C@H](C)C(=O)O)c3C#N,0.253999995660093
2984,CCCCN(CCCC)CCCOC(=O)c1ccc(N)cc1,-0.222684007130871
2985,O=C1CCCCCN1,-1.903622332762165
2986,CC1(C)CC(=O)c2c(N)c3ccccc3nc2C1,0.6721438577574299
2987,CCOC(=O)\C=C\[C@H](C[C@@H]1CCNC1=O)NC(=O)[C@H](CC#C)N2C=CC=C(NC(=O)c3cc(C)on3)C2=O,-0.3732157974859122
2988,CC[C@H](NC(=O)c1c(O)c(nc2ccccc12)c3ccccc3)c4ccccc4,1.433165686774583
2989,Fc1ccc(NC(=O)c2cccnc2Oc3ccccc3)cc1,0.8310385253544178
2990,OC(=O)c1cccnc1Nc2cccc(c2)C(F)(F)F,-1.0004315906319174
2991,Nc1cccc2C(=O)C(=O)c3ccccc3c12,0.095105328063105
2992,Brc1ccccc1NC(=O)Nc2ccc(C#N)c3[nH]nnc23,-0.4652074471473264
2993,COCC[C@H](Oc1ncnc2c1cnn2c3ccccc3Cl)C(=O)Nc4ccc(C)cn4,1.1739164922742342
2994,CN(C1CCN(Cc2nc3CCCCc3s2)CC1)C(=O)Cc4ccc(cc4)n5cnnn5,0.253999995660093
2995,CC1CN(C(=O)c2ccccc2)c3ccccc3NC1=O,-0.3899415519698057
2996,Clc1ccc(NC(=O)N2CCN(C[C@@H]3CCCN(Cc4ccccc4)C3)CC2)cc1Cl,1.7258663902427185
2997,COc1ccc(CNC(=O)c2sc3nc(C)cc(C)c3c2N)cc1,1.3829884233229026
2998,OC1CS(=O)(=O)CC1N2CCC(CC2)c3ccccc3,-0.6659165009540481
2999,CNc1cccc(CCOc2ccc(C[C@H](NC(=O)c3c(Cl)cccc3Cl)C(=O)O)cc2)n1,-1.962162473455792
3000,Clc1ccc2ncccc2c1C(=O)NCC3CCCCC3,0.379443154289294
3001,COc1ccc(NC(=O)c2ccc(c(C)c2)c3ccncc3)cc1N4CCN(C)CC4,0.3041772591117735
3002,CC1=C(CCN2CCC(CC2)c3noc4cc(F)ccc34)C(=O)N5CCCCC5=N1,-0.1223294802275102
3003,Cc1ccc(cc1)S(=O)(=O)Nc2c(C(=O)NC3CCCCC3)c(C)nn2c4ccccc4,-0.4317559381795394
3004,COc1cc(ccc1Nc2ncc(Cl)c(n2)c3cnc4ccccn34)N5CCN(CC5)C(=O)N,0.9230301750158318
3005,O=C1CC2(CCCC2)CC(=O)N1CCCCN3CCN(CC3)c4ncccn4,-0.0052491988402558
3006,CCCc1c(O)c(O)c(C(=O)O)c2cc(Cc3ccccc3)c(C)cc12,0.3376287680795604
3007,NC(=O)C1=CN(Cc2ccc(Cl)cc2Cl)C(=O)C=C1,0.1369197142728386
3008,CC(=O)Nc1ccc(cc1)c2ccnc(Nc3ccc(cc3)N4CCOCC4)n2,0.5968779625799093
3009,FC(F)(F)c1ccc(NC(=O)N2CCN(C[C@@H]3CCCN(C3)C4CC4)CC2)cc1Cl,1.5586088454037836
3010,Cc1sc(CN2CCNCC2)cc1C(=O)NCC34CC5CC(CC(C5)C3)C4,0.2958143818698265
3011,Oc1cccc(c1)c2nc3ccc(O)cc3s2,1.2575452646937015
3012,CN1CCN(CCCN2c3ccccc3Sc4ccc(cc24)C(F)(F)F)CC1,1.767680776452452
3013,Clc1cccc2c3CN(CCc3[nH]c12)C(=O)[C@@H]4CCCC[C@H]4C(=O)NC5(CC5)C#N,1.1655536150322872
3014,CCn1c2ccccc2c3cc(NC(=O)CN(C)C)ccc13,0.8394014025963648
3015,CS(=O)(=O)Cc1cc(nc(n1)c2cccc3cc[nH]c23)N4CCOCC4,0.504886312918495
3016,OCCCNc1ccc2c(NC(=O)CC3CCCCC3)c(Cl)ccc2n1,0.9146672977738852
3017,Nc1ccccc1NC(=O)c2ccc(cc2)C3CCN(CCC(=O)Nc4ccccc4F)CC3,0.4714348039507079
3018,COc1cc(NC(=O)Nc2cccc(CNC(=O)O[C@H]3CCOC3)c2)ccc1c4ocnc4,1.1739164922742342
3019,CC(C)(C)OC(=O)N1CCN(CC1)c2ncc(OCc3ccc(cc3)S(=O)(=O)C)cn2,0.8979415432899918
3020,COc1cc2ncnc(Nc3cc(NC(=O)c4cccc(c4)N(C)C)ccc3Cl)c2cc1OC,1.7258663902427185
3021,COc1ccc(cc1)c2nc3c(OCC4CCNCC4)c(Br)cnc3[nH]2,-0.5404733423248469
3022,Cc1cc(OC2CCN(CC3CCN(CC3)[C@@H](Cc4ccc(F)cc4)C(=O)O)CC2)ccc1Cl,0.28745150462788
3023,OCCNCc1cc(Br)ccc1OCc2ccc(Cl)cc2,0.6554181032735363
3024,CO[C@H]1CN(Cc2ccc(cc2)C(F)(F)F)CC[C@H]1N(C)C(=O)Cc3ccc(cc3)n4cnnn4,0.6721438577574299
3025,O=C(N1CCCCC1)c2scc3CCCCc23,0.8059498936285777
3026,O=C1C=COc2cc(OCc3ccccc3)ccc12,0.9481188067416724
3027,Cc1ccc(CCCOCCS(=O)(=O)CCCNCCc2ccc(O)c3nc(O)sc23)s1,0.1787341004825725
3028,C[C@H](Nc1ncc(F)c(Nc2cc([nH]n2)C3CC3)n1)c4ncc(F)cn4,0.228911363934253
3029,CN1CCC[C@H]1CCN2CCCc3cc(NC(=N)c4cccs4)ccc23,-1.5272928568745618
3030,CCOc1cccc(\C=C\2/SC(=O)NC2=O)c1N3CCC[C@@H](N)C3,-0.281224147824498
3031,Fc1ccc2OCC(=O)N(CCN3CCC(CC3)NCc4ccc5OCC(=O)Nc5n4)c2c1,-1.084060363051385
3032,NC1(CCC1)c2ccc(cc2)c3c(ccn4ncnc34)c5ccccc5,-0.4150301836956459
3033,COc1cc(CO)cc(c1)N(C)c2ccnc(Nc3cc(cc(c3)N4CCOCC4)N5CCOCC5)n2,0.6721438577574299
3034,O=C(NCCCCc1ccccc1)c2ccccc2,1.3411740371131686
3035,CC(=O)N1CCN(CCOc2ccc(cc2)C3(O)CCN(CC3)c4ccc5nnc(n5n4)C(F)(F)F)CC1,0.003113678401691
3036,Cc1nocc1C(=O)Nc2ccc(c(N)n2)c3ccccc3OC(F)(F)F,1.2575452646937015
3037,OC(=O)CCCS(=O)(=O)c1cccc(c1)C(=O)N2CCC(CC2)N3CCC(CC3)Oc4ccc(Cl)c(Cl)c4,-1.2847694168581063
3038,Nc1ncnc2c1ncn2Cc3ccccc3,-0.5571990968087404
3039,O=C(NC1CCCCC1)C2CCCN(C2)S(=O)(=O)c3cccs3,0.6136037170638028
3040,CC(=O)C1=Cc2ccc(O)cc2OC1=O,-1.109148994777225
3041,Clc1ccc2[nH]ccc2c1,0.9063044205319384
3042,CS(=O)(=O)C1(CC1)c2cc(nc(n2)c3ccccc3)N4CCOCC4,0.3376287680795604
3043,C[C@H](NC(=O)c1c(C)nn(C2CCN(CC(F)(F)F)CC2)c1NS(=O)(=O)c3ccc(C)cc3)C(C)(C)C,-0.9335285726963436
3044,C1CN2CCC1C(=C2)c3oc4ccccc4c3,0.3292658908376135
3045,CC(=O)Nc1ccc2CCN(c3cc(NC4CC4)n5ncc(C#N)c5n3)c2c1,0.9230301750158318
3046,CN1SC(=O)c2cc(ccc12)S(=O)(=O)N,-1.585832997568189
3047,COc1cc2ncc(C(=O)N)c(Nc3cc(C)ccc3F)c2cc1OC,0.8059498936285777
3048,CN1CCN(CC1)C(=O)c2cc3cc(Cl)ccc3[nH]2,0.1703712232406256
3049,Clc1ccc(cc1)C(N2CCNCC2)c3ccccc3,-0.2143211298889242
3050,Nc1ncc(cc1c2oc3ccccc3n2)c4cnn(c4)C5CCNCC5,-0.2895870250664448
3051,OC(CN1CCOCC1)c2ccccc2,-1.0004315906319174
3052,CC(C)OC(=O)N1CCC(CC1)Oc2ncnc3N(CCc23)c4ccc(cc4F)S(=O)(=O)C,1.0066589474352992
3053,COc1cc2nc(nc(N)c2cc1OC)N3CCN(CC3)C(=O)c4occc4,-0.2477726388567112
3054,CS(=O)(=O)c1ccc(cc1)[C@@H](CC2CCCC2)C(=O)Nc3nccs3,1.391351300564849
3055,COc1ccc2Sc3ccccc3N(C[C@H](C)CN(C)C)c2c1,0.6637809805154833
3056,CC(C)n1c(C)ncc1c2ccnc(Nc3ccc(cc3)C(=O)N)n2,0.162008345998679
3057,Cc1ccc(Cl)c(Nc2ccccc2C(=O)O)c1Cl,0.1118310825469985
3058,OC(=O)COc1ccc(Br)cc1c2ccccc2,-1.7112761561973902
3059,C[C@H](NC(=O)c1cccnc1Oc2ccccc2)c3ccccc3,0.5968779625799093
3060,CN[C@@H](C)C(=O)N[C@H](C(=O)N[C@H]1CCCN(C1)S(=O)(=O)Cc2ccccc2)C(C)(C)C,-1.1844148899547458
3061,COc1cc(ccc1Nc2ncc3N(C)C(=O)CCN(C4CCCCC4)c3n2)C(=O)NC5CCN(C)CC5,0.5634264536121224
3062,CN(C)C(=O)[C@H](O)[C@H](Cc1ccccc1)NC(=O)c2cc3cc(Cl)ccc3[nH]2,1.1739164922742342
3063,CN[C@@H](C)C(=O)N[C@H](C(=O)N[C@H]1CCCN(CCc2ccc(Br)cc2)C1)C(C)(C)C,0.605240839821856
3064,CCN1CCC[C@H](C1)C(=O)N2CCN(CC2)C(=O)Nc3ccc(Cl)c(Cl)c3,-0.4986589561151132
3065,COC(=O)C1=C(C)NC(=C(C1c2ccccc2[N+](=O)[O-])C(=O)OC)C,0.9146672977738852
3066,CN1CCN(CC1)c2nc(NCCNc3ccc(cc3)[N+](=O)[O-])c4ccccc4n2,0.5968779625799093
3067,CNc1c(Br)cnc2[nH]c(nc12)c3cnn(c3)C4CCN(C)CC4,0.253999995660093
3068,CCOc1ccc2oc(C(=O)NC(CCSC)c3nc4ncccc4[nH]3)c(C)c2c1,1.7007777585168788
3069,Fc1ccccc1c2ccc3c(c2)C(=O)C(=O)c4ccccc34,0.605240839821856
3070,O=C(NCc1ccccc1)c2cccnc2Oc3ccccc3,0.6721438577574299
3071,CC(C)C[C@H](N)c1oc(nn1)S(=O)(=O)Cc2ccc(F)cc2,-0.9084399409705032
3072,CN1CCN(CC1)C(=O)c2ccc(cc2)C(=C3CCN(Cc4cscn4)CC3)c5cccc6cccnc56,-0.1808696209211373
3073,CCCCCC[C@H]1OC(=O)CNC(=O)[C@H](NC(=O)[C@H](CO)NC(=O)[C@@H](NC(=O)[C@H](CC(C)C)N(C)C(=O)[C@@H]1C)[C@H](C)CC)[C@H](C)O,0.8394014025963648
3074,OCCCN(Cc1ccc(F)cc1)C(=O)CC2CCN(Cc3ccn(c3)c4ccc(cc4)C(F)(F)F)CC2,0.7055953667252168
3075,CO[C@H]1CN(CCN2C(=O)C=Cc3ccc(cc23)C#N)CC[C@H]1NCc4cc5OCCOc5cn4,-1.3098580485839468
3076,OC(=O)Cc1ccccc1Nc2c(Cl)cccc2Cl,-0.9335285726963436
3077,OC1(CN2CCC1CC2)c3ccc(cc3)c4ccccc4,-0.5822877285345807
3078,CC1=CC2=NNC(=O)N2c3cc(ccc13)c4ccccc4CO,0.8226756481124713
3079,CN(C)C(=O)N[C@@H]1CC[C@@H](CCN2CCN(CC2)c3ccc(Cl)cc3)CC1,0.5132491901604419
3080,CNS(=O)(=O)NC1=CC=C(N(CC(=O)NC(C(C)C)C(=O)C(F)(F)F)C1=O)c2ccccc2,-0.3397642885181252
3081,C[C@H](Oc1ccc(Cl)cc1CN2CCN([C@@H](C)C2)C(=O)Cc3ccc(Cl)cc3)C(=O)O,-0.4484816926634329
3082,CCC(C)NC(=O)c1c(C)nn(c1NS(=O)(=O)c2ccc(C)cc2)c3ccccc3,-1.2847694168581063
3083,FC(F)(F)c1cc(NC(=O)c2cnc(Cl)nc2C(F)(F)F)cc(c1)C(F)(F)F,-0.3314014112761785
3084,Cc1cc(c(S)cc1Cl)S(=O)(=O)Nc2nc(Nc3ccc(Cl)cc3)n[nH]2,-0.0888779712597233
3085,NC(=O)N1c2ccccc2C[C@H](O)c3ccccc13,-1.176052012712799
3086,COc1cc(OC)c(cc1NC(=O)CSc2ccncc2)S(=O)(=O)N3C(C)CCc4ccccc34,0.5216120674023884
3087,Cc1cccc(n1)c2nc3cc(Cl)ccc3[nH]2,1.5920603543715706
3088,CCNCc1cnc(s1)c2ccc(cc2)C(=O)Nc3ccccc3N,-1.0422459768416512
3089,COc1cncc(NC(=O)c2cc(NC(=O)c3cccc(c3)C(C)(C)C#N)ccc2C)c1,0.7055953667252168
3090,CN1CCN(CC1)c2ccc3nc([nH]c3c2)C4=C(N)c5c(F)cccc5NC4=O,1.0484733336450331
3091,Nc1c(NC2CCOC2)nc(nc1N3CCOCC3)C#N,-0.4986589561151132
3092,CN(C)S(=O)(=O)c1ccc2C(=CNC(=O)c2c1)C(=O)NC[C@@H](O)CN3CCC(CC3)Oc4ccc(Cl)c(Cl)c4,0.7808612619027373
3093,Nc1c(NC2CCCC2)nc(nc1N3CCOCC3)C#N,0.3292658908376135
3094,CC(C)(C)NC(=O)Nc1cccc(CN2NC(=O)C3=C(C2=O)C(=O)c4ccc(Cl)cc4N3)c1,-0.3564900430020187
3095,CCOc1ccc(cc1)c2cnc3CCCn23,0.379443154289294
3096,COc1ccc(cc1OC)C(=O)Nc2cccc(NC(=O)c3ccc(OC)c(OC)c3)n2,1.0902877198547667
3097,COc1ccc(CCN2CNC(=NC2)SCc3ccc(Cl)cc3)cc1OC,0.1787341004825725
3098,Nc1ccc2ncccc2c1,-0.7244566416476751
3099,CN1CCN(CC1)C(=O)c2cccc(CC3=NNC(=O)c4ccccc34)c2,-1.0673346085674915
3100,Fc1ccc(cc1)C(NC(=O)CC2CCN(Cc3ccn(c3)c4ccc(cc4)C(F)(F)F)CC2)C5=CNC(=O)C=C5,0.7055953667252168
3101,COc1ccc2nccc(C(O)C3CC4(CCN3CC4)C=C)c2c1,-0.0972408485016698
3102,COc1ccc(cc1)c2cc3c(N[C@H]4CCCNC4)ncc(C(=O)N)c3s2,-0.314675656792285
3103,CCCCC(O)c1[nH]c2cc(C)c(cc2c1CCc3ccccc3)C(=O)O,0.3292658908376135
3104,OB1N(C(=O)Nc2ccccc12)c3ccccc3,-0.6659165009540481
3105,CNc1c(Br)cnc2[nH]c(nc12)c3ccc(OCCN4CCN(C)CC4)cc3,0.5968779625799093
3106,Nc1ncnc2oc(c3cocc3)c(c4occc4)c12,0.7557726301768973
3107,Oc1ccnc2ccccc12,-1.167689135470852
3108,CCN1CCN(Cc2cnc(c(C)c2)c3ccc(cc3)C(=O)Nc4ccccc4N)CC1,-0.8331740457929828
3109,CCOC(=O)c1ccc(COC2CN(C2)c3ccc(C)nn3)cc1,0.253999995660093
3110,CC(C)N1CCN[C@H](C1)C(=O)N2CCN(CC2)C(=O)Nc3ccc(Cl)c(Cl)c3,0.0114765556436376
3111,CCOc1ccc(cc1)N2C(=O)c3cccnc3N=C2[C@@H](C)N(CC4CCN(C)CC4)C(=O)Cc5ccc(F)c(c5)C(F)(F)F,-0.6659165009540481
3112,COc1cc(ccc1Nc2ncc(Cl)c(n2)c3cnc4cc(ccn34)C#N)N5CCN(CC5)C(=O)C,0.0867424508211581
3113,OC(=O)COc1ccccc1N2CCC(CN3CCC(CC3)Oc4ccc(Cl)c(Cl)c4)CC2,-0.1641438664372438
3114,OC(=O)\C=C\c1cccc(c1)c2cnc3[nH]ccc3c2,-1.3516724347936804
3115,Cn1cnc(c2ccccc2)c1C#Cc3ccnc(N)n3,0.6219665943057494
3116,CCN(CC)CCn1c2ccccc2c3cnc(N)c(C#N)c13,0.4212575404990279
3117,Nc1nnc(c(N)n1)c2cccc(Cl)c2Cl,-0.6826422554379415
3118,CN(C)CCNS(=O)(=O)c1ccc(Nc2nccc(n2)c3cnc4ccccn34)cc1,0.4212575404990279
3119,C[C@@H](NC1=CC(=O)CC1)c2ccc(Nc3ncc4cc(ccc4n3)c5ccncc5)cc2,0.8394014025963648
3120,CC(N1NC(=O)C2=C(C1=O)C(=O)c3ccc(Cl)cc3N2)c4ccsc4,-1.084060363051385
3121,CCCCCC1=CC(=O)NC(=N1)N,-0.4819332016312197
3122,Oc1ccc(CCNCCCCCCOCCc2ccccc2)c3sc(O)nc13,0.0114765556436376
3123,CC(C)CN1C(=O)N(C)C(=O)c2c1sc(Cc3ccccc3C(F)(F)F)c2C(=O)N4CC(C)(O)C4,0.8226756481124713
3124,Oc1c(I)cc(I)c2cccnc12,-0.0052491988402558
3125,CC(=O)N[C@@H]1CC2(CCN(Cc3ccc4[nH]c5ccccc5c4c3)CC2)c6ccccc16,0.6386923487896429
3126,CN(C)CC(O)COc1ccc(Nc2cc(ncn2)N(CCC#N)c3cc(Cl)ccc3Cl)cc1,-0.0805150940177763
3127,Nc1[nH]ncc1S(=O)(=O)c2ccccc2,-0.91680281821245
3128,CCc1nc2c(N)nc3ccccc3c2n1CC(C)(C)O,-0.6826422554379415
3129,CCN(C1CCN(CCC(c2ccccc2)c3ccccc3)CC1)C(=O)NCc4ccc(cc4)S(=O)(=O)C,0.5550635763701754
3130,COc1cc2ncc(C(=O)N)c(Nc3ccc(C)cc3F)c2cc1OC,0.9564816839836188
3131,CNC(=O)c1nc(cnc1N)c2ccc(Cl)c(c2)S(=O)(=O)Nc3cccc(F)c3F,0.504886312918495
3132,CN(C)C(=O)[C@H](Cc1ccccc1)NC(=O)c2cc3ccccc3[nH]2,1.0066589474352992
3133,COc1ccc(Nc2ccccc2C(=O)O)cc1,-0.8331740457929828
3134,CO[C@H]1CN(CCN2C(=O)C=Nc3ccc(OC)cc23)CC[C@@H]1NCc4cc5OCCOc5cn4,-0.791359659583249
3135,CN1CCN(CC1)c2ccc(NC(=O)c3oc(Nc4ccccc4F)nn3)cn2,0.1369197142728386
3136,CN(C)CCCC(NC(=O)C1(N)CCN(CC1)c2ncnc3[nH]ccc23)c4ccc(Cl)cc4,-0.6659165009540481
3137,Cc1ccc(Oc2ccc(Nc3ncnc4[nH]nc(OCCN5CCC(O)CC5)c34)cc2Cl)cn1,1.0066589474352992
3138,C[C@H](Oc1ncc(Cl)c(Nc2cc(C)[nH]n2)n1)c3ncc(F)cn3,-0.314675656792285
3139,CC(C)C(=O)Nc1ccc2C(=O)NC(=O)c2c1,-0.5404733423248469
3140,CN1N=Nc2c(ncn2C1=O)C(=O)N,-2.739910056956839
3141,CC(C)(O)c1ccc(Nc2nc3ccc(cc3[nH]2)C#N)cc1,0.4463461722248679
3142,O[C@H](CNS(=O)(=O)c1cccc(c1)C#N)CN2CCC(CC2)Oc3ccc(Cl)c(Cl)c3,1.0233847019191928
3143,CC(C)n1c(C)ncc1c2nc(Nc3ccc(cc3)C(=O)N4CCN(C)CC4)ncc2F,0.2456371184181464
3144,CCC(N(CC1CCNCC1)C(=O)c2ccc(C)cc2)C3=Nc4ccsc4C(=O)N3Cc5ccccc5,-0.7244566416476751
3145,NC(=O)Nc1cc(sc1C(=O)N)c2ccsc2,0.0867424508211581
3146,CN(C)CCCNC(=O)c1nc(Cl)c(N)nc1N,-2.673007039021265
3147,FC(F)(F)c1nnc2ccc(nn12)n3ccnc3,-1.075697485809438
3148,Cc1cnc(Oc2ccc(cc2)n3ccnc3)nc1Oc4ccc5OCOc5c4,1.140464983306447
3149,Oc1cccc(NC(=O)c2ccc(OCCCN3CCCC3)cc2OCc4cccc(F)c4)c1,0.7975870163866309
3150,Nc1ncnc2[nH]ccc12,-0.3481271657600719
3151,CC(=O)c1ccc(cc1)S(=O)(=O)NC(=O)NC2CCCCC2,-2.246500299681981
3152,[O-][N+](=O)c1ccc2NC(=O)CN=C(c3ccccc3Cl)c2c1,1.274271019177595
3153,Cc1ccc2c(c1)c(Sc3cccc(Cl)c3)c(C)n2CC(=O)O,-0.2895870250664448
3154,C[C@H]1O[C@H]([C@H](O)[C@@H]1O)n2cnc3c(N)nc(Oc4ccccc4)nc23,-0.9586172044221838
3155,Cc1nc2nc(nn2c(O)c1Cc3ccccc3)c4cccnc4,-0.5655619740506872
3156,Nc1cc(ncn1)c2ccccc2,-0.2394097616147645
3157,CN1CCN(CC1)S(=O)(=O)c2ccc(c(C)c2)c3cnc(N)c(n3)C(=O)Nc4cccnc4,0.3376287680795604
3158,COc1cc(OC)c(cc1NC(=O)CCC(=O)O)S(=O)(=O)N(c2ccc(C)cc2)c3ccc(C)cc3,-1.7865420513749106
3159,OC(=O)CC[C@H]1[C@@H](Cc2ccccc12)NC(=O)c3cc4sc(Cl)c(Cl)c4[nH]3,0.538337821886282
3160,CC(C)n1c2ccccc2c3cc(NC(=O)N4CCOCC4)ccc13,1.1321021060645002
3161,Cc1cc(O)nc(n1)n2nc(C)c(Oc3ccccc3O)c2C,-0.6659165009540481
3162,CN(C)N(C)C(=O)[C@@]1(Cc2ccccc2)CCCN(C1)C(=O)[C@@H](Cc3c[nH]c4ccccc34)NC(=O)C(C)(C)N,-0.0805150940177763
3163,Nc1nc(OC2CCCC2)nc3c1ncn3[C@@H]4O[C@H](CO)[C@H](Cl)[C@H]4O,-0.0303378305660959
3164,NNCCc1ccccc1,-1.8450821920685376
3165,CCN(CC)C(=O)c1ccc(cc1)C(=C2CCN(Cc3ccc(F)cc3)CC2)c4ccc(NC(=O)OC)cc4,1.51679445919405
3166,O=C1CCOc2nc(COc3ccccc3)ccc12,0.0867424508211581
3167,O=C(Nc1cc(ccn1)c2ccnc(Nc3ccccc3)c2)C4CCOCC4,1.2575452646937015
3168,c1ccc(nc1)c2n[nH]cc2c3ccnc4ccccc34,0.31254013635372
3169,NC(=O)c1cnc(N[C@H]2CCCNC2)c3cc(Br)sc13,-0.9335285726963436
3170,O=C1C2CCC(N2)C(=O)N1Cc3ccccc3,0.0114765556436376
3171,CNc1cccc(CCOc2ccc(C[C@H](NC(=O)c3ccccc3Cl)C(=O)O)cc2)n1,-2.09596850932694
3172,COC(=O)c1ccc(CC(=O)N(C)C2CCN(CCC(c3ccccc3)c4ccccc4)CC2)cc1,1.5084315819521037
3173,C[C@H]1C[C@H]2[C@@H]3CC[C@H](C(=O)C)[C@@]3(C)C[C@H](O)[C@@H]2[C@@]4(C)CCC(=O)C=C14,0.8812157888060983
3174,CCC(NC(=O)c1ccc(C)cc1)C2=Nc3ccsc3C(=O)N2Cc4ccccc4,1.6255118633393577
3175,CCCSc1ccc2nc(NC(=O)OC)[nH]c2c1,0.8728529115641517
3176,COc1cc(F)ccc1c2cncc(CNC(=O)c3cnccn3)c2,0.253999995660093
3177,OC(CCN1CCCC1)(C2CCCCC2)c3ccccc3,-0.3481271657600719
3178,Cc1cc(ccc1O[C@H]2C[C@H]3CC[C@@H](C2)N3Cc4ccccc4)C(=O)N,0.0282023101275311
3179,COc1ccc2nc(C)cc(c2c1)n3cc(CNC(=O)C)nn3,-0.4986589561151132
3180,CC(C)(CS(=O)(=O)N1CCN(CC1)c2ccc(F)cc2)N(O)C=O,-0.9418914499382902
3181,CC(=O)Nc1ccc(O)cc1OC[C@@H](O)CN2CCC3(CC2)Cc4cc(Cl)ccc4O3,0.4714348039507079
3182,CCCN(c1cccnc1)P(=O)(c2ccccc2)c3ccccc3,0.3376287680795604
3183,CNc1nc(C)c(s1)c2nc(Nc3cccc(c3)N4CCNCC4)ncc2C#N,-0.2477726388567112
3184,COc1cc(ccc1OCCN2CCCC2)N3C=Nc4cc(sc4C3=O)c5ccc(Cl)cc5,0.4547090494668149
3185,CN(C1CCN(Cc2ccc(cc2)C(F)(F)F)CC1)C(=O)Cc3ccc(cc3F)S(=O)(=O)C,0.4212575404990279
3186,Oc1ccc(cc1)C2=COc3cc(O)cc(O)c3C2=O,0.7223211212091103
3187,CC(C)N1CCN(Cc2cnc(c(F)c2)c3ccc(cc3)C(=O)Nc4ccccc4N)CC1,-0.4986589561151132
3188,Clc1cnc(OC2CCNCC2)cc1C(=O)NCC34CC5CC(CC(C5)C3)C4,-0.5321104650829002
3189,CCCCCc1ccc(cc1)c2nnc(N)s2,1.617148986097411
3190,COc1ccc2c(c1)c(CC(=O)O)c(C)n2c3ccnc4cc(Cl)ccc34,-0.4317559381795394
3191,CCCCc1nc2c(N)nc3ccccc3c2n1Cc4ccccc4,1.650600495065198
3192,CC(N1Cc2ccccc2C1=O)c3ccccc3,0.6721438577574299
3193,Cc1cn(C[C@H]2CN(C(=O)O2)c3ccc(C4=CCS(=O)(=O)CC4)c(F)c3)nn1,-0.791359659583249
3194,COc1cc(Nc2ncnc3cccc(O[C@H](C)C(=O)N4CCOCC4)c23)ccc1Oc5ccc(C)nc5,1.1739164922742342
3195,O=C(CN1CCOCC1)Nc2ccc(cc2OCC3CC3)c4cccc5C(=O)C=C(Oc45)N6CCOCC6,0.9230301750158318
3196,CC(C)N1CCN(Cc2cnc(c3ccc(cc3)C(=O)Nc4ccccc4N)c(c2)C#N)CC1,-0.7662710278574089
3197,COCCNC(=O)c1ccc(Nc2ncc3cc(ccc3n2)c4ccncc4)cc1C,0.4881605584346015
3198,O=C1NC(=NC(=C1C#N)c2ccccc2)SCc3ccccc3,-0.5321104650829002
3199,O=C1C=C(Oc2c1cccc2c3cccc(c3)c4ccsc4)N5CCOCC5,1.6756891267910383
3200,CC(C)(C)NS(=O)(=O)c1cncc(c1)c2ccc3nc(NC(=O)NCC(=O)N4CCCC4)nn3c2,-0.6910051326798882
3201,COc1cc(Nc2cc(Oc3ccc(C)nc3)ccn2)cc(OC)c1OC,0.8477642798383113
3202,Fc1cc(Oc2ccc(cc2c3ccnnc3)C(F)(F)F)c(Cl)cc1S(=O)(=O)Nc4nncs4,-0.8749884320027165
3203,OC(=O)[C@H](Cc1cccc(c1)C#N)N2CCC(CN3CCC(CC3)Oc4ccc(Cl)c(Cl)c4)CC2,0.0532909418533711
3204,OCC(=O)N1CCC[C@H]1COc2cccc3ncnc(Nc4ccc(OCc5ccccn5)c(Cl)c4)c23,1.1906422467581277
3205,CC(C)(C)CNc1nc(nc(N2CCOCC2)c1N)C#N,0.7390468756930038
3206,CN(C)CC(O)COc1ccc(Nc2nccc(Nc3cccc(Cl)c3)n2)cc1,0.253999995660093
3207,COc1ccccc1C(NC(=O)[C@@H]2CCCC[C@H]2C(=O)N3CCN(Cc4ccc(F)cc4)CC3)C#N,1.1488278605483937
3208,CNC(=O)C1(CCN(CC[C@H](CN(C)C(=O)c2cc(cc3ccccc23)C#N)c4ccc(Cl)c(Cl)c4)CC1)N5CCCCC5=O,0.253999995660093
3209,Brc1ccccc1C(=O)NCC23CC4CC(CC(C4)C2)C3,1.6338747405813048
3210,ON(C=O)C1(CS(=O)(=O)N2CCN(CC2)c3ccc(F)cc3)CCOCC1,-1.1258747492611183
3211,CC(C)c1c(cnn1c2ccc(cc2)C(=O)O)C(=O)NC3C4CC5CC(CC3C5)C4,-0.8749884320027165
3212,Cc1c(CCC(=O)O)c[nH]c1\C=C\2/C(=O)Nc3ccccc23,-0.9586172044221838
3213,CS(=O)(=O)Cc1ccc2ccn(c3cc(NC4CC4)n5ncc(C#N)c5n3)c2c1,0.2456371184181464
3214,Oc1cccc(NC(=O)c2ccc(OCCCN3CCCC3)cc2OCc4ccccn4)c1,-0.3481271657600719
3215,NC1(CCN(CC1)c2ncnc3[nH]ccc23)C(=O)NC(CS(=O)(=O)N)c4ccc(Cl)cc4,0.003113678401691
3216,O=C1C=C(N=C2N1C=Cc3ccccc23)N4CCOCC4,0.4881605584346015
3217,N[C@@H](Cc1ccc(F)cc1)C(=O)O,-2.723184302472945
3218,CN(C)c1ccc(cc1)S(=O)(=O)NC(=O)N2CCC(CC2)N3CCC(CC3)Oc4ccc(Cl)c(Cl)c4,-0.4150301836956459
3219,Cc1ccc(cc1)S(=O)(=O)NC(=O)NN2CCCCCC2,-1.8283564375846448
3220,CC(C)c1ccc2[nH]c3CCN(Cc3c2c1)C(=O)[C@@H]4CCCC[C@H]4C(=O)NC5(CC5)C#N,1.5920603543715706
3221,O[C@@H](CNCCc1cccc(CNCCc2ccccc2F)c1)c3ccc(O)c4NC(=O)Sc34,-0.9502543271802372
3222,CC1=CN([C@H]2CCCN(C2)S(=O)(=O)c3ccc(C(=O)O)c(Oc4cccc(Cl)c4)c3)C(=O)NC1=O,-2.907167601795773
3223,CN(C1CCN(CCC(c2ccccc2)c3ccccc3)CC1)C(=O)NCc4ccccc4,1.0066589474352992
3224,CS(=O)(=O)NC(=O)CCCc1c([nH]c2ccc(cc12)C#N)c3ccc(F)cc3,-0.5822877285345807
3225,OC[C@H](O)C(=O)N1CCC(=CC1)c2ccc(cc2F)N3C[C@H](COc4ccon4)OC3=O,-0.9251656954543968
3226,CC(C)C(NC(=O)CN1C(=O)C(=CC=C1c2ccccc2)NC(=O)Cc3ccccc3C(=O)O)C(=O)C(F)(F)F,-0.8833513092446632
3227,NC1C2CN(CC12)c3nc4N(C=C(C(=O)O)C(=O)c4cc3F)c5ccc(F)cc5F,-1.585832997568189
3228,C[C@H](Oc1ccc(SCCCCCc2ccccc2)cc1)C(=O)c3nc(C)c(CCCC(=O)O)s3,-0.1390552347114037
3229,CNC(=O)c1ccc(Oc2ccc(cc2)C#C[C@]3(O)CN4CCC3CC4)cc1,-0.1725067436791905
3230,CN(C)C(=O)Nc1ccc(CN2NC(=O)C3=C(C2=O)C(=O)c4ccc(Cl)cc4N3)cc1,-0.91680281821245
3231,Cc1cc(CNc2ncc(Br)c(Nc3cc(C)[nH]n3)n2)on1,0.605240839821856
3232,CNCCC(Oc1ccccc1OC)c2ccccc2,-1.652736015503763
3233,OC(=O)CSc1c[nH]c2ccccc12,-2.932256233521614
3234,CCOC(=O)c1ccc(OCCC2CCN(CC2)c3ccc(C)nn3)cn1,0.3627173998054005
3235,COc1ccc(cc1OC)S(=O)(=O)Nc2ccc(\C=C\C(=O)Nc3ccccc3N)cc2,0.3041772591117735
3236,CCOC(=O)c1cc(O)c(nn1)c2ccccc2,-1.2596807851322664
3237,Fc1cc(cc(F)c1CN2CCOCC2)c3cccc4ncc(nc34)c5cnn(c5)C6CCNCC6,-0.281224147824498
3238,CC(C)(F)C[C@H](N[C@@H](c1ccc(cc1)c2ccc(cc2)S(=O)(=O)C)C(F)(F)F)C(=O)NC3(CC3)C#N,0.5885150853379624
3239,CC[C@H](Nc1ncnc2[nH]cnc12)C3=Nc4cccc(F)c4C(=O)N3c5ccccc5,0.4379832949829214
3240,N(c1ccccc1)c2ccccc2,0.8394014025963648
3241,OCC[C@]1(CCCNC1)c2oc3ccccc3c2,-1.7865420513749106
3242,CN(c1ccnc(Nc2cc(cc(c2)N3CCN(C)CC3)N4CCOCC4)n1)c5cc(CO)ccc5C,0.345991645321507
3243,O[C@@H](CNCCCCCCCCCN1CCC(CC1)OC(=O)Nc2ccccc2c3ccccc3)c4ccc(O)c5NC(=O)C=Cc45,-0.0303378305660959
3244,Cc1nc(CS(=O)(=O)c2ccc(Cl)cc2)cc(n1)N3CCOCC3,-0.3314014112761785
3245,C[C@H](CO)Nc1nc(SCc2cccc(F)c2F)nc3nc(N)cnc13,0.5801522080960159
3246,CCC(=O)O[C@H]1CC[C@H]2[C@@H]3CCC4=CC(=O)CC[C@]4(C)[C@H]3CC[C@]12C,0.9230301750158318
3247,CC(C)(C)OC(=O)NCCCSC[C@H]1O[C@H]([C@H](O)[C@@H]1O)n2cnc3c(N)ncnc23,-0.8331740457929828
3248,Fc1ccc2[nH]c3CCN(Cc3c2c1)C(=O)[C@@H]4CCCC[C@H]4C(=O)NCC#N,0.4797976811926549
3249,FC(F)(F)COc1ccc(OCC(F)(F)F)c(c1)C(=O)NCC2CCCCN2,-0.8917141864866099
3250,OC1=NC(=O)C(N1)(c2ccccc2)c3ccccc3,0.1787341004825725
3251,CC1=C(C(=O)c2cc(O)c(O)c(Cc3ccccc3)c2C1=O)C4=C(C)C(=O)c5c(Cc6ccccc6)c(O)c(O)cc5C4=O,0.4463461722248679
3252,CCOC(=O)c1ccc(OCCC2(CCN(CC2)c3ccc(C)nn3)C#N)cc1,1.1237392288225536
3253,Fc1ccc(N2CCN(CC2)C(=O)COCc3ccncc3)c(Cl)c1,0.3627173998054005
3254,COCCN(c1ccnc(Nc2cc(cc(c2)N3CCOCC3)N4CCOCC4)n1)c5cc(CO)ccc5C,0.504886312918495
3255,COc1cc(N2CCN(C)CC2)c3NC(=CC(=O)c3c1)C(=O)Nc4ccc(cc4)N5CCOCC5,0.4212575404990279
3256,Cc1oc(cc1)c2ccc(cc2F)S(=O)(=O)N3CCC[C@H]3C(=O)N4CC[C@@H](N)C4,-0.8331740457929828
3257,O=C(COc1ccccc1)N2CCOCC2,-1.2095035216805858
3258,CC1CCc2cc(F)cc3C(=O)C(=CN1c23)C(=O)O,-1.217866398922533
3259,OC(=O)c1ccccc1O,-2.974070619731348
3260,CNC(=O)c1ccc(Nc2nccc(n2)c3cnc(C)n3C(C)C)cc1F,0.6303294715476964
3261,Nc1c(nc(nc1N2CCOCC2)C#N)N3CCCCC3,0.4296204177409745
3262,COc1cc(N2CC[C@H](C2)N(C)C)c3NC(=CC(=O)c3c1)C(=O)Nc4ccc(cc4)N5CCOCC5,0.4212575404990279
3263,CCC(C)(C)C(=O)O[C@H]1C[C@@H](C)C=C2C=C[C@H](C)[C@H](CC[C@@H](O)C[C@@H](O)CC(=O)O)[C@@H]12,-0.5404733423248469
3264,CC1=CC2=NNC(=O)N2c3cc(ccc13)c4cn[nH]c4,-0.0554264622919363
3265,NC(=O)c1cc(F)cc(O[C@H]2C[C@H]3CC[C@@H](C2)N3Cc4ccccc4)c1,-0.0470635850499893
3266,O=C1C=C(N=C2C=CC=CN12)N3CCOCC3,-1.0004315906319174
3267,CCN(C(=O)c1oc(cc1)c2ccc(Cl)cc2)c3ccc(cc3)N4CCNCC4,0.9230301750158318
3268,Cc1sc2ncnc(N3CCN(CC3)c4ncccn4)c2c1C,1.2240937557259146
3269,CCCN1CCN(CC1)c2ccc(cc2)C(=O)NC3(CCCCC3)C(=O)NCC#N,-0.7244566416476751
3270,CC(C)[C@H](NC(=O)C[C@H](NC(=O)\C=C\c1ccccc1)c2ccccc2)C(=O)[C@H]3[C@H](C)C(=O)NC3=O,-0.2394097616147645
3271,CCCC1CCCCC(=N1)N,-0.91680281821245
3272,CC1=CC2=NNC(=O)N2c3ccccc13,0.128556837030892
3273,CCCc1cc(cc(OC)c1OC)C2=N[C@H](CO2)C(=O)NO,-0.4233930609375927
3274,Oc1cc(O)c2C(=O)C(=COc2c1)c3ccc(F)cc3,1.1739164922742342
3275,CC(C)n1c(C)ncc1c2nc(Nc3ccc(C(=O)N)c(F)c3)ncc2F,0.7892241391446843
3276,CC(C)NC(=O)c1ccc2c(Nc3ccc(Cl)cc3)nc(nc2c1)N4CCOCC4,0.4881605584346015
3277,CO[C@@H]1CN(CCN2C(=O)C=Cc3ccc(cc23)C#N)CC[C@H]1NCc4ccc5OCC(=O)Nc5n4,-1.1593262582289054
3278,CSc1ccc(cc1)N2C(=NC(=NC2(C)C)N)N,-2.539201003150117
3279,CC(=O)Nc1ccc2ccn(c3cc(NCCCN4CCCC4)n5ncc(C#N)c5n3)c2c1,-0.2728612705825513
3280,CNCCCN1c2ccccc2CCc3ccccc13,-0.7997225368251958
3281,OC(=O)CCc1ccc(OCc2cccc(Oc3ccccc3)c2)cc1,0.228911363934253
3282,CN(C)CC(O)COc1ccc(Nc2nccc(Nc3cc(C)ccc3F)n2)cc1,-0.0805150940177763
3283,CN(C(=O)C)c1ccccc1,-0.91680281821245
3284,CCNC1=Nc2ccccc2C(=NC1c3cccs3)c4ccccc4,1.49170582746821
3285,Cc1cc(CNc2nccc(Nc3cc(C)[nH]n3)n2)on1,-0.281224147824498
3286,[O-][N+](=O)c1cccc2ccc(nc12)C(Cl)(Cl)Cl,1.2575452646937015
3287,CON(C)C(=O)c1c(Cn2c(C)nc(Cl)c2Cl)sc3N(CC(C)C)C(=O)N(C)C(=O)c13,0.0282023101275311
3288,Clc1cnc(cc1C(=O)NCC23CC4CC(CC(C4)C2)C3)N5CCNCC5,-0.0888779712597233
3289,COCCNC(=O)c1cccc(Nc2ncc3cc(ccc3n2)c4ccncc4)c1,0.8477642798383113
3290,Fc1ccccc1NC(=O)NC2N=C(c3ccccc3)c4ccccc4NC2=O,1.3411740371131686
3291,CC(C)N1CCC[C@H](CN2C(=Nc3ccc(cc3C2=O)c4ccc(Cl)cc4)C)C1,0.9230301750158318
3292,C[C@H]1NC(C)(C)CO[C@]1(O)c2cccc(Cl)c2,-0.4233930609375927
3293,C[C@H]1O[C@H]([C@H](O)[C@@H]1O)n2cnc3c(N)nc(OCC4CCC(F)(F)CC4)nc23,-0.3983044292117524
3294,CC(C)C[C@H](CO)Nc1nc(SCc2ccccc2)nc3nc(N)sc13,1.6756891267910383
3295,CC(C)[C@H](NC(=O)CCc1ccccc1)C(=O)N2CCCC2,0.2456371184181464
3296,Clc1cccc(c1)N2CCN(CCCN3N=C4C=CC=CN4C3=O)CC2,0.3961689087731875
3297,CC1=CC2=NNC(=O)N2c3cc(ccc13)c4cccnc4,0.4379832949829214
3298,OC[C@H](O)CN1C(=O)C(Cc2ccccc12)NC(=O)c3cc4cc(Cl)ccc4[nH]3,1.0066589474352992
3299,COc1cc(O)c(C(CC(=O)N2CC(C)CC(C)C2)c3ccc4OCOc4c3)c(OC)c1,1.7593178992105054
3300,CN1C(=O)C=C(CCc2ccccc2)N=C1N,-0.1641438664372438
3301,Cc1ccc(cc1)S(=O)(=O)c2ccccc2,0.4547090494668149
3302,NC(=N)c1cc2c(cccc2s1)c3ccccc3,-0.7746339050993556
3303,CN(CCO)Cc1ccc(cc1)c2cc(C(=O)N)c(NC(=O)N)s2,-1.0255202223577575
3304,Cc1ccc(cc1)S(=O)(=O)Nc2c(cnn2c3ccccc3)C(=O)NC4CCCCC4,-1.167689135470852
3305,Cc1ccc(cc1NC(=O)c2ccc(OCc3ccccn3)cc2)c4ncc(C)n4C,0.3961689087731875
3306,C[C@H](CO)Nc1nc(SCc2ccccc2F)nc3nc(N)sc13,0.7724983846607908
3307,CN(CCO)C(=O)c1ccc(cc1)[C@@H](N2CCN(Cc3ccc(F)cc3)CC2)c4cccc(NC(=O)C5CC5)c4,0.9899331929514058
3308,Cc1c(O[C@H]2C[C@H]3CC[C@@H](C2)N3Cc4ccccc4)cccc1C(=O)N,-0.4986589561151132
3309,Oc1ccc(CCNCCCS(=O)(=O)NCCOCCc2cccc(Cl)c2)c3sc(O)nc13,-0.2310468843728177
3310,COCCCc1cc(Nc2nc(NCc3onc(C)c3)ncc2Br)n[nH]1,0.7306839984510569
3311,CCOc1ccc(NC(=O)C)cc1,-0.5822877285345807
3312,COc1ccccc1C(=O)Nc2nc3ccccc3s2,1.1822793695161806
3313,COc1ccc(cc1)C(=O)CS(=O)(=O)c2ccccc2,-0.1975953754050307
3314,COc1ccc(Cc2nccc3cc(OC)c(OC)cc23)cc1OC,0.5132491901604419
3315,COc1ccc2N=CC(=O)N(CCN3CCC(CC3)NCc4cc5OCCOc5cn4)c2c1,-1.0589717313255445
3316,CC1(CCC(=O)N1Cc2cccs2)C(=O)NC3CCCCC3,-0.0387007078080428
3317,COc1cc(OC2CCN(C)CC2)c3c(Nc4c(Cl)ccc5OCOc45)ncnc3c1,0.6554181032735363
3318,Nc1c2C(=O)N(Cc2nc3c(cccc13)c4ncccn4)C5CCC5,-0.2895870250664448
3319,Cc1ccc(OCC(=O)O)c(c1)n2nc3ccccc3n2,-2.539201003150117
3320,C[C@@H](Oc1cc(cnc1N)c2cnn(c2)C3CCNCC3)c4c(Cl)ccc(F)c4Cl,0.1118310825469985
3321,CC(C)Oc1cc(n[nH]1)n2cnc3ccc(N[C@@H](CO)c4ccc(F)cn4)nc23,0.4965234356765484
3322,CCn1c(C)ncc1c2ccnc(Nc3ccc(cc3)S(=O)(=O)NCCOC)n2,0.2038227322084125
3323,Cc1ccc(cc1)C(=O)N(CCCN)CC2=Nc3cc(Cl)ccc3C(=O)N2Cc4ccccc4,-0.6073763602604209
3324,NC1=CC2=NNC(=O)N2c3cc(ccc13)c4ccc[nH]4,0.0867424508211581
3325,COc1cc(ccc1Nc2nccc(n2)c3cnc4ccccn34)N5CCN(CC5)C(=O)C,0.6721438577574299
3326,CC(C)N1C(=O)N(C)C(=O)c2c1sc(Cc3ccccc3C(F)(F)F)c2C(=O)N4CCS(=O)(=O)C4,0.2958143818698265
3327,O[C@H](CNC(=O)c1c[nH]nc1C2CC2)CN3CCC(CC3)Oc4ccc(Cl)c(Cl)c4,0.7975870163866309
3328,CN(C)CCOC(C)(c1ccccc1)c2ccccn2,-2.003976859665526
3329,CCCNc1nc(ccc1C(=O)NC2CCCCC2)N3CCC[C@@H](CC(=O)O)C3,0.1118310825469985
3330,Clc1cc(Cl)cc(c1)S(=O)(=O)NCC(N2CCCCCC2)c3ccccc3,0.9732074384675122
3331,CCC(N(CCCN)C(=O)c1ccc(C)nc1)C2=Nc3ccsc3C(=O)N2Cc4ccccc4,0.3041772591117735
3332,CCCN(CCCOCCOCCc1ccccc1)CCc2ccc(O)c3nc(O)sc23,0.4547090494668149
3333,CN1C(=O)N(C)c2nc[nH]c2C1=O,-1.911985210004112
3334,COc1cccc(Nc2oc(nn2)C(=O)Nc3ccc(nc3)N4CCOCC4)c1,0.504886312918495
3335,OCCN1CCN(CCCN2c3ccccc3Sc4ccc(cc24)C(F)(F)F)CC1,1.3411740371131686
3336,CNC(=O)c1ccc(CCC(COc2ccc(cc2)c3cccc(c3)[N+](=O)[O-])N4C(=O)CSC4=O)cc1,1.0902877198547667
3337,CC(NC(=O)C1(N)CCN(CC1)c2ncnc3[nH]ccc23)c4ccc(F)cc4,0.1703712232406256
3338,Cc1c(Sc2ccc(Cl)cc2)c3ccc(Cl)cc3n1CC(=O)O,0.2623628729020396
3339,Cc1c(Sc2ccc(Cl)cc2)c3cc(ccc3n1CC(=O)O)S(=O)(=O)C,-1.3851239437614673
3340,COCCNS(=O)(=O)c1ccc(cc1)c2cnc(N)c(n2)C(=O)Nc3cccnc3,0.0532909418533711
3341,COC1CCN(CC1)C(=O)C2CCN(CCc3c([nH]c4sc(cc34)C(C)(C)C(=O)N5C6CCC5CC6)c7cc(C)cc(C)c7)CC2,1.583697477129624
3342,CC[C@H]1N(C2CCCC2)c3nc(Nc4ccc(cc4OC)C(=O)NC5CCN(C)CC5)ncc3N(C)C1=O,0.7892241391446843
3343,CCCN(CCNCCc1ccc(O)c2NC(=O)Sc12)C(=O)CCOCCc3ccccc3,0.0282023101275311
3344,OC(=O)CCc1oc(c2ccccc2)c(n1)c3ccccc3,-0.8331740457929828
3345,C[C@@H]1CN(CCN1c2ncc(OCc3ccncc3C#N)cn2)c4noc(n4)C(F)(F)F,1.46661719574237
3346,CC(C)C[C@H](NC(=O)N1CCOCC1)C(=O)NCC#N,-1.7698162968910172
3347,CCn1nc(C)c(C(=O)N[C@@H](C)C(C)(C)C)c1NS(=O)(=O)c2ccc(C)cc2,-1.0422459768416512
3348,CCCCOc1nc(N)c2NC(=O)N(Cc3cccc(CC(=O)OC)c3)c2n1,1.3077225281453817
3349,C\N=C(/S)\n1nc(nc1N)c2ccc(Cl)cc2,1.6087861088554645
3350,Oc1ccc(CCNCCNS(=O)(=O)CCOCCCc2ccccc2)c3sc(O)nc13,0.0198394328855845
3351,CCC(N(CCCN)C(=O)c1ccc(C)cc1)C2=Nc3ccsc3C(=O)N2Cc4cscn4,-1.819993560342697
3352,NC(=O)COc1ccc(OCCNCC(O)COc2ccccc2)cc1,-1.3098580485839468
3353,COc1ccccc1C2=COc3cc(O)ccc3C2=O,0.2958143818698265
3354,COC(=O)COc1ccc(O)cc1,-1.0673346085674915
3355,CN1C(=O)N(Cc2ccc(Br)cc2)c3ccccc13,0.5132491901604419
3356,CCN(C1CCN(CCC(c2ccccc2)c3ccc(NC(=O)C(C)(C)C)cc3)CC1)C(=O)Cc4ccc(cc4)S(=O)(=O)C,0.6554181032735363
3357,Clc1ccc(cc1Cl)C2CNCC=CC2,-0.281224147824498
3358,CCC(N(CCCN)C(=O)c1ccc(C)cc1)C2=Nc3ccsc3C(=O)N2Cc4ccc(C)cc4,-0.4233930609375927
3359,O=C(NCCCN1CCCCC1)C(c2ccccc2)c3ccccc3,-0.7244566416476751
3360,N(c1ccccc1)c2ccnc3ccccc23,0.4881605584346015
3361,Clc1ccc2Oc3ccccc3N=C(N4CCNCC4)c2c1,0.0700166963372646
3362,NC1(CCC1)c2ccc(cc2)c3ncc4cccnc4c3c5ccccc5,-0.4150301836956459
3363,OC[C@H](O)CN1C(=O)[C@@H](Cc2ccccc12)NC(=O)c3cc4cc(Cl)sc4[nH]3,0.8979415432899918
3364,NS(=O)(=O)c1nc2ccccc2s1,-0.7077308871637816
3365,COc1cc2ncnc(Nc3cccc(Cl)c3F)c2cc1OC4CCN(CC(=O)N)CC4,0.7557726301768973
3366,CN(c1ccnc(Nc2cccc(c2)S(=O)(=O)C)n1)c3cccc4[nH]ncc34,0.8477642798383113
3367,OC(=O)COc1ccc(cc1c2ccccc2)c3nccs3,-1.970525350697739
3368,NC(=O)c1ccccc1OCc2ccccc2,0.253999995660093
3369,CCN1CCC[C@H]1CNC(=O)c2c(O)c(Cl)cc(Cl)c2OC,-0.9251656954543968
3370,O=C(CCc1ccncc1)Nc2ccc(cc2)C(=O)c3ccccc3,1.0066589474352992
3371,COc1cc(Nc2cc(nc(N[C@@H](C)c3ncc(F)cn3)n2)N4CCOCC4)n[nH]1,-0.0136120760822024
3372,FC(F)(F)c1nnc2ccc(NCn3nnc4ccccc34)nn12,0.1201939597889451
3373,NC(=O)C(NC(=O)C1(N)CCN(CC1)c2ncnc3[nH]ccc23)c4ccc(Cl)cc4,0.003113678401691
3374,NC(=O)c1cccc(O[C@@H]2C[C@H]3CC[C@@H](C2)N3Cc4ccccc4)c1,-0.3648529202439655
3375,O[C@H](CNC(=O)C1=CNC(=O)c2ccccc12)CN3CCC(CC3)Oc4ccc(Cl)c(Cl)c4,1.0233847019191928
3376,CC(C)[N+](C)(CCOC(=O)C1c2ccccc2Oc3ccccc13)C(C)C,-1.6694617699876564
3377,COc1cc2c(Nc3c(Cl)ccc4OCOc34)ncnc2cc1OCC5CCN(C)CC5,-0.3063127795503382
3378,COc1ccc(c(OC)n1)c2c(F)ccc3c(N)c(nnc23)C(=O)NC4CC4,0.9815703157094592
3379,OC(=O)c1ccc(cc1)n2ncc(C(=O)NC3C4CC5CC(CC3C5)C4)c2C6CCC6,-0.7244566416476751
3380,Cc1ccc(CN2[C@@H]3CC[C@H]2C[C@H](C3)Oc4cccc(c4)C(=O)N)s1,0.162008345998679
3381,Oc1ccc(cc1)c2nc3ccccc3s2,1.5920603543715706
3382,CCCSc1ncccc1C(=O)N(C)C2CCOCC2,-0.4735703243892731
3383,COc1ccc2c(C)cc(N[C@H]3CCC[C@@H](C3)NCc4cccc(OC(F)(F)F)c4)nc2c1,1.1822793695161806
3384,COc1cnc(nc1N2CCOCC2)c3ccccn3,-0.5655619740506872
3385,CC(C)(C)OC(=O)N1CCN(CC1)c2ncc(OCc3ccc(cc3)S(=O)(=O)C)nn2,0.6136037170638028
3386,N[C@@H]1CCCN(C1)c2c(Cl)cccc2\C=C\3/SC(=O)NC3=O,-0.189232498163084
3387,Cc1cc(O[C@H]2C[C@H]3CC[C@@H](C2)N3Cc4ccccc4)cc(c1)C(=O)N,-0.0972408485016698
3388,Oc1ccc2nc(sc2c1)c3ccccc3,1.5000687047101569
3389,Cc1ccc2c(c1)c(c(C)n2CC(=O)O)c3ccnc4ccc(cc34)C(F)(F)F,-0.3481271657600719
3390,Cc1cc(CCCOc2c(Cl)cc(cc2Cl)C3=NCCO3)on1,1.274271019177595
3391,CSCCC(NC(=O)c1sccc1Cl)c2nc3ccccc3[nH]2,1.2491823874517547
3392,NC1(CCC1)c2ccc(cc2)c3c(ccn4ccnc34)c5ccccc5,-0.1641438664372438
3393,CC(C)CN1C(=O)N(C)C(=O)c2c1sc(Cc3ccnc4ccccc34)c2C(=O)N5CC[C@@H](O)C5,-0.4568445699053796
3394,C[C@@H](Oc1cccc2ncnc(Nc3ccc(OCc4ccccn4)c(Cl)c3)c12)C(=O)N(C)C,1.2324566329678612
3395,O=S(=O)(Nc1nc(nn1Cc2ccccc2)c3ccccc3)c4ccccc4,-0.791359659583249
3396,COc1cnccc1COc2cnc(nc2)N3CCN(CC3)C(=O)OC(C)(C)C,1.3411740371131686
3397,Cc1ccc(cc1NC(=O)c2ccc(OCc3ccccn3)cc2)c4cc(n[nH]4)C(F)(F)F,0.2038227322084125
3398,NC1(CCC1)c2ccc(cc2)c3nc4ccccc4cc3c5ccccc5,1.1739164922742342
3399,OC(=O)C1Cc2c([nH]c3ccccc23)C(N1)c4ccccc4,-1.1844148899547458
3400,C[C@@H](NC(=O)C)c1ccc(Nc2ncc3cc(ccc3n2)c4ccncc4)cc1,0.8226756481124713
3401,O=C1N([Se]c2ccccc12)c3ccccc3,0.9313930522577788
3402,C[C@H](NC(=O)c1c(C)nn(C2CCCC2)c1NS(=O)(=O)c3ccc(C)cc3)C(C)(C)C,-0.1641438664372438
3403,COCCCCC(=NOCCN)c1ccc(cc1)C(F)(F)F,-0.5404733423248469
3404,CN[C@@H](C)C(=O)N[C@@H](C1CCCCC1)C(=O)N[C@H]2CCCN(Cc3ccccc3)C2,-0.1557809891952972
3405,O=C1Nc2ccc(cc2C1=O)S(=O)(=O)N3CCC[C@H]3CNc4ccccc4,0.1703712232406256
3406,COc1cc2ncnc(Nc3cc(NC(=O)c4ccnc(c4)N5CCOCC5)ccc3C)c2cc1OCCN6CCCC6,0.4212575404990279
3407,CC(C)C(NC(=O)CN1C(=O)C(=CN=C1c2ccccc2)NC(=O)OCc3ccccc3)C(=O)C(F)(F)F,-0.0637893395338828
3408,CCOc1ccc(cc1)N2C(=O)c3cccnc3N=C2[C@@H](C)N(Cc4cccnc4)C(=O)Cc5ccc(OC(F)(F)F)cc5,1.2575452646937015
3409,Nc1ncnc2nc(cc(c3cccc(Br)c3)c12)c4ccc(nc4)N5CCOCC5,0.8394014025963648
3410,COc1cc2ncc(C(=O)N)c(Nc3ccc(F)cc3)c2cc1OC,0.5216120674023884
3411,CCS(=O)(=O)c1ccc(c(F)c1)c2cc(Cl)ccc2OCC(=O)O,-2.6061040210856907
3412,CCn1cnc2cnc(c3ccc(cc3)C4(N)CCC4)c(c5ccccc5)c12,-0.1641438664372438
3413,Cc1cccc(n1)C#Cc2ccccc2,1.1739164922742342
3414,COc1ccc2c(c1)[nH]c3c(C)nccc23,0.5885150853379624
3415,Oc1ccc(CC(=O)c2ccc(O)cc2O)cc1,0.28745150462788
3416,COc1ccc(C)c(NC(=O)CC23CC4CC(CC(C4)C2)C3)c1,1.4749800729843163
3417,CCN(CCCOCCOCCc1ccccc1)CCc2ccc(O)c3nc(O)sc23,0.2121856094503595
3418,NC(=O)Cc1nc(cs1)c2ccccc2,-0.7495452733735153
3419,COc1ccc2nc(C)cc(OCC(=O)NCc3ccccc3)c2c1,0.8394014025963648
3420,NC1=CC2=NNC(=O)N2c3cc(ccc13)c4ccsc4,0.8226756481124713
3421,C[C@H](CN(C)C(=O)CO)Oc1cccc2ncnc(Nc3ccc(OCc4ccccn4)c(Cl)c3)c12,0.8561271570802582
3422,CCCNC(=O)c1nnc2c(cccc2c1N)c3ccccc3,1.3411740371131686
3423,Nc1ccc(cc1)S(=O)(=O)N2CCCC2,-1.017157345115811
3424,CCC(CC)n1nc(C)c(C(=O)N[C@@H](C)C(C)(C)C)c1NS(=O)(=O)c2ccc(C)cc2,-0.2644983933406047
3425,COc1ccc(cc1Cl)C(=O)NCCN2CCN(Cc3ccc(Cl)c(Cl)c3)CC2,1.2909967736614885
3426,O=C(C1CCN(CC1)c2nnc(s2)n3cccc3)N4CCc5ccccc5C4,1.2575452646937015
3427,Cc1ccccc1NC(=O)CCS(=O)(=O)c2ccc(Br)s2,0.4212575404990279
3428,CC(=O)Nc1ccc2c(c1)c(cn2C)c3cc(NC4CC4)n5ncc(C#N)c5n3,0.6219665943057494
3429,Cc1cc(Oc2ccnc(Nc3ccc(cc3)N4CCOCC4)c2)c(nc1C)c5ccccn5,0.3292658908376135
3430,CCCSc1nc(N[C@@H]2C[C@H]2c3ccccc3)c4nnn([C@@H]5C[C@H](CO)[C@@H](O)[C@H]5O)c4n1,1.5000687047101569
3431,C[C@H](Nc1nc(Nc2cc(C)[nH]n2)cnc1C#N)c3ccc(F)cn3,0.2623628729020396
3432,CCC(N(CCCN)C(=O)c1ccc(C)cc1)C2=Nc3ccsc3C(=O)N2Cc4ccc(OC)cc4,-0.0387007078080428
3433,CS(=O)(=O)c1ccc(c[n+]1[O-])C(=O)Nc2ccc(F)cc2,-1.1342376265030654
3434,O[C@@H](CNCCCOCCNCCc1cccc(Cl)c1)c2ccc(O)c3NC(=O)Sc23,-1.861807946552431
3435,Cc1c(Sc2ccc(Cl)cc2)c3c(cccc3n1CC(=O)O)S(=O)(=O)C,-1.3516724347936804
3436,CC1=CN([C@H]2CCCN(Cc3ccc(C(=O)O)c(Oc4cccc(Cl)c4)c3)C2)C(=O)NC1=O,-2.296677563133662
3437,Cc1cccc2c(CCNCc3cccc(CCNC[C@H](O)c4ccc(O)c5NC(=O)Sc45)c3)c[nH]c12,-0.8917141864866099
3438,COc1ccc(\C=C/2\CCc3ccccc3C2=O)cc1CN4CCOCC4,1.3411740371131686
3439,Cc1cccc2c3CN(CCc3[nH]c12)C(=O)[C@@H]4CCCC[C@H]4C(=O)NC5(CC5)C#N,0.6637809805154833
3440,Cc1ccc(cc1)\C(=C/CN2CCCC2)\c3ccccn3,-0.2644983933406047
3441,Cn1c2ccccc2c3cc(NC(=O)CCc4ccncc4)ccc13,1.3411740371131686
3442,CCOc1cc2nccc(Oc3cnc(CC(=O)Nc4n[nH]c(CC)c4C)c(OC)c3)c2cc1OC,0.9146672977738852
3443,C[C@H](NC(=O)c1c(C)nn(c1NS(=O)(=O)C2CCCCC2)c3ccccc3)C(C)(C)C,-0.3732157974859122
3444,Clc1ccc2ncc(c3cccc(NC4CNC4)n3)n2c1,-0.8415369230349296
3445,CC1=CC(=O)Nc2sc(C(=O)c3ccc(Br)cc3)c(N)c12,0.31254013635372
3446,CN1CCN(CC1)c2ccc3N=CN(C(=O)c3c2)c4cc(ccc4C)C(=O)NC5CCC5,0.0449280646114246
3447,CCC(CC)NC(=O)c1cn(nc1NS(=O)(=O)c2ccc(C)cc2)c3ccccc3,0.2623628729020396
3448,CSc1ccc(cc1)C(=O)C(C)(C)N2CCOCC2,1.08192484261282
3449,O=C(NC1=CC(=CNC1=O)c2ccncc2)[C@H](Cc3ccccc3)NC4(CC4)c5ccccn5,1.0401104564030863
3450,C[C@H](CO)Nc1nc(SCc2cccc(F)c2F)nc3nc(NS(=O)(=O)C)sc13,-1.0673346085674915
3451,Fc1cccc(c1F)c2cncc(CNCC3CC3)n2,-0.314675656792285
3452,CCN(C1CCN(CCC(N2CCN(CC2)c3ccccc3)c4ccccc4)CC1)C(=O)Cc5ccc(cc5)S(=O)(=O)C,0.3961689087731875
3453,CN(C)C(=O)N[C@@H]1CC[C@@H](CCN2[C@@H]3CC[C@H]2C[C@H](C3)Oc4cccc(c4)C(=O)N)CC1,-1.7363647879232302
3454,COc1cccc2c(O)cc(nc12)c3ccccc3,0.0867424508211581
3455,O[C@H](CNC(=O)C1=NNC(=O)c2ccccc12)CN3CCC(CC3)Oc4ccc(Cl)c(Cl)c4,1.2491823874517547
3456,CCN(C1CCN(Cc2ccc(cc2)C(F)(F)F)CC1)C(=O)Cc3ccc(cc3)S(=O)(=O)C,0.5885150853379624
3457,CC(C)N1CCN(Cc2oc(nc2)c3cc(cc4[nH]ncc34)c5cccc6[nH]ccc56)CC1,1.08192484261282
3458,CN1C=CNC1=S,-2.187960158988354
3459,CN[C@@H](C)C(=O)N[C@@H](C1CCCCC1)C(=O)N[C@H]2CCN(CCc3ccccc3)C2,-0.4568445699053796
3460,OC(=O)[C@H](Cc1ccc(F)cc1)N2CCC(CN3CCC(CC3)Oc4ccc(Cl)cc4Cl)CC2,0.3376287680795604
3461,CN(C1CCN(Cc2ccc(cc2)C(F)(F)F)CC1)C(=O)Cc3ccc(cc3)n4cnnn4,0.6721438577574299
3462,COc1cc2nnc(C(=O)N)c(Nc3cc(C)ccc3F)c2cc1N4CCN(C)CC4,0.31254013635372
3463,c1ccc(cc1)C#Cc2n[nH]c3ccccc23,1.767680776452452
3464,N\C(=C(/C#N)\c1ccccc1C(F)(F)F)\Sc2ccc(N)cc2,1.0066589474352992
3465,CC(C)(C(=O)N)C(=O)NCCCNc1nc(Nc2cccc(NC(=O)N3CCCC3)c2)ncc1Br,0.1034682053050516
3466,CCC1(NC(=O)N(C)C1=O)c2ccccc2,-0.50702183335706
3467,NC1(CCC1)c2ccc(cc2)c3c(ncc4nccn34)c5ccccc5,-0.4150301836956459
3468,CC1=CN([C@H]2CCCN(C2)[C@H](CC(C)(C)C)c3ccc(C(=O)O)c(Oc4cccc(Br)c4)c3)C(=O)NC1=O,-0.9251656954543968
3469,NC(=NC#N)c1sc(Nc2ccccc2)nc1N,0.5968779625799093
3470,COCCC(NC(=O)C1(N)CCN(CC1)c2ncnc3[nH]ccc23)c4ccc(Cl)cc4,0.6303294715476964
3471,CCN1CCN(CC1)C(=O)c2cc3ccccc3[nH]2,-0.2059582526469775
3472,COCCNCc1ccc(cc1)c2cc(C(=O)N)c(NC(=O)N)s2,-1.109148994777225
3473,CCN1CCCC1CNC(=O)c2cc(ccc2OC)S(=O)(=O)N,-2.840264583860199
3474,CC1(C)CCC(=C(CN2CCN(CC2)c3ccc(cc3)C(=O)NS(=O)(=O)c4ccc(N[C@H](CCN5CCOCC5)CSc6ccccc6)c(c4)S(=O)(=O)C(F)(F)F)C1)c7ccc(Cl)cc7,-1.301495171342
3475,Cn1cnc(c2ccccc2)c1c3nc4c(N)ncnc4s3,0.4128946632570809
3476,OCCn1cc(cn1)c2cnc3nnn(Cc4ccc5ncccc5c4)c3n2,-0.4150301836956459
3477,CC(C)C(NC(=O)CN1C(=O)C(=CC=C1c2cccc(c2)C(=O)O)NC(=O)OCc3ccccc3)C(=O)C(F)(F)F,-0.8331740457929828
3478,CCN(CC)C(=O)c1ccc2[nH]c(c(CCNCCCCc3ccncc3)c2c1)c4cc(C)cc(C)c4,0.9230301750158318
3479,CCN(C1CCN(CCC(c2ccccc2)c3ccccc3)CC1)C(=O)Cc4ccc(cc4)S(=O)(=O)N(C)C,1.2575452646937015
3480,Fc1ccc(cc1)C(=O)C2CCN(CCN3C(=O)Nc4ccccc4C3=O)CC2,0.5885150853379624
3481,C[C@@H]1CN(CCN1C(=O)[C@@H]2CCCC[C@H]2C(=O)NC3(CC3)C#N)c4ccc5c(C)nn(C)c5c4,0.4212575404990279
3482,C[C@@H](NC(=O)C1CCCCN1C)c2ccc(Nc3ncc4cc(ccc4n3)c5ccncc5)cc2,0.9564816839836188
3483,Nc1ccc2nc(sc2c1)c3ccc(O)cc3,0.7557726301768973
3484,CN[C@@H](C)C(=O)N[C@H](C(=O)N[C@H]1CCCN(CCc2ccc(OC)cc2)C1)C(C)(C)C,-0.6241021147443143
3485,CC(C)n1c(C)ncc1c2nc(Nc3ccc(cc3)C(=O)N4CC[C@@H](C4)N(C)C)ncc2F,-0.0303378305660959
3486,CN(C)c1ncnc2nc[nH]c12,-1.0422459768416512
3487,Fc1ccc(CC2=NNC(=O)c3ccccc23)cc1C(=O)N4CCN(CC4)C(=O)C5CCOC5,-1.167689135470852
3488,CCc1c(cnn1c2ccc(cc2)C(=O)O)C(=O)NC3C4CC5CC(CC3C5)C4,-1.084060363051385
3489,COc1ccc(CC(C)(C)NC[C@H](O)c2cc(O)cc3NC(=O)COc23)cc1,-1.176052012712799
3490,CCNc1nc(N)c(s1)C(=O)c2ccc(Cl)s2,1.199005124000074
3491,CC1SC2=C(C(=O)O)C(=O)c3cc(F)c(cc3N12)N4CCNCC4,-2.756635811440732
3492,NNC(=O)c1ccncc1,-2.313403317617555
3493,CCO\N=C(\C1CCN(CC1)C2(C)CCN(CC2)C(=O)c3c(C)cc[n+]([O-])c3C)/c4ccc(Br)cc4,-0.0470635850499893
3494,CC(C)(C)OC(=O)N[C@@H](Cc1ccccc1)C(=O)O,-2.756635811440732
3495,CCN(CC)CCN1C(=O)CN=C(c2ccccc2F)c3cc(Cl)ccc13,0.1536454687567321
3496,Fc1ccc(cc1)[C@@H]2CCNC[C@H]2COc3ccc4OCOc4c3,-0.3481271657600719
3497,CS(=O)(=O)n1c2ccccc2c3cc(NC(=O)N4CCOCC4)ccc13,0.4212575404990279
3498,CN[C@@H](C)C(=O)N[C@@H](C1CCCCC1)C(=O)N[C@H]2CCN(Cc3ccccc3)C2,-0.5906506057765274
3499,O=C(NC1(CC1)C#N)[C@@H]2CCCC[C@H]2C(=O)N3CCc4[nH]c5ccccc5c4C3,0.3878060315312409
3500,CC(C)CN1C(=O)N(C)C(=O)c2c(SC(C)C)c(Cc3ccccc3C(F)(F)F)sc12,1.8596724261138664
3501,CC(C)CN1C(=O)N(C)C(=O)c2c1nn(Cc3cccc4ccccc34)c2c5cncn5C,1.5920603543715706
3502,CC1(C)C(=O)Nc2ccccc12,0.0867424508211581
3503,CN1CCN(CC1)C(=O)Cc2csc(NS(=O)(=O)c3cccc(Cl)c3C)n2,-1.3600353120356272
3504,OC(=O)C(N1CCCC(CN2CCC(CC2)Oc3ccc(Cl)c(Cl)c3)C1)c4ccccc4,0.3376287680795604
3505,CC(C)N1CCN(Cc2cnc(c(Cl)c2)c3ccc(cc3)C(=O)Nc4ccccc4N)CC1,-0.4317559381795394
3506,COc1cc(Nc2cc(Oc3cccnc3)ccn2)cc(OC)c1OC,0.3878060315312409
3507,COc1ccccc1C(=O)Nc2ccc(C)c(c2)N3C=Nc4ccc(cc4C3=O)N5CCN(C)CC5,0.6136037170638028
3508,COCCN(C)Cc1ccc(Nc2ncc3cc(ccc3n2)c4ccncc4)cc1,0.379443154289294
3509,C[C@@H]1N[S@@](=O)(=NC1=O)c2cccc(c2)c3cccc(c3)C#N,-1.5022042251487218
3510,COc1ccnc(C[S+]([O-])c2nc3cc(OC(F)F)ccc3[nH]2)c1OC,-0.1641438664372438
3511,Cc1cc(Oc2ccnc(Nc3cccc(c3)N4CCOCC4)c2)c(nc1C)c5ccccn5,0.8979415432899918
3512,COc1cc(ccc1Nc2ncc(Cl)c(Oc3cccc(NC(=O)C=C)c3)n2)N4CCN(C)CC4,1.4248028095326362
3513,CCN(C1CCN(CCC(c2ccccc2)c3ccccc3)CC1)C(=O)Cc4ccc(cc4)[N+](=O)[O-],1.5920603543715706
3514,NC1=CC2=NNC(=O)N2c3cc(ccc13)c4cccs4,0.8895786660480448
3515,Nc1cccc(C(=O)NCC23CC4CC(CC(C4)C2)C3)c1Cl,0.9146672977738852
3516,COc1ccccc1CN(C(=O)C)c2cnccc2Oc3ccccc3,0.6721438577574299
3517,CC(C)CCOc1ccc(N)cc1,0.3961689087731875
3518,N#Cc1cccc(c1)c2cccc(c2)c3nn[nH]n3,-1.2513179078903196
3519,Nc1ncc(cc1c2oc3ccccc3n2)c4cnn(c4)C5CCN(CC5)C(=O)CO,0.8394014025963648
3520,Cc1ccc2c(c1)c(c(C)n2CC(=O)O)c3ccnc4c(C)cccc34,-0.7579081506154621
3521,NC(=O)Nc1cc(sc1C(=O)N[C@H]2CCCNC2)c3cccc(F)c3F,-0.7328195188896218
3522,CN1CCN(CC1)C(=O)c2cc(sc2NC(=O)N)c3ccccc3,-0.0219749533241493
3523,CS(=O)(=O)c1cccc(Nc2nccc(Nc3c(Cl)ccc4OCOc34)n2)c1,0.7808612619027373
3524,COc1cc2c(Nc3c(Cl)ccc4OCOc34)ncnc2cc1OCCCN5CCCC5,-0.4819332016312197
3525,CNCc1cccc(c1)c2ccc3c(nc(nc3n2)N4C[C@@H](C)O[C@@H](C)C4)N5CCOCC5,-0.7829967823413023
3526,Clc1ccc(CNC(=N)SCCCc2c[nH]cn2)cc1,-0.8917141864866099
3527,Oc1ccc(cc1)c2ccc3cc(O)ccc3c2,1.5084315819521037
3528,CC(C)n1c(C)ncc1c2ccnc(Nc3ccc(cc3)C(=O)NC4CC4)n2,0.7223211212091103
3529,OCCCNCCCOc1ccc(Cl)c(c1)C(=O)NCC23CC4CC(CC(C4)C2)C3,-0.6575536237121014
3530,Cc1ccc(cc1NC(=O)c2ccc(OCc3ccccn3)cc2)c4ncc[nH]4,0.6805067349993764
3531,COc1ccccc1c2nnc(N)[nH]2,-1.075697485809438
3532,C[C@]12CC[C@H]3[C@@H](CC(=C)C4=CC(=O)C=C[C@]34C)[C@@H]1CCC2=O,0.6554181032735363
3533,NCCCCCc1c[nH]c2ccc(F)cc12,-1.334946680309787
3534,COc1cc2ncnc(Nc3cccc(Cl)c3F)c2cc1OC4CCN(CC4)S(=O)(=O)C,0.5216120674023884
3535,CN(C)C\C=C\C(=O)Nc1cc2c(Nc3ccc(F)c(Cl)c3)ncnc2cc1O[C@H]4CCOC4,1.2575452646937015
3536,C[C@H](Nc1ccc2ncn(c3cc([nH]n3)C4CC4)c2n1)c5ncc(F)cn5,0.4547090494668149
3537,COc1cccc(\C=C\2/SC(=O)NC2=O)c1N3CCC[C@@H](N)C3,-0.7746339050993556
3538,CN(C)CCC[C@]1(OCc2cc(ccc12)C#N)c3ccc(F)cc3,-0.5990134830184741
3539,CCCN(CCO)CCCOc1ccc2c(Nc3cc(CC(=O)Nc4cccc(F)c4F)[nH]n3)ncnc2c1,-0.0052491988402558
3540,O[C@@H](CNCCCSCCOCCc1cccc2ccccc12)c3ccc(O)c4NC(=O)Sc34,0.7724983846607908
3541,CC(C)N1CCC[C@H](CN2C(=Nc3ccc(Oc4ccc(F)cc4)cc3C2=O)C)C1,0.1703712232406256
3542,CCCCCCCCCC(=O)N[C@@H](Cc1c[nH]c2ccccc12)C(=O)N[C@@H](CC(=O)N)C(=O)N[C@@H](CC(=O)O)C(=O)N[C@H]3[C@@H](C)OC(=O)[C@H](CC(=O)c4ccccc4N)NC(=O)[C@@H](NC(=O)[C@@H](CO)NC(=O)CNC(=O)[C@H](CC(=O)O)NC(=O)[C@@H](C)NC(=O)[C@H](CC(=O)O)NC(=O)[C@H](CCCN)NC(=O)CNC3=O)[C@H](C)CC(=O)O,-2.6228297755695844
3543,COc1ccc(Nc2cc(Oc3cc(C)c(C)nc3c4ccccn4)ccn2)cc1,1.0986505970967133
3544,Fc1ccc(F)c(NS(=O)(=O)c2ccc(Cl)cc2)c1,0.5885150853379624
3545,Clc1ccc(O[C@H]2CCCNC2)cc1C(=O)NCC34CC5CC(CC(C5)C3)C4,-0.0136120760822024
3546,COc1ccc2c(C)cc(N[C@H]3CCC[C@@H](C3)NCc4ccsc4)nc2c1,0.220548486692306
3547,COc1ccc(cc1)C(=O)C2CCN(CC2)C(=O)c3occc3,0.187096977724519
3548,Cc1[nH]c(C(=O)NC2CCN(CC2)c3nc(cs3)C(=O)O)c(Cl)c1Cl,-1.7196390334393368
3549,CS(=O)(=O)Cc1cc(nc(n1)c2ccc3[nH]ccc3c2)N4CCOCC4,-0.1139666029855633
3550,C[C@@H]1CN(CCN1c2ncc(OCc3ccc(cc3C#N)S(=O)(=O)C)cn2)C(=O)OC(C)(C)C,0.9230301750158318
3551,C[C@H](O)C(=O)N1CCN(CC1)c2ccc(Nc3nccc(n3)c4cnc(C)n4C(C)C)cc2,-0.0387007078080428
3552,C[C@]12CC[C@H]3[C@@H](CCc4cc(O)ccc34)[C@@H]1CC[C@@H]2O,1.274271019177595
3553,CC(N)C(=O)Nc1c(C)cccc1C,-1.962162473455792
3554,CCN(C1CCN(CCC(C2CCN(CC2)S(=O)(=O)CC)c3ccccc3)CC1)C(=O)Cc4ccc(cc4)S(=O)(=O)C,-0.4735703243892731
3555,Oc1c2C(=O)N(NC(=O)c2nc3cc(Cl)ccc13)C(C4CC4)c5ccccn5,-1.0004315906319174
3556,CS(=O)(=O)Cc1cc(nc(n1)c2cccc3[nH]ccc23)N4CCOCC4,-0.4150301836956459
3557,CCOC(=O)Cc1csc(NS(=O)(=O)c2ccc(Cl)cc2)n1,-0.7328195188896218
3558,FC(F)(F)CCS(=O)(=O)Oc1ccc(NC(=O)c2ccc(Cn3ccnn3)c4ccccc24)c(n1)C(=O)NCC5CCOCC5,1.6756891267910383
3559,CNC(=O)c1ccc(Nc2ncc(F)c(n2)c3cnc(C)n3C(C)C)cc1,0.6721438577574299
3560,C[C@@H]1COCCN1c2cc(nc(n2)c3cccc4[nH]ccc34)C5(CC5)S(=O)(=O)C,0.4212575404990279
3561,COc1ccc(Cl)cc1C(=O)Nc2nc3ccccc3[nH]2,1.550245968161837
3562,ONC(=O)c1ccc(NS(=O)(=O)c2ccccc2)cc1,-1.2095035216805858
3563,Nc1nc(O)c2ncn(COCCO)c2n1,-3.0242478831830275
3564,CCCCc1ncc(\C=C(/Cc2cccs2)\C(=O)O)n1Cc3ccc(cc3)C(=O)O,-2.589378266601797
3565,COc1cc2ncnc(Nc3cccc(O)c3)c2cc1OC,0.3376287680795604
3566,CNc1ccc2ncc(c3cccc(O)c3)n2n1,0.6637809805154833
3567,CN1CC=CCC(C1)c2oc3ccccc3c2,0.228911363934253
3568,NC(=O)c1ccccc1O,-0.9251656954543968
3569,CNCCCC12CCC(c3ccccc13)c4ccccc24,-1.0924232402933314
3570,CC(C)C1NCCc2c1sc3ccccc23,0.504886312918495
3571,NC(=O)CN1C(=O)C(Cc2ccccc12)NC(=O)c3cc4cc(Cl)sc4[nH]3,0.8561271570802582
3572,Brc1ccc(cc1)C(=O)Cn2cnc3ccccc23,0.8561271570802582
3573,COc1cc(OC)nc(n1)N2N=CC(=C(Cl)C2=O)Cl,-0.6659165009540481
3574,NC(=O)C([C@@H]1CCN(CCc2ccc3OCCc3c2)C1)(c4ccccc4)c5ccccc5,0.4965234356765484
3575,C[C@@H]1CN(CCN1c2ncc(OCc3ccc(cc3)C#N)cn2)C(=O)OC(C)(C)C,0.5801522080960159
3576,OCC1=CC2=NNC(=O)N2c3cc(ccc13)c4ccc[nH]4,-0.0052491988402558
3577,CN(C)CC(O)COc1ccc(Nc2nccc(Nc3cc(C)ccc3Cl)n2)cc1,0.3376287680795604
3578,COc1ccnc(CCc2nc3cccnc3[nH]2)c1,-0.4233930609375927
3579,CSc1ncccc1C(=O)NCCc2ccc(Cl)cc2,0.9313930522577788
3580,CS(=O)(=O)c1ccc(C(=O)Nc2ccc(Cl)c(c2)c3ccccn3)c(Cl)c1,0.538337821886282
3581,Oc1c(C#N)c(nc2ccncc12)c3ccc(cc3)c4ccccc4OC(F)(F)F,1.0484733336450331
3582,CCc1cc(OCc2ccc(cc2)c3ccccc3c4nn[nH]n4)c5CCCCc5n1,-0.4150301836956459
3583,OC(=O)c1ccc(OCC(=O)COc2ccc(SCCCCCc3ccccc3)cc2)cc1,1.199005124000074
3584,CNC[C@H](O)c1ccc(Cl)c(c1)C(=O)NCC23CC4CC(CC(C4)C2)C3,-0.6575536237121014
3585,Oc1cccc2Oc3ccccc3C(=O)c12,1.3411740371131686
3586,CCCc1nn(C)c2C(=O)NC(=Nc12)c3cc(ccc3OCC)S(=O)(=O)N4CCN(C)CC4,0.504886312918495
3587,Cc1cc(CN2Cc3cccnc3CC2C(=O)Nc4ccc(Cl)cc4Cl)ccc1OCC(=O)O,-0.8749884320027165
3588,NC1(CCC1)c2ccc(cc2)N3C(=O)c4ccccc4N=C3c5ccccc5,-0.4986589561151132
3589,O=C(Nc1ccc(Nc2ccc(NC(=O)c3ccccc3)c4C(=O)c5ccccc5C(=O)c24)c6C(=O)c7ccccc7C(=O)c16)c8ccccc8,0.3627173998054005
3590,O=C1OC(=Cc2ccccc12)c3ccccc3,1.3746255460809556
3591,CN(C)CCNCc1ccc(Nc2ncc3cc(ccc3n2)c4ccncc4)cc1,-0.6659165009540481
3592,COc1ccc(cc1)C(=O)C2CCN(CC2)C(=O)c3ccc(F)cc3,0.605240839821856
3593,COc1cc(Nc2c(cnc3cc(OCCCN4CCN(C)CC4)c(OC)cc23)C#N)c(Cl)cc1Cl,1.0902877198547667
3594,Clc1ccc(Cl)c(c1)S(=O)(=O)Nc2nccs2,-0.8833513092446632
3595,CNc1cc(nc2c(cc(OC)cc12)N3CCN(C)CC3)C(=O)Nc4ccc(cc4)N5CCOCC5,0.6136037170638028
3596,CC[C@H](NC(=O)c1c([S+]([O-])C(C)C)c(nc2ccccc12)c3ccccc3)c4ccccc4,1.3495369143551157
3597,CC(=O)Nc1ccc2c(c1)c(Sc3ccc(Cl)cc3)c(C)n2CC(=O)O,-1.6694617699876564
3598,COc1ccc(NC(=O)c2ccnc(N)n2)cc1,-0.3983044292117524
3599,CCC(CC)NC(=O)c1cnn(c1NS(=O)(=O)c2ccc(C)cc2)c3ccccc3Cl,-1.2931322941000534
3600,OC1(CCN(Cc2c[nH]c3ccccc23)CC1)c4ccc(Cl)cc4,0.0449280646114246
3601,CCOC(=O)c1ccc(N)cc1,-0.3063127795503382
3602,COc1ccc(cc1)N2Sc3ccccc3C2=O,0.6888696122413234
3603,C[C@@H]1CN(CCN1c2ncc(OCc3ccncc3C#N)cn2)c4ncc(F)cn4,1.0066589474352992
3604,Nc1ccccc1NC(=O)c2ccc(cc2)N3CCOCC3,-0.8331740457929828
3605,O=C1C2=Nc3ccccc3CN2c4ccccc14,0.4296204177409745
3606,O=C(NCc1ccncc1)c2ccc(Oc3ccccc3)cc2,0.8895786660480448
3607,COc1cc(OC)c(cc1NC(=O)C)S(=O)(=O)N(C(C)C)c2ccccc2,-0.4986589561151132
3608,Cc1cnc(cn1)C(=O)NCCc2ccc(cc2)S(=O)(=O)NC(=O)NC3CCCCC3,-1.5774701203262422
3609,NC(=O)Nc1sc(cc1C(=O)N[C@H]2CCCNC2)c3ccccc3,-0.7746339050993556
3610,CN(C)C(=O)CN1CCN(CCc2c([nH]c3sc(cc23)C(C)(C)C(=O)N4C5CCC4CC5)c6cc(C)cc(C)c6)CC1,1.617148986097411
3611,CNc1c(Br)cnc2[nH]c(nc12)c3ccc(OCCCN4CCOCC4)cc3,0.6386923487896429
3612,COC(=O)COc1ccc(OCCNCC(O)COc2ccccc2)cc1,-0.5488362195667936
3613,OC1=C(CC2=C(O)c3ccccc3OC2=O)C(=O)Oc4ccccc14,-0.8164482913090892
3614,CNCC[C@@H](Oc1cc(OC)ccc1C#N)c2ccccc2,-1.109148994777225
3615,COc1cc2ncnc(Nc3ccc(Cl)c(O)c3)c2cc1OC,0.9230301750158318
3616,COc1ccc(cc1F)c2cc(nn2c3ccc(cc3)S(=O)(=O)N)C(F)F,0.504886312918495
3617,Cn1cc(cc1c2c3C(=O)N(CC#N)C(=O)N(CC4CC4)c3nn2Cc5ccnc6ccc(Cl)cc56)C#N,0.9481188067416724
3618,Cc1ccc(cc1S(=O)(=O)n2ccc(n2)c3c(C)nc4ccc(Br)cn34)[N+](=O)[O-],1.1070134743386602
3619,Nc1ccc2c3ccccc3C(=O)C(=O)c2c1,0.0282023101275311
3620,Oc1ccccc1OCC(=O)NC2CCCC2,0.095105328063105
3621,CC1(CC(=O)NC(=N1)N)c2ccccc2,-1.3182209258258937
3622,NC(=O)c1cc(sc1N)c2ccccc2,0.4212575404990279
3623,CC(=O)Nc1cccc2c1c(c(C)n2CC(=O)O)S(=O)(=O)c3ccc(Cl)cc3,-1.5022042251487218
3624,OCCc1ccc(NC(=O)c2cc3cc(Cl)ccc3[nH]2)cc1,1.3829884233229026
3625,CCCSc1ncccc1C(=O)NC2CCC(F)(F)CC2,0.5467006991282288
3626,CN[C@@H](C)C(=O)N[C@H](C(=O)N[C@H]1CCCN(C1)S(=O)(=O)c2ccccc2)C(C)(C)C,-1.084060363051385
3627,COc1ccc(CN2C(=O)NC3=C(C=C(N(CC(=O)NC(C(C)C)C(=O)C(F)(F)F)C3=O)c4ccccc4)C2=O)cc1,0.6136037170638028
3628,CCOC(=O)C(CCc1ccccc1)NC2CCc3ccccc3N(CC(=O)O)C2=O,-2.003976859665526
3629,COc1cc2c(Nc3ccc(Cl)cc3F)ncnc2cc1OCC4CCNCC4,-0.91680281821245
3630,O[C@@H](CNCCc1ccc(CNCCc2ccccc2F)cc1)c3ccc(O)c4NC(=O)Sc34,-0.7495452733735153
3631,C(C(C1CCCCC1)C2CCCCC2)C3CCCCN3,0.6888696122413234
3632,CCN(C1CCN(CC[C@H](C2CCN(CC2)S(=O)(=O)C)c3cc(C)cc(C)c3)CC1)C(=O)Cc4ccc(cc4)S(=O)(=O)C,-0.222684007130871
3633,COc1cc(F)ccc1c2cncc(CNC3CCC3)n2,0.0282023101275311
3634,CN(C)CCCN1c2ccccc2CCc3ccc(Cl)cc13,0.9732074384675122
3635,NC(=O)c1ccc(O[C@H]2C[C@H]3CC[C@@H](C2)N3Cc4ccccc4)c(F)c1,-0.0805150940177763
3636,OC(=O)COc1ccc(Cl)cc1CN2CCCN(CC2)S(=O)(=O)c3ccccc3,-0.9920687133899708
3637,C[C@H](NC(=O)c1c(C)nn(c1NS(=O)(=O)c2cccnc2)c3ccc(F)cc3)C(C)(C)C,-1.5022042251487218
3638,COc1cc(OC)c(cc1NC(=O)CCC(=O)O)S(=O)(=O)N(c2ccccc2)c3ccccc3,-2.5057494941823304
3639,NS(=O)(=O)c1cc(cc(N2CCCC2)c1Oc3ccccc3)C(=O)O,-2.6228297755695844
3640,Oc1ccc(CCNCCCNS(=O)(=O)CCOCc2cccc3ccccc23)c4sc(O)nc14,-0.4233930609375927
3641,COc1ccc2N=NC(=O)N(CCN3CCC(CC3)NCc4ccc5OCC(=O)Nc5n4)c2c1,-2.380306335553129
3642,COc1ccc(cc1)C(=O)N2CCCC2=O,-1.0589717313255445
3643,C(CCNc1cc(nc2ccccc12)c3ccccc3)CNc4cc(nc5ccccc45)c6ccccc6,1.2157308784839678
3644,COCCNCc1ccc(Nc2ncc3cc(ccc3n2)c4ccncc4)cc1,-0.281224147824498
3645,COc1ccc2nc(C)cc(N3CC(CNC(=O)C4CC4)OC3=O)c2c1,-0.5404733423248469
3646,CC(NC(=O)C1(N)CCN(CC1)c2ncnc3[nH]ccc23)c4ccccc4,-0.0219749533241493
3647,CCN(C1CCN(CCC(c2ccccc2)c3ccccc3)CC1)C(=O)NCc4c(F)cccc4F,1.7593178992105054
3648,Clc1ccc(CN2C[C@@H]3C[C@H]2CN3)cc1C(=O)NCC45CC6CC(CC(C6)C4)C5,-0.6241021147443143
3649,CC(NC(=O)C1(N)CCN(CC1)c2ncnc3[nH]ccc23)c4ccc(Cl)cc4,0.4212575404990279
3650,Clc1ccccc1CNC[C@@H]2CC[C@@H](CNCc3ccccc3Cl)CC2,0.4547090494668149
3651,Nc1nc2OC(COc3ccccc3)Cc2c(N)c1C#N,-0.0972408485016698
3652,COc1cc2c(Nc3ncc(CC(=O)Nc4cccc(F)c4)s3)ncnc2cc1OCCCN5CCC(CO)CC5,0.5801522080960159
3653,CC(=O)Nc1ccc2ccn(c3cc(NCCCCO)n4ncc(C#N)c4n3)c2c1,0.320903013595667
3654,CCN(C1CCN(CCC(N2CCC(CC2)C(=O)C)c3ccccc3)CC1)C(=O)Cc4ccc(cc4)S(=O)(=O)C,-1.084060363051385
3655,OB1N(C(=Nc2ccccc12)S)c3cccnc3,-2.355217703827289
3656,Clc1cccc(NC(=O)N2CCN(C[C@@H]3CCCN(C3)C4CC4)CC2)c1,0.4547090494668149
3657,CC(C)(C)OC(=O)N1CCC(CC1)OCc2onc(n2)c3ccncc3,0.6721438577574299
3658,CCC(CC)NC(=O)c1cnn(c1NS(=O)(=O)C2CCCC2)c3ccccc3,-1.2596807851322664
3659,O=C(N1CCCC1)c2ccc(cc2)C(=C3CCN(Cc4cscn4)CC3)c5cccc6cccnc56,0.4630719267087614
3660,CNC(=O)c1ccc(cc1F)N2C(=S)N(C(=O)C23CCC3)c4ccc(C#N)c(c4)C(F)(F)F,0.9230301750158318
3661,OC(=O)c1cc(ccc1O)c2ccc(F)cc2F,-1.3433095575517338
3662,CC(N)(COP(=O)(O)O)C(=O)O,0.253999995660093
3663,CC(C)NC(=O)c1ccc(C)c(c1)N2C=Nc3ccc(cc3C2=O)N4CCN(C)CC4,-0.5321104650829002
3664,O=C1C=C(Oc2c1cccc2c3cccc4c5CCCCc5sc34)N6CCOCC6,1.5920603543715706
3665,CCC(C)(C)C[C@@H](N1CCC[C@@H](C1)N2C=C(C)C(=O)NC2=O)c3ccc(C(=O)O)c(Oc4cccc(Cl)c4)c3,-0.6910051326798882
3666,C[C@@H]1C[C@H]2[C@@H]3CCC4=CC(=O)C=C[C@]4(C)[C@@]3(F)[C@@H](O)C[C@]2(C)[C@@]1(O)C(=O)CO,-0.2728612705825513
3667,CC#Cc1ccnc(c1)c2cc(ccc2O)C3(N=C(C)C(=N3)N)C4CC4,1.1739164922742342
3668,CC(C)C(NC(=O)CN1C(=O)C(=CC=C1c2ccccc2)NS(=O)(=O)c3cccc(NC(=O)C)c3)C(=O)C(F)(F)F,0.195459854966466
3669,O=C(Nc1nccs1)[C@H](CC2CCOCC2)c3ccc(cc3)S(=O)(=O)C4CC4,0.2958143818698265
3670,COc1ccc(cc1OC)C2=COc3cc(O)cc(O)c3C2=O,0.504886312918495
3671,O=C(Nc1cccc2cccnc12)c3ccc(cc3)N4C(=O)[C@@H]5[C@H]6C[C@H](C=C6)[C@@H]5C4=O,0.9063044205319384
3672,C[C@H]1[C@@H]2CN(CCN3CCOCC3)CC[C@H]2Cc4[nH]c5ccc(cc5c14)C(F)(F)F,0.5634264536121224
3673,C=CCCCCCCCCC(=O)N[C@H]1CCC(=O)NC1=O,0.3710802770473474
3674,OC[C@H](Nc1ncc(Cl)c(Nc2cc([nH]n2)C3CC3)n1)c4ccc(F)cc4,1.299359650903435
3675,C[C@@H]1CN(CCN1c2ncc(OCc3ccc(cn3)S(=O)(=O)C)cn2)C(=O)OC(C)(C)C,0.6721438577574299
3676,CCn1c(nc2c(ncc(OCC3CCCNC3)c12)C#CC(C)(C)O)c4nonc4N,-1.334946680309787
3677,Clc1ccc(N2CCN(CC2)C(=O)COCc3ccccn3)c(Cl)c1,1.0651990881289266
3678,NC(=O)Nc1sc(cc1C(=O)N[C@H]2CCCNC2)c3ccsc3,-0.9502543271802372
3679,O[C@@H](CNCCc1cccc(CN2CCC(CC2)c3ccccc3)c1)c4ccc(O)c5NC(=O)Sc45,-0.1725067436791905
3680,O=C1N2CCS(=O)(=O)C2=Nc3ccccc13,-1.167689135470852
3681,N#Cc1nc(nc(n1)N2CCOCC2)N3CCOCC3,-0.5739248512926339
3682,CCCSc1nc(NC[C@@H]2CC[C@H](CC2)C(=O)O)ccc1C(=O)NC3CCCCC3,0.345991645321507
3683,CCN1CCN(CC1)C(=O)c2cc3cc(Cl)ccc3[nH]2,0.7892241391446843
3684,Cc1cc(n[nH]1)c2ccc(Cl)c(c2)C(=O)NCC3(O)CCCCCC3,1.0150218246772462
3685,OC(=O)COc1ccc(cc1CN2CCN(CC2)S(=O)(=O)c3ccccc3)C(F)(F)F,-1.5022042251487218
3686,COc1cc2nnc(C(=O)N)c(Nc3ccc(C)cc3F)c2cc1N4CCN(C)CC4,0.1369197142728386
3687,CN1CCN(CC1)c2cc(Nc3cc(C)[nH]n3)nc(Sc4ccc(NC(=O)C5CC5)cc4)n2,1.0651990881289266
3688,CC1=C(Oc2c(cccc2C1=O)C(=O)OCCN3CCCCC3)c4ccccc4,1.0233847019191928
3689,O=C(N[C@@H]1CN2CCC1CC2)c3ccc(s3)c4ccccc4,-0.3564900430020187
3690,O=C(Nc1ccccc1)c2oc3ccccc3c2,1.0401104564030863
3691,CC1(C)Cc2c(c3ccccc3)c(c(CC(=O)O)n2C1)c4ccc(Cl)cc4,0.7306839984510569
3692,CN(C)CCNc1cc(nc2cc(nn12)c3ccc(F)cc3)c4ccccc4,1.9265754440494405
3693,C[C@H](CO)Nc1nc(SCc2occc2)nc3NC(=O)Sc13,0.0114765556436376
3694,Clc1ccc(cc1)C2(CCNCC2)c3ccc(cc3)c4cn[nH]c4,-0.5739248512926339
3695,COc1ccc(CNC(=O)Nc2ncc(s2)[N+](=O)[O-])cc1,0.5885150853379624
3696,CNc1nc2ccccc2n1Cc3sc4N(CC(C)C)C(=O)N(C)C(=O)c4c3C(=O)N5CC[C@@H](O)C5,-0.4902960788731664
3697,CN(Cc1oc2ccccc2c1C)C(=O)\C=C\c3cnc4NC(=O)CCc4c3,0.1369197142728386
3698,CN1C(=O)N(CC2CC2)c3nn(Cc4ccnc5ccc(Cl)cc45)c(c6cc(oc6C)C#N)c3C1=O,1.7258663902427185
3699,CS(=O)(=O)c1ccc(cc1Cl)[C@@H](C[C@H]2CCC(=O)C2)C(=O)Nc3cnccn3,-0.6742793781959948
3700,CCN1C=C(C(=O)O)C(=O)c2cc(F)c(cc12)N3CCNCC3,-2.564289634875957
3701,CC(C)(O)c1ccccc1CC[C@@H](SCC2(CC(=O)O)CC2)c3cccc(\C=C\c4ccc5ccc(Cl)cc5n4)c3,1.0484733336450331
3702,CC1CC(=O)Nc2ccccc2N1,-1.3683981892775738
3703,NS(=O)(=O)NC(=O)CCCc1c([nH]c2ccc(cc12)C#N)c3ccc(F)cc3,-0.2059582526469775
3704,CCCC(C)(COC(=O)N)COC(=O)NC(C)C,-0.1557809891952972
3705,Nc1ccc2C(=O)C(=O)c3ccccc3c2c1,0.162008345998679
3706,C[C@@H](Oc1cccc2ncnc(Nc3ccc4c(cnn4Cc5ccccn5)c3)c12)C(=O)N6CCOCC6,0.5216120674023884
3707,CC1CCCCC1NC(=O)c2cnn(c2NS(=O)(=O)c3ccc(C)cc3)c4ccccc4,-0.7160937644057284
3708,Clc1cccc(NNC(=O)c2cccnc2Cl)c1,-0.2728612705825513
3709,CN(C)c1ccccc1S(=O)(=O)NC(=O)N2CCC(CC2)N3CCC(CC3)Oc4ccc(Cl)c(Cl)c4,-0.3815786747278589
3710,CC(=O)Nc1ccc2ccn(c3cc(NC4CC4)n5ncc(C#N)c5n3)c2c1,0.9146672977738852
3711,C[C@H](Nc1nc(Nc2cc(C)[nH]n2)c(C)nc1C#N)c3ccc(F)cn3,0.345991645321507
3712,CC(C)NC(=O)c1cnc(N2CCC(CC2)N3C(=O)OCc4ccccc34)c(Cl)c1,1.1488278605483937
3713,COc1cc(ccc1Nc2ncc(OC)c(n2)c3cnc4ccccn34)N5CCN(CC5)C(=O)C,0.8394014025963648
3714,CNC1=Nc2ncccc2C(=NC1c3cccs3)c4cc[nH]c4,-0.3899415519698057
3715,CN1CCCN(CC1)C(c2ccccc2)c3ccc(Cl)cc3,0.1369197142728386
3716,CCOc1ccc(cc1)c2cnc3CCCCCn23,0.6805067349993764
3717,Nc1cc(c(cn1)c2cc(nc(n2)N3CCOCC3)N4CCOCC4)C(F)(F)F,0.4212575404990279
3718,OC(=O)c1ccccc1CN2CCC(CN3CCC(CC3)Oc4ccc(Cl)c(Cl)c4)CC2,0.2372742411761995
3719,NC(=O)c1ccc(Oc2cccc3cccnc23)c(c1)[N+](=O)[O-],-0.4150301836956459
3720,CCOC(=O)Nc1ccc2Sc3ccccc3N(C(=O)CCN4CCOCC4)c2c1,0.7557726301768973
3721,Cn1ccc2c(cccc12)c3nc(CS(=O)(=O)C)cc(n3)N4CCOCC4,-0.1641438664372438
3722,CCN(C(=O)Nc1ccccc1)c2ccccc2,0.7557726301768973
3723,Clc1ccc2[nH]c(cc2c1)C(=O)N3CCNCC3,-0.4568445699053796
3724,Cc1ccc(NC(=N)N)cc1C,-2.957344865247454
3725,CC(C)C(NC(=O)CN1C(=O)C(=CC=C1c2ccccc2)NC(=O)Cc3ccc(cc3)C(=O)O)C(=O)C(F)(F)F,-1.5440186113584553
3726,Cc1ccc(cc1NC(=O)CC23CC4CC(CC(C4)C2)C3)C(=O)N5CC6CNCC(C5)O6,-0.0637893395338828
3727,Cc1nc(C)c(s1)C(=O)N[C@@H](Cc2cccc(Cl)c2)C(=O)NCC#N,-0.1641438664372438
3728,OC(=O)c1ccc2c(c1)nc(Nc3cccc(c3)C#C)c4ncncc24,-1.0673346085674915
3729,C(N1CCN(CC1)c2nc3ccccc3s2)c4nnnn4Cc5cccs5,1.2157308784839678
3730,Cc1cnc(NS(=O)(=O)c2ccccc2)c(C)n1,-1.861807946552431
3731,C[C@H](Nc1nc(NC[C@@H](O)CO)c(Cl)c(Nc2cc([nH]n2)C3CC3)n1)c4ccc(F)cc4,0.9982960701933526
3732,CCOc1cccc2c3CN(CCc3[nH]c12)C(=O)[C@@H]4CCCC[C@H]4C(=O)NC5(CC5)C#N,0.7557726301768973
3733,COc1cc(Nc2nc(N[C@@H](C)c3ncc(F)cn3)nc(N4CCOCC4)c2F)n[nH]1,0.3710802770473474
3734,COc1ccc2C(=CC(=O)N(CCN3CCC(CC3)NCc4cc5OCCOc5cn4)c2c1)C,-0.3983044292117524
3735,C[C@@H]1CNc2c(sc3ccc4nc(ccc4c23)c5ccc(C)nc5)C(=O)N1,1.1739164922742342
3736,CN(C1CCN(Cc2ccc(nc2)C(F)(F)F)CC1)C(=O)Cc3ccc(cc3)n4cnnn4,-0.3314014112761785
3737,CC(C)[C@@H]1N=C(c2ccccc2)c3ccccc3NC1=O,0.7139582439671633
3738,CC1=CN([C@H]2CCCN(C2)S(=O)(=O)c3ccc(C(=O)N)c(Oc4cccc(Cl)c4)c3)C(=O)NC1=O,-0.1975953754050307
3739,Cc1ccnc2nc(nn12)C(=O)Nc3nccs3,-1.5774701203262422
3740,CC(=O)NCc1ccc(CN2CCN(CC2)c3ccc(F)cc3F)cc1,0.253999995660093
3741,CCCc1c(O)c(ccc1OCc2ccc(cc2OC)c3nn[nH]n3)C(=O)C,0.504886312918495
3742,FC(F)(F)c1cccc(c1)S(=O)(=O)NCC(N2CCCCCC2)c3ccccc3,0.7724983846607908
3743,CCOC(=O)[C@H](Cc1ccc(O)cc1)NC(=O)c2cccc3ccccc23,0.7724983846607908
3744,CN1C(=O)N(Cc2ccc(cc2)C(=O)O)C(=O)c3cc(ccc13)C#CCc4ccccc4,0.253999995660093
3745,OC(=O)[C@H](Cc1ccc(cc1)N2CCN(CC2)c3ccccc3)NC(=O)c4c(Cl)cccc4Cl,-1.7698162968910172
3746,COc1cc(Nc2nc(N[C@@H](C)c3ncc(F)cn3)ncc2Br)n[nH]1,0.3376287680795604
3747,COc1ccc(OC)c(CNc2n[nH]c3ccnc(Oc4ccccc4)c23)c1,1.717503513000772
3748,CN(C)C(=O)c1ccc(CN2CCC(CC2)c3ccc(cc3)C(=O)Nc4ccccc4N)cc1,-0.5571990968087404
3749,CS(=O)(=O)c1ccccc1C(=O)NCC(O)CNC2CCN(Cc3ccc(Cl)c(Cl)c3)CC2,-0.824811168551036
3750,OC(=O)c1cc2cc(ccc2n1Cc3ccc(Cl)c(Cl)c3)[N+](=O)[O-],-0.3397642885181252
3751,CC(C)C(NC(=O)CN1C(=O)C(=CN=C1c2cc(F)cc(F)c2)N)C(=O)C(F)(F)F,-0.6826422554379415
3752,Cc1oc(CN2CCNCC2)cc1C(=O)NCC34CC5CC(CC(C5)C3)C4,-0.9753429589060773
3753,COc1cc(Nc2cc(Nc3c(Cl)ccc4OCOc34)ncn2)cc(OC)c1OC,0.7306839984510569
3754,Oc1ccc2[nH]c(CN3CCC(Cc4ccc(F)cc4)CC3)nc2c1,1.3411740371131686
3755,COc1cc2ncnc(Nc3ccc(OCc4ccccn4)c(C)c3)c2cc1OC,1.1739164922742342
3756,CS(=O)(=O)c1ccc(cc1Cl)[C@@H](CC2CCCC2)C(=O)Nc3cnc(cn3)[C@H](O)CO,0.320903013595667
3757,CC1=NC(C)(N=C1N)c2cccc(c2)c3cccnc3,-0.4150301836956459
3758,CCCN1CCC(CC1)Oc2nccc(Nc3cc(NC(=O)c4cccc(c4)N5CCOCC5)ccc3C)n2,0.3376287680795604
3759,Cn1nnc(n1)c2ccc(cn2)c3ccc(cc3F)N4C[C@H](COc5ccon5)OC4=O,-0.7997225368251958
3760,Oc1ccc(cc1)C2=Cc3ccc(O)cc3OC2=O,0.5885150853379624
3761,CC1(C)CCC(CC1)NC(=O)[C@@H](N)CCC(=O)O,-2.062517000359153
3762,CC(=O)Nc1ccccn1,-1.4185754527292542
3763,Cc1nc(C)c(nc1C(=O)N)c2ccc(cc2)C34CCC(CC3)(CC4)C(=O)O,-0.7495452733735153
3764,CC(C)C(NC(=O)CN1C(=O)C(=CC=C1c2ccccc2)NC(=O)NCc3ccccn3)C(=O)C(F)(F)F,-0.0387007078080428
3765,CNC(=O)c1ccc(CN2CCC(CC2)c3ccc(cc3)C(=O)Nc4ccccc4N)cc1,-0.1725067436791905
3766,O[C@H](C[C@H](O)\C=C\c1c(nc2ccccc2c1c3ccc(F)cc3)C4CC4)CC(=O)O,-1.075697485809438
3767,Brc1oc(cc1)c2nc3cc(NS(=O)(=O)c4ccccc4)ccc3[nH]2,1.8262209171460797
3768,Nc1ccccc1NC(=O)c2ccc(cc2)c3ncccc3C#N,-0.5153847105990067
3769,O=C(CS(=O)(=O)c1ccccc1)c2ccccc2,-0.281224147824498
3770,CC(C)N1C(=O)N(CC2CC2)c3nn(Cc4ccnc5ccc(Cl)cc45)c(c6cncn6C)c3C1=O,1.5251573364359967
3771,COc1ccc2cc(CCC(=O)C)ccc2c1,0.7223211212091103
3772,NC(=O)c1cnc(N[C@H]2CCCNC2)c3cc(sc13)c4ccc(F)cc4,-0.1557809891952972
3773,Cn1cc(CN2CCc3cc4nc(N)sc4cc3CC2)cn1,-0.9502543271802372
3774,CNc1cccc(CCOc2ccc(C[C@H](NC(=O)c3c(Cl)cccc3Cl)C(=O)O)cc2F)n1,-1.8785337010363248
3775,NC(=O)c1cncc(c1)c2ccc(cc2)[C@@H]3CC[C@@H](CC(=O)O)CC3,-1.652736015503763
3776,CCCSc1ncccc1C(=O)N(C)[C@@H]2[C@@H]3CC4C[C@H]2C[C@@](O)(C4)C3,0.2456371184181464
3777,COc1cccc(OC)c1c2ccc(C[C@H](NC(=O)c3c(Cl)cccc3Cl)C(=O)O)cc2,-2.062517000359153
3778,CS(=O)(=O)Cc1cc(nc(n1)c2cccc(CO)c2)N3CCOCC3,-1.0004315906319174
3779,Clc1cccc(CN2C=CN3C(=O)C=C(N=C23)N4CCOCC4)c1Cl,0.9230301750158318
3780,CC(=O)N1CCN(CC(O)COc2ccc(Br)cc2)CC1,-0.4986589561151132
3781,C[S+]([O-])CCN1C(=O)C(Cc2ccccc12)NC(=O)c3cc4cc(Cl)sc4[nH]3,0.8143127708705243
3782,COC(=O)CCCC(=O)Nc1ccc2C(=O)C(=O)c3ccccc3c2c1,0.6386923487896429
3783,Clc1cccc2cn[nH]c12,0.1118310825469985
3784,O[C@@H](CNCCCSCCNCCc1cccc(Cl)c1Cl)c2ccc(O)c3NC(=O)Sc23,-0.3815786747278589
3785,Cc1cc(C)cc(c1)c2oc(SCC(=O)N3CCN(CC3)C(=O)c4occc4)nn2,0.6721438577574299
3786,NC(=O)c1cc(cc(c1)[N+](=O)[O-])[N+](=O)[O-],-1.1593262582289054
3787,NC1(CCC1)c2ccc(cc2)c3ncc4ccncc4c3c5ccccc5,0.003113678401691
3788,Cc1cc(COc2cnc(nc2)N3CCN(CC3)C(=O)OC(C)(C)C)ccn1,1.2575452646937015
3789,Cc1ccc2cc(C)c3nnc(SCC(=O)N4CCN(CC4)C(=O)c5occc5)n3c2c1,0.0867424508211581
3790,CC(C)COc1cc(OC(C)C)cc(c1)C(=O)Nc2ccc(cn2)C(=O)O,-0.4986589561151132
3791,Cc1oc(cc1C(=O)O)c2ccc(Cl)cc2,-0.4401188154214862
3792,CC(C)NCCCOc1ccc(NC(=O)C)cc1CC=C,-1.8450821920685376
3793,CS(=O)(=O)c1ccc(cc1)c2cnc(N)c(c2)c3ccc(nc3)C(F)(F)F,0.1703712232406256
3794,Oc1nc(nc2CCSCc12)c3ccc(cc3)C(F)(F)F,0.7306839984510569
3795,C[C@H](CO)Nc1nc(SCc2cccc(F)c2F)nc3NC(=O)C=Cc13,0.9732074384675122
3796,CCC(CC)NC(=O)c1cnn(C)c1NS(=O)(=O)c2ccc(C)cc2,-1.535655734116509
3797,c1ccc2c(c1)nnn2c3ccncc3,-0.4233930609375927
3798,NC(=O)c1cccc(O[C@@H]2C[C@H]3CC[C@@H](C2)N3CCc4ccccc4)c1,-0.1641438664372438
3799,CCCCCC\N=C\1/C=CN(Cc2ccccc2)c3cc(Cl)ccc13,-1.017157345115811
3800,CC(=O)Nc1ccc(Nc2ncc3cc(ccc3n2)c4ccncc4)cc1,0.7055953667252168
3801,C=CCN(C1CCN(CCC(c2ccccc2)c3ccccc3)CC1)C(=O)Nc4ccccc4,1.1739164922742342
3802,Clc1ccccc1N2CCN(CC2)C(=O)NC3CCCCC3,1.3244482826292752
3803,CCC[C@@H](N1CCC[C@@H](C1)N2C=C(C)C(=O)NC2=O)c3ccc(C(=O)O)c(Oc4cccc(Cl)c4)c3,-1.334946680309787
3804,Cc1c(cnn1c2ccc(cc2)C(=O)O)C(=O)NC3C4CC5CC(CC3C5)C4,-1.167689135470852
3805,NC(=O)c1sc(cc1NS(=O)(=O)c2ccc(cc2)C(F)(F)F)c3ccsc3,0.162008345998679
3806,CC1=CN([C@H]2CCCN(C2)S(=O)(=O)c3ccc(O)c(Oc4cccc(Br)c4)c3)C(=O)NC1=O,0.0867424508211581
3807,FC(F)(F)Oc1ccc(CNC(=O)C2N(CC3CC(F)(F)C3)C(=O)c4ccccc24)cc1,1.4248028095326362
3808,C[C@H](Nc1ncc(C)c(Nc2cc(C)[nH]n2)n1)c3ncc(F)cn3,-0.3732157974859122
3809,Cn1c(ccc1c2ccc3NC(=O)OC(C)(C)c3c2)C#N,0.5467006991282288
3810,CC\C(=C(/c1ccccc1)\c2ccc(\C=C\C(=O)O)cc2)\c3ccccc3,1.4164399322906895
3811,CC[C@H]1[C@@H](Cc2cncn2C)COC1=O,-2.1461457727786204
3812,CCN(C)C(=O)c1ccc(cc1)C(=C2CCN(Cc3ccc(F)cc3)CC2)c4ccccc4NC(=O)C,0.4965234356765484
3813,COC(=O)c1ccc(cc1)C(C)N2NC(=O)C3=C(C2=O)C(=O)c4ccc(Cl)cc4N3,-0.7495452733735153
3814,NC1(CCC1)c2ccc(cc2)c3ncc4ccccc4c3c5ccccc5,1.1739164922742342
3815,CC(Nc1ncnc2ccccc12)c3ccccc3,1.0066589474352992
3816,COc1cc(CNc2nc3ccccc3[nH]2)cc(OC)c1OC,0.1369197142728386
3817,NC12CCC(CC1)(CC2)c3ccccc3,-1.5941958748101357
3818,CC(C)C(NC(=O)CN1C(=O)C(=CC=C1c2ccccc2)NC(=O)NCc3ccc[n+]([O-])c3)C(=O)C(F)(F)F,-0.5990134830184741
3819,COc1ccc(OC)c(c1)c2c(F)ccc3c(N)c(nnc23)C(=O)NC4CC4,1.0651990881289266
3820,CCn1c2ccccc2c3cc(NC(=O)C(C)C)ccc13,1.6756891267910383
3821,COc1ccc(cc1)c2nc3CCCn3c2Br,0.9230301750158318
3822,CCNC(=O)OC[C@@H](C)N(c1cc(Cl)ccc1CO)S(=O)(=O)c2ccc(Cl)cc2,1.0066589474352992
3823,CC(C)Oc1ccc(cc1C(=O)N2CCN(CC2)c3ccc(cc3)C(F)(F)F)S(=O)(=O)C,0.9481188067416724
3824,CN1CCN(CC1)c2ccc3N=CN(C(=O)c3c2)c4cc(NC(=O)c5cscn5)ccc4C,-0.1139666029855633
3825,OC(=O)c1ccc2c(c1)nc(Nc3cccc(Cl)c3)c4ccncc24,-0.7579081506154621
3826,CCCC(=O)C1(CCN(CC1)C(=O)[C@@H](Cc2ccc(OC)cc2)NC(=O)[C@@H](N)Cc3cncn3C)c4ccccc4,0.2623628729020396
3827,Oc1cccc2ccc(nc12)C#N,-0.3230385340342318
3828,OC(=O)COc1ccc(Cl)cc1C2CCCCC2,-1.0589717313255445
3829,Cc1ccc(cc1NC(=O)c2ccc(OCc3ccccn3)cc2)c4nccn4C,0.5299749446443354
3830,OC(=O)c1ccccc1N2CCC(CN3CCC(CC3)Oc4ccc(Cl)c(Cl)c4)CC2,0.5299749446443354
3831,CC(C)C[C@H](CO)Nc1nc(SCc2ccccc2F)nc3nc(N)sc13,1.9265754440494405
3832,CN1CCN(CC1)c2nc(CCOc3ccc(C[C@H](Nc4ccccc4C(=O)c5ccccc5)C(=O)O)cc3)c(C)s2,0.320903013595667
3833,NC(=O)Nc1sc(cc1C(=O)N[C@H]2CCCNC2)c3cc(F)cc(F)c3,-0.0136120760822024
3834,CC12CCC3C(CCC4=CC(=O)CCC34C)C1CCC2O,0.9230301750158318
3835,C[C@@H]1CN(CCN1c2ncc(OCc3ccncc3C#N)cn2)c4noc(n4)C(F)F,0.5467006991282288
3836,Cc1ccc(cc1)S(=O)(=O)N2N=Cc3ccccc3B2O,-1.7949049286168577
3837,C[C@H]1COCCN1c2cc(CS(=O)(=O)C)nc(n2)c3ccc4[nH]ccc4c3,0.1536454687567321
3838,C[C@@H](NC(=O)C)c1ccc(Nc2ncc3cc(cc(C)c3n2)c4ccncc4)cc1,1.0568362108869798
3839,Nc1c(nnc2c(c(F)ccc12)c3ncccn3)C(=O)NC4CC4,-0.50702183335706
3840,Nc1n[nH]c2c(Cl)cccc12,-0.4150301836956459
3841,CC(C)NCC(O)COc1ccc(CCOCC2CC2)cc1,-1.3098580485839468
3842,CN(C)S(=O)(=O)c1ccc(CC(=O)N(C)C2CCN(CCC(c3ccccc3)c4ccccc4)CC2)cc1,1.0902877198547667
3843,CN(C)C(=O)C1(CCN(CC[C@H](CN(C)C(=O)c2cc(cc3ccccc23)C#N)c4ccc(Cl)c(Cl)c4)CC1)N5CCCCC5=O,0.2707257501439865
3844,CC(C)NCC(O)COc1ccc(COCCOC(C)C)cc1,-1.7530905424071237
3845,CCC(C)Nc1nc(nc(N2CCOCC2)c1N)C#N,0.504886312918495
3846,N#Cc1ccc(Nc2nccc(NC3CC3)n2)cc1,0.6805067349993764
3847,CN(C)CC(O)COc1ccc(Nc2cc(Nc3ccc(F)cc3F)ncn2)cc1,-0.5990134830184741
3848,CS(=O)(=O)Nc1cc(Nc2nccc(Nc3c(Cl)ccc4OCOc34)n2)cc(c1)C(=O)N,0.0700166963372646
3849,CC(=O)NCC(NC(=O)C1(N)CCN(CC1)c2ncnc3[nH]ccc23)c4ccc(Cl)cc4,0.1703712232406256
3850,COc1ccc(COc2ccc(Cc3cnc(N)nc3N)cc2OC)cc1,0.061653819095318
3851,CCCSc1nc(ccc1C(=O)NC2CCCCC2)N3CCC[C@H](CC(=O)O)C3,-0.0136120760822024
3852,CCOCc1nc2c(N)nc3ccccc3c2n1CC(C)(C)O,-0.4233930609375927
3853,CCCNC(=O)c1nnc2c(c(F)ccc2c1N)c3ccc(OC)cc3OC,1.1070134743386602
3854,CC(C)n1c(C)ncc1c2nc(Nc3ccc(cc3)N4CCOCC4)ncc2F,0.6805067349993764
3855,CCOC(=O)c1cnc2c(N)cccc2c1O,-1.084060363051385
3856,CCCN(CCO)CCCOc1cc2ncnc(Nc3cc(CC(=O)Nc4cccc(F)c4F)[nH]n3)c2cc1OC,-0.7662710278574089
3857,CC(C)CNc1nc(nc(N2CCN(CC2)C(=O)C)c1N)C#N,0.1703712232406256
3858,CC(C)N(CCC(C(=O)N)(c1ccccc1)c2ccccn2)C(C)C,-2.288314685891715
3859,CCN1C(=O)C2=C(OC(=CC2=O)O)c3ccccc13,-0.8917141864866099
3860,O=C1C=COc2ccccc12,-0.6659165009540481
3861,Nc1nnc(CCSCCc2nnc(N)s2)s1,-1.9203480872460583
3862,CC(C)n1c(C)ncc1c2nc(Nc3ccc(cc3)N4CCN(CC4)C(=O)CO)ncc2F,-0.0052491988402558
3863,Cn1cc(cc1c2c3C(=O)N(CC#CCn4cncn4)C(=O)N(CC5CC5)c3nn2Cc6ccnc7ccc(Cl)cc67)C#N,1.0317475791611397
3864,CCCSc1nc(N[C@@H]2CC[C@H](CC2)C(=O)O)ccc1C(=O)NC3CCCCC3,-0.1474181119533503
3865,CN1CCOc2cc(COC3CCCCC3)cnc12,0.7557726301768973
3866,Oc1ccc(cc1)[N+](=O)[O-],-0.5822877285345807
3867,CCCNC(=O)c1nnc2c(c(F)ccc2c1N)c3ncccn3,-0.1056037257436167
3868,CC[C@H](C)C(=O)O[C@H]1C[C@H](O)C=C2C=C[C@H](C)[C@H](CC[C@@H](O)C[C@@H](O)CC(=O)O)[C@@H]12,-2.4722979852145435
3869,Cc1nccn1CC2CCc3c(C2=O)c4ccccc4n3C,-0.4401188154214862
3870,CC(C)(c1cc(nc(n1)c2cccc3[nH]ccc23)N4CCOCC4)S(=O)(=O)C,0.379443154289294
3871,CCOC(=O)c1ccc(OCC2CCN(C2)c3ccc(C)nn3)cc1,1.0401104564030863
3872,O=C(NCC#N)[C@@H]1CCCC[C@H]1C(=O)N2CCN(CC2)c3ccc(cc3)C#N,-0.3397642885181252
3873,CCCNC(=O)c1nnc2c(cccc2c1N)c3cnc(OC)nc3OC,0.8895786660480448
3874,CS(=O)(=O)c1ccc2C(=CNC(=O)c2c1)C(=O)NC[C@@H](O)CN3CCC(CC3)Oc4ccc(Cl)c(Cl)c4,0.3627173998054005
3875,CN(c1ccccc1)c2ccnc(Nc3cc(cc(c3)N4CCOCC4)N5CCOCC5)n2,1.0651990881289266
3876,Clc1ccc(CN2CC3CNCC(C2)O3)cc1C(=O)NCC45CC6CC(CC(C6)C4)C5,-0.5404733423248469
3877,Oc1cc(nc2ccccc12)c3ccccc3,0.28745150462788
3878,CN1CCN(Cc2ccc(cc2)C(=O)Nc3ccc(C)c(Nc4nccc(n4)c5cccnc5)c3)CC1,0.253999995660093
3879,CC(=O)OCCn1c(Sc2nc3cccc(Cl)c3s2)nc4c(N)ncnc14,0.8059498936285777
3880,Nc1nc(ns1)c2ccccc2,0.003113678401691
3881,CC(C)(C)NCC(O)COc1nsnc1N2CCOCC2,-2.129420018294727
3882,CN(c1ccnc(Nc2cc(cc(c2)N3CCOCC3)N4CCCOCC4)n1)c5cc(CO)ccc5C,0.9230301750158318
3883,COCCOc1ccc(cc1)c2cc(C(=O)N)c(NC(=O)N)s2,0.1201939597889451
3884,Cc1cc(Cl)ccc1OC2CCN(C[C@H](O)CNC(=O)C3=CNC(=O)c4c(F)cccc34)CC2,0.6721438577574299
3885,CCc1nc2cc(O)ccc2c(Oc3ccc(\C=C\C(=O)O)cc3)c1c4ccccc4,0.6721438577574299
3886,Nc1nccc2ccccc12,-0.5822877285345807
3887,CCN(CCNCCc1ccc(O)c2NC(=O)Sc12)C(=O)CCOCCc3ccccc3,-0.2310468843728177
3888,CC(O)(C(=O)Nc1ccc(cc1)S(=O)(=O)Nc2ccccc2)C(F)(F)F,0.7306839984510569
3889,Brc1ccc(OC(=O)N2CCN3CCC2CC3)cc1,-0.5153847105990067
3890,COC(=O)C1C(CC2CCC1N2C)OC(=O)c3ccccc3,-0.9502543271802372
3891,CC(O)C(C)OC(=O)[C@@H]1CC2C(Cc3cn(C(C)C)c4cccc2c34)N(C)C1,0.504886312918495
3892,O=C(Nc1cccc(NC(=O)c2ccccc2)n1)c3ccccc3,1.5251573364359967
3893,NCC[C@@H](Oc1cc(Cl)ccc1C#N)c2ccccc2,-1.2011406444386392
3894,COc1ccc2nccc([C@H](O)C3CC4CCN3CC4C=C)c2c1,-0.0303378305660959
3895,CC1(C)[C@@H]2CC[C@@]1(CS(=O)(=O)NC3CCN(CC3)c4ccc(cn4)C(F)(F)F)C(=O)C2,1.3746255460809556
3896,NC(=O)C1CCCCC1,-1.084060363051385
3897,COc1cc(ccc1Cn2ccc3ccc(cc23)C(=O)NCC4CCCC4)C(=O)NS(=O)(=O)c5ccccc5,-0.222684007130871
3898,NC(=O)c1cncc(O[C@H]2C[C@H]3CC[C@@H](C2)N3Cc4ccccc4)n1,-0.91680281821245
3899,CNC1=Nc2ncccc2C(=NC1c3cccs3)c4cccs4,0.3627173998054005
3900,CC[C@H](NC(=O)c1c([S+](C)[O-])c(nc2ccccc12)c3ccc(F)cc3)c4ccccc4,1.274271019177595
3901,CNC(=O)c1cccc(c1c2ccc(CC(C)C)cc2)S(=O)(=O)Nc3ncc(C)nc3OC,-0.4317559381795394
3902,NC(Cc1c[nH]c2ccccc12)C(=O)O,-2.81517595213436
3903,CC(C)C(NC(=O)CN1C(=O)C(=CN=C1c2ccccc2)NC(=O)OCC(F)(F)F)C(=O)C(F)(F)F,0.1452825915147855
3904,C[C@H](Nc1cnc(C)c(Nc2cc(C)[nH]n2)n1)c3ccc(F)cn3,-0.3899415519698057
3905,CN[C@@H](C)C(=O)N[C@H](C(=O)N[C@H]1CCCN(CCc2ccc(O)cc2)C1)C(C)(C)C,-1.1927777671966924
3906,CC(=O)Nc1cc(CN2C(=O)N(C(=O)C2(C)C)c3ccc(SC(F)(F)F)cc3)ccn1,0.6136037170638028
3907,CN1C[C@@H](c2ccccc2)c3cccc(N)c3C1,-0.0721522167758298
3908,COc1ccnc(c1)N(C)c2ccnc(Nc3cc(cc(c3)N4CCOCC4)N5CCOCC5)n2,0.0282023101275311
3909,COCCNc1nc(N)c2nc(O)n(Cc3ccccc3)c2n1,-0.0136120760822024
3910,Fc1cc2N=CNC(=O)c2cc1F,-0.5822877285345807
3911,CC1=CN([C@H]2CCCN(C2)[C@H](CC3CCOCC3)c4ccc(C(=O)O)c(Oc5cccc(Cl)c5)c4)C(=O)NC1=O,-2.04579124587526
3912,Cc1ccc(COC(=O)N2CCC(CNc3ncccn3)CC2)cc1,1.1739164922742342
3913,C(Nc1ncnc2ccccc12)c3ccccc3,0.8477642798383113
3914,CCC(CC)NC(=O)c1cnn(c1NS(=O)(=O)c2ccc(C)cc2)c3ccccc3,-1.176052012712799
3915,C[C@H](NC(=O)c1c(C)nn(CC(F)(F)F)c1NS(=O)(=O)c2ccc(C)cc2)C(C)(C)C,-1.0589717313255445
3916,CCOC(=O)c1ccc(OCCC2CCN(CC2)c3ccc(C)nn3)cc1,1.8596724261138664
3917,Cc1cc(N)c2cc(NC(=O)CC(=O)Nc3ccc4nc(C)cc(N)c4c3)ccc2n1,-0.7077308871637816
3918,O=C(NCc1occc1)c2ccc3[nH]c(COc4ccc(cc4)C56CC7CC(CC(C7)C5)C6)nc3c2,1.5084315819521037
3919,OC[C@H]1CCCN1CCCOc2ccc3c(Nc4cc(CC(=O)Nc5cccc(F)c5F)[nH]n4)ncnc3c2,-0.1139666029855633
3920,CN(C)c1nc(N[C@@H]2CC[C@@H](CC2)NC(=O)c3ccc(F)c(F)c3)nc4ccccc14,0.7808612619027373
3921,Oc1ccc(cc1)C2CC(=O)c3c(O)cc(O)cc3O2,0.3376287680795604
3922,CN(C)CCOc1ccc(cc1)c2cc(C(=O)N)c(NC(=O)N)s2,-0.8666255547607697
3923,CC(C)c1nc2ccccc2n1c3nc(N4CCOCC4)c5nc(OC6CN(C6)C7CCS(=O)(=O)CC7)n(C)c5n3,0.5885150853379624
3924,CC(C(=O)O)c1ccc2oc(nc2c1)c3ccc(Cl)cc3,-0.7495452733735153
3925,COc1ccc(N(C(C(=O)NC2CCCC2)c3ccccc3F)C(=O)c4occc4)c(OC)c1,0.7474097529349504
3926,C[C@H](Nc1nc(Nc2cc(C)[nH]n2)cc(n1)N3CCOCC3)c4ncc(F)cn4,-0.2394097616147645
3927,Cc1ccc2c(c(C)n(CC(=O)O)c2c1)c3ccnc4cc(Cl)ccc34,0.1787341004825725
3928,O=C(CC12CC3CC(CC(C3)C1)C2)Nc4cccc5ncccc45,1.3662626688390092
3929,CCN1CCN(Cc2cnc(c3ccc(cc3)C(=O)Nc4ccccc4N)c(c2)C#N)CC1,-0.8833513092446632
3930,OC1=CC=Cc2cc(O)c(O)c(O)c2C1=O,-0.1390552347114037
3931,O=C(Nc1ccc(nc1)N2CCOCC2)c3oc(Nc4cccc(OCc5ccccn5)c4)nn3,0.7557726301768973
3932,CC(CCc1cccc(OCc2ccc3ccccc3n2)c1)CC(=O)O,0.1703712232406256
3933,Cc1ccc(CN2C(=O)CCSc3ccc(Cl)cc23)cc1,1.2575452646937015
3934,Cc1ccc(s1)C(NC(=O)c2ccccc2O)C(=O)Nc3c(C)cccc3C,1.550245968161837
3935,NC(=N)Nc1ccc(Cl)c(Cl)c1,-2.09596850932694
3936,CS(=O)(=O)N1CCOc2cc(COc3ccccc3)cnc12,0.1703712232406256
3937,NC(=O)Nc1sc(cc1C(=O)N2CCOCC2)c3ccccc3,0.036565187369478
3938,COc1cc(ccc1NC(=O)CN2CCOCC2)c3cccc4C(=O)C=C(Oc34)N5CCOCC5,0.0867424508211581
3939,CC(C)[C@H](N)C(=O)OCCOCn1cnc2C(=O)N=C(N)Nc12,-2.923893356279667
3940,O[C@@H]1CN(CCN2C(=O)C=Cc3ccc(cc23)C#N)CC[C@@H]1NCc4ccc5OCC(=O)Nc5n4,-1.744727665165177
3941,Clc1ccc(NC(=O)N2CCN(C[C@@H]3CCCN(C3)C4CC4)CC2)cc1Cl,1.1488278605483937
3942,Nc1ccc(cc1)c2nc3ccc(O)cc3s2,0.8394014025963648
3943,OC(=O)c1ccccc1c2ccc(Cl)c(c2)C(=O)NCC3(O)CCCCCC3,-2.12105714105278
3944,O[C@@H](CNCCSCCCNCCc1ccccc1)c2ccc(O)c3NC(=O)Sc23,-1.7363647879232302
3945,CC(C)n1c(C)ncc1c2ccnc(Nc3ccc(cc3)N4CCN(CC4)C(=O)CO)n2,-0.4233930609375927
3946,CCN(CC)CCNC(=O)c1cc(Cl)c(N)cc1OC,-1.552381488600402
3947,Clc1ccc(cc1)C(=O)Cc2ccccn2,0.6386923487896429
3948,CCOc1cc(Nc2nc3c(cc2F)ncn3[C@@H](CO)c4ccc(F)cn4)n[nH]1,0.2958143818698265
3949,COc1c(N2CCNC(C)C2)c(F)cc3C(=O)C(=CN(C4CC4)c13)C(=O)O,-2.522475248666223
3950,CCOc1ccc(CCNCCCSCCNC[C@H](O)c2ccc(O)c3NC(=O)Sc23)cc1,-1.493841347906775
3951,N(c1cccnc1)c2ncnc3ccccc23,-0.5237475878409534
3952,Cc1nc(cs1)C(=O)N2CCCC3(CCN(Cc4ccccc4)CC3)C2,-1.6360102610198697
3953,CN1N(C(=O)C=C1C)c2ccccc2,-1.744727665165177
3954,CN(c1ccnc(Nc2cc(cc(c2)S(=O)(=O)C)N3CCOCC3)n1)c4cc(CO)ccc4C,0.5885150853379624
3955,Cn1c(C(=O)O)c(CCCOc2cccc3ccccc23)c4ccccc14,0.6637809805154833
3956,C[C@H](C(=O)O)c1cccc(c1)C(=O)c2ccccc2,-1.886896578278272
3957,CC(C)Oc1cc(OCCCN2CCCC2)cc3ncnc(Nc4c(Cl)ccc5OCOc45)c13,0.7557726301768973
3958,C[C@@H]1CN(C[C@H](C)N1)c2c(F)c(N)c3C(=O)C(=CN(C4CC4)c3c2F)C(=O)O,-1.962162473455792
3959,CS(=O)(=O)c1cccc(Nc2nccc(Nc3cccc4ocnc34)n2)c1,0.5885150853379624
3960,CC(C)C(NC(=O)CN1C(=O)C(=CC=C1c2ccccc2)NC(=O)Cc3cccc(c3)C(=O)O)C(=O)C(F)(F)F,-1.2680436623742128
3961,CCCC(=O)NCc1cncc(c1)c2ccc(F)cc2OC,0.5885150853379624
3962,Cc1cc(NC(=O)Nc2ccc(Cl)cc2)n(C)n1,0.6386923487896429
3963,CS(=O)(=O)c1ccc(nc1)c2nnc(\C=C\c3oc(nn3)c4ccc(cc4)C#N)n2c5ccccc5Cl,0.3878060315312409
3964,N[C@@H](Cc1cccs1)C(=O)N[C@]2(C[C@H]2c3ccccc3)C#N,-0.5822877285345807
3965,C[C@H](c1c[nH]cn1)c2cccc(C)c2C,0.4965234356765484
3966,Oc1cc(O)c2C(=O)C=C(Oc2c1)c3ccccc3,1.3662626688390092
3967,CC(C)c1cc(C(=O)N2Cc3ccc(CN4CCN(C)CC4)cc3C2)c(O)cc1O,0.253999995660093
3968,COc1nc(Br)cnc1NS(=O)(=O)c2ccc(Cl)s2,-1.0087944678738645
3969,COc1cc(F)ccc1c2cncc(CNC(=O)c3ccccn3)c2,0.8394014025963648
3970,CN[C@@H](C)C(=O)N[C@H](C(=O)N[C@H]1CCCN(CCc2ccc(cc2)[N+](=O)[O-])C1)C(C)(C)C,-0.5488362195667936
3971,COc1cc(OC2CCN(C)CC2)c3c(Nc4cccc5OCCOc45)ncnc3c1,0.0532909418533711
3972,C[C@H](Nc1nc(Nc2cc(C)[nH]n2)cnc1C#N)c3ncc(F)cn3,-0.1975953754050307
3973,CNc1c(Br)cnc2[nH]c(nc12)c3cccc(N)c3,0.6386923487896429
3974,CC(=O)c1ccc2OCC(=O)N(CCN3CCC(CC3)NCc4ccc5OCC(=O)Nc5n4)c2c1,-1.5272928568745618
3975,OC1(CCN(CCCC(=O)c2ccc(F)cc2)CC1)c3ccc(Cl)cc3,0.3961689087731875
3976,Fc1ccc(Nc2oc(nn2)C(=O)Nc3ccc(nc3)N4CCOCC4)cc1F,0.5885150853379624
3977,CC(C)C(NC(=O)CN1C(=O)C(=CN=C1c2ccc(F)cc2)N)C(=O)C(F)(F)F,-0.9586172044221838
3978,Cc1ccc(cc1)S(=O)(=O)NC(=O)N2CCC(CC2)N3CCC(CC3)Oc4ccc(F)c(F)c4,-1.2095035216805858
3979,C[C@H](CO)Nc1nc(SCc2ccccc2)nc3NC(=O)Sc13,0.5550635763701754
3980,Cc1ncc(nc1C(=O)N)c2ccc(cc2)[C@@H]3CC[C@@H](CC(=O)O)CC3,-1.0004315906319174
3981,CN(C)CCCN1c2ccccc2Sc3ccc(Cl)cc13,0.9815703157094592
3982,C1Oc2ccc(Oc3ccnc(Oc4ccc(cc4)n5ccnc5)n3)cc2O1,0.8979415432899918
3983,CCCc1cc(Nc2nc(NCc3onc(C)c3)ncc2Br)n[nH]1,1.199005124000074
3984,CCNC(=O)c1ccc(C)c(c1)N2C=Nc3ccc(cc3C2=O)N4CCN(C)CC4,-0.6073763602604209
3985,C1CN(CCO1)c2cc(Nc3nccc(Nc4cccc5[nH]ncc45)n3)cc(c2)N6CCOCC6,0.7139582439671633
3986,CCCN(CCC)C(=O)c1cccc(c1)C(=O)N[C@@H](Cc2ccccc2)[C@H](O)CNC3Cc4ccccc4C3,0.9230301750158318
3987,Cc1cc(CN2CCC2)cnc1c3ccc(cc3)C(=O)Nc4ccccc4N,-0.8498998002768763
3988,COc1cc2c(Nc3ncc(NC(=O)c4ccccc4)cn3)ncnc2cc1OCCCN5CCOCC5,0.1034682053050516
3989,O=C1C=C(Nc2ccccc12)c3occc3,0.0114765556436376
3990,Clc1ccc(cc1Cl)C2=CSC3=NCCN23,-0.5488362195667936
3991,C[C@H](NC(=O)c1c(C)nn(C2CCS(=O)(=O)CC2)c1NS(=O)(=O)c3ccc(C)cc3)C(C)(C)C,-1.6276473837779226
3992,OC(=O)[C@H](Cc1ccc(OCCCNc2ccccn2)cc1)NC(=O)c3c(Cl)cccc3Cl,-2.0207026141494198
3993,CCCSc1ncccc1C(=O)N[C@@H]2[C@@H]3CC4C[C@H]2C[C@@](O)(C4)C3,0.061653819095318
3994,C[C@H](CO)Nc1nc(SCc2ccccc2F)nc3NC(=O)Sc13,0.6721438577574299
3995,O[C@@H]1CCN(C1)c2ccc3c(NC(=O)CNc4cccc(c4)C#N)c(Cl)ccc3n2,0.162008345998679
3996,COc1cc(ccc1Nc2ncc(Cl)c(n2)c3cnc4ccccn34)N5CC6CN(CCO)CC(C5)O6,0.253999995660093
3997,C[C@@H]1CN(CCN1C(=O)[C@@H]2CCCC[C@H]2C(=O)NC3(CC3)C#N)c4ccccc4,0.128556837030892
3998,CCOC(=O)c1ccc(OCCC2CCN(CC2)c3ccc(C)nn3)nc1,1.3077225281453817
3999,Nc1n[nH]c(N)c1Cc2ccc3OCOc3c2,-1.4436640844550943
4000,C[C@]1(CCSC(=N1)N)c2cc(c(F)cc2F)c3cncnc3,-1.167689135470852
4001,CCCCn1c(Cc2cc(OC)c(OC)c(OC)c2)nc3c(N)ncnc13,0.162008345998679
4002,CCCC(=O)Nc1ccc2c3ccccc3C(=O)C(=O)c2c1,0.5132491901604419
4003,CCCCc1nc2c(N)nc3ccccc3c2n1CC(C)C,1.357899791597062
4004,OC(=O)c1cc2ccccc2n1Cc3ccccc3,-1.1844148899547458
4005,CC(C)n1c(C)ncc1c2ccnc(Nc3ccccc3)n2,1.1571907377903403
4006,CNC1(C)C2CCC(C2)C1(C)C,-2.539201003150117
4007,COc1cc(OC)c(cc1NC(=O)CSCC(=O)O)S(=O)(=O)N2C(C)CCc3ccccc23,-2.8235388293763064
4008,CCN(CC)c1ccc(cc1)c2nn3c(nnc3s2)c4[nH]nc5CCCc45,0.9815703157094592
4009,COc1cccc(CNCc2cccc(CCNC[C@H](O)c3ccc(O)c4NC(=O)Sc34)c2)c1,-1.075697485809438
4010,CN1CCN(CC1)c2ccc3N=CN(C(=O)c3c2)c4cc(NC(=O)c5cocc5)ccc4C,0.195459854966466
4011,CN(C)C(=O)CN1C(=O)C(Cc2ccccc12)NC(=O)c3cc4cc(Cl)sc4[nH]3,0.7306839984510569
4012,CN[C@@H](C)C(=O)N[C@H](C(=O)N[C@H]1CCCN(CCc2ccccc2)C1)C(C)(C)C,-0.6157392375023676
4013,Nc1nc(N)c(c(COCc2ccccc2)n1)c3ccc(NC(=O)C4CC4)cc3,0.220548486692306
4014,Cc1onc(NS(=O)(=O)c2ccc(N)cc2)c1,-2.3050404403756084
4015,Oc1ccc(Br)c2ccccc12,1.7593178992105054
4016,CC(=O)Nc1cnc2ccn(c3cc(NC4CC4)n5ncc(C#N)c5n3)c2c1,0.4128946632570809
4017,CS(=O)(=O)c1cccc(Nc2nccc(Nc3cccc4ncoc34)n2)c1,0.253999995660093
4018,COc1ccc(NC(=O)CCc2c(C)nc3nc(C)nn3c2C)cc1,-0.6659165009540481
4019,COC[C@H](C)Oc1cc(O[C@@H](C)Cc2ccccc2)cc(c1)C(=O)Nc3ccc(cn3)C(=O)O,-0.5822877285345807
4020,OCCO[C@H]1C[C@H]([C@H](O)[C@@H]1O)n2nnc3c(N[C@@H]4C[C@H]4c5ccc(F)c(F)c5)nc(SCCC(F)(F)F)nc23,1.650600495065198
4021,CC(C)C(NC(=O)CN1C(=O)C(=CC=C1c2ccccc2)N)C(=O)C(F)(F)F,-0.3815786747278589
4022,COc1cccc2c1c(NS(=O)(=O)c3ccc(Cl)s3)nn2Cc4cccc(CNC(=O)[C@@H]5COCCN5)c4,-0.4902960788731664
4023,CCC(CO)NCCNC(CC)CO,-3.0242478831830275
4024,Oc1cc(O)c2C(=O)C(=COc2c1)c3ccc(O)c(O)c3,0.2121856094503595
4025,C[C@H](CO)Nc1nc(SCc2csc(C)n2)nc3nc(N)sc13,-0.3899415519698057
4026,Clc1ccc2nc(ccc2c1C(=O)NCC34CC5CC(CC(C5)C3)C4)N6CCC[C@@H](C6)NCCc7nnn[nH]7,0.7390468756930038
4027,Cc1cc(Cl)ccc1OC2CCN(C[C@H](O)CNC(=O)C3=CNC(=O)C=C3C(F)(F)F)CC2,0.1452825915147855
4028,C1CC(CCN1)c2ccccc2,-1.3851239437614673
4029,COc1nccnc1NS(=O)(=O)c2ccc(N)cc2,-2.380306335553129
4030,COc1ccc2nc(NC(=O)CCc3ccc(OC)c(OC)c3)sc2c1,1.1488278605483937
4031,NC(=O)c1cnc(c2ccc(cc2)C3(N)CCC3)c(c1)c4ccccc4,-0.7495452733735153
4032,CC(CN1CCCCC1)C(=O)c2ccc(C)cc2,-0.4568445699053796
4033,CCc1cccc2c(cn(CC(=O)NCCOC)c12)C#N,-0.2059582526469775
4034,CN(CCCc1ccccc1)S(=O)(=O)c2cc(C(=O)N3CCc4ccc(cc4C3)S(=O)(=O)NCCc5ccccc5)c(O)c(O)c2O,-1.2095035216805858
4035,Cc1cccc(NS(=O)(=O)c2ccc(cc2)c3ccc(cc3)C#N)n1,0.187096977724519
4036,Cc1ccc2c(c1)c(c(C)n2CC(=O)O)c3ccnc4c(Cl)cccc34,-0.7746339050993556
4037,C[C@@H](NCc1ccccc1c2ccc(CCNC[C@H](O)c3ccc(O)c4NC(=O)Sc34)cc2)c5ccccc5,0.0700166963372646
4038,Cc1c(Sc2ccc(Cl)cc2)c3c(Cl)cccc3n1CC(=O)O,-0.0387007078080428
4039,O=C(Nc1cccc2cccnc12)[C@@H]3CC[C@H](CC3)N4C(=O)[C@@H]5[C@@H]6CC[C@@H](C6)[C@@H]5C4=O,1.458254318500423
4040,OCC(CO)NC(=O)CN1C(=O)C(Cc2ccccc12)NC(=O)c3cc4cc(Cl)sc4[nH]3,0.345991645321507
4041,OCC(CO)N1C=Cc2c(NC(=O)CC34CC5CC(CC(C5)C3)C4)cccc2C1=O,0.3543545225634539
4042,COc1cc(Nc2cc(Oc3cc(C)c(C)nc3c4ccccn4)ccn2)cc(OC)c1OC,0.8561271570802582
4043,NC1(CCC1)c2ccc(cc2)c3nn4cccc4cc3c5ccccc5,0.9230301750158318
4044,Clc1ccc(NS(=O)(=O)c2ccc(Cl)s2)c(c1)C(=O)Nc3ccc(cc3)S(=O)(=O)N4CCOCC4,0.6888696122413234
4045,Nc1nc(nc(N)c1Cc2ccccc2F)c3ccccn3,-0.0637893395338828
4046,COc1cc(OC2CCNCC2)ccc1Nc3ncc(Cl)c(n3)c4cnc5ccccn45,-0.3314014112761785
4047,CCOc1cc2nnc(C(=O)N)c(Nc3cc(C)ccc3F)c2cc1N4CCN(C)CC4,0.6888696122413234
4048,CC[S+]([O-])c1ncccc1C2(O)CCN(CC34CC(c5ccccc35)c6ccccc46)CC2,-0.1641438664372438
4049,COc1ccc2N=CC(=O)N(CCN3CC[C@H](NCc4ccc5OCC(=O)Nc5n4)[C@H](O)C3)c2c1,-1.5105671023906684
4050,OC1=CC(=O)C2=C(O1)c3ccccc3N(Cc4ccccc4)C2=O,-0.189232498163084
4051,COc1ccc(N(C(C(=O)NC[C@@H](C)O)c2ccccc2F)C(=O)c3ccccc3)c(OC)c1,0.2958143818698265
4052,Cc1nc2nc(NC(=O)c3ccc(F)cc3)nn2c(O)c1Cc4ccccc4,0.003113678401691
4053,CN([C@H]1CCN(Cc2ccc(cc2)C(F)(F)F)C[C@H]1F)C(=O)Cc3ccc(cc3)n4cnnn4,0.9230301750158318
4054,Clc1ccc2oc3C(=O)NC(=Nc3c2c1)[C@@H]4CCCN4,-0.1557809891952972
4055,O[C@@H](CNCCc1cccc(c1)c2cccc(CNCc3ccccc3)c2)c4ccc(O)c5NC(=O)Sc45,0.1034682053050516
4056,C[C@H](NC(=O)C1(N)CCN(CC1)c2ncnc3[nH]ccc23)c4ccc(Cl)cc4,0.3961689087731875
4057,O[C@@H](CNCCSCCCNCCc1cccc(Cl)c1)c2ccc(O)c3NC(=O)Sc23,-1.017157345115811
4058,Cn1c(nc2ccccc12)c3ccc(O)nc3,-0.8331740457929828
4059,Clc1ccc(cc1Cl)[C@]23CNC[C@H]2C3,-0.1975953754050307
4060,CC[C@H](NC(=O)c1c([S+](C)[O-])c(nc2ccccc12)c3ccccc3)c4cccnc4,0.003113678401691
4061,CN1CCN(CC1)C2=Nc3cc(Cl)ccc3Nc4ccccc24,0.7390468756930038
4062,COc1cccc(NC(=O)Cn2cc(Oc3ncnc4cc(OC)c(OC)cc34)cn2)c1,0.7641355074188438
4063,OCCN(CCO)c1nc(N2CCCCC2)c3nc(nc(N4CCCCC4)c3n1)N(CCO)CCO,1.4833429502262634
4064,Cc1cc(OC2CCN(CC3CCN(CC3)[C@@](C)(Cc4ccc(F)cc4)C(=O)O)CC2)ccc1Cl,-0.0972408485016698
4065,COC(=O)CCCCCCC(=O)Nc1ccc2c(c1)C(=O)C(=O)c3ccccc23,0.5885150853379624
4066,Clc1ccc(cc1C(=O)NCCc2ccccc2)N3N=CC(=O)NC3=O,-1.217866398922533
4067,COc1cc(cc(OC)c1OC)C(=O)c2cc(Cl)ccc2N,0.9899331929514058
4068,NC12CC3CC(CC(C3)C1)C2,-2.656281284537372
4069,COCCNc1nc(NCc2ccccc2F)c3sccc3n1,1.0066589474352992
4070,CC1=CN([C@H]2CCCN(C2)S(=O)(=O)c3ccc(O)c(Oc4ccccc4)c3)C(=O)NC1=O,-0.5906506057765274
4071,COc1cc2ncnc(Nc3cc(NC(=O)c4ccnc(c4)N5CCOCC5)ccc3C)c2cc1OCCN(C(C)C)C(C)C,1.0902877198547667
4072,CN(c1ccnc(Nc2cc(cc(c2)N3CCOCC3)N4CCOCC4)n1)c5cccc6[nH]ncc56,0.8644900343222048
4073,NC(=O)c1cccc(O[C@@H]2C[C@H]3CC[C@@H](C2)N3CC4CC4)c1,-1.778179174132964
4074,OC(=O)c1ccc(cc1)c2ccc(Cl)c(c2)C(=O)NCC34CC5CC(CC(C5)C3)C4,0.2372742411761995
4075,OC[C@H](O)CN1C(=O)C(Cc2ccccc12)NC(=O)c3cc4cc(Cl)sc4[nH]3,0.9815703157094592
4076,CN(C)S(=O)(=O)c1ccc2OCC(=O)N(CCN3CCC(CC3)NCc4ccc5OCC(=O)Nc5n4)c2c1,-1.7112761561973902
4077,Cc1cnc(NC(=O)Cc2ccccc2)s1,0.5885150853379624
4078,Clc1cccc(NC(=O)c2ccccn2)c1,1.0066589474352992
4079,COc1cc(cc(OC)c1OC)c2nnc(S)n2c3cccc(c3)C(F)(F)F,0.061653819095318
4080,Cc1ccc(cc1)C(=O)N2CCC(CC2)C(=O)c3ccc(Cl)cc3,1.332811159871222
4081,CC(O)(C(=O)Nc1ccc(cc1)S(=O)(=O)c2ccc(O)cc2)C(F)(F)F,0.4881605584346015
4082,CCCc1c(cnn1c2ccccc2)C(=O)Nc3cc(C)on3,1.2575452646937015
4083,CN1CCC(CC1)(c2cc(nc(n2)c3cccc4[nH]ccc34)N5CCOCC5)S(=O)(=O)C,-0.2477726388567112
4084,COc1cc2ncnc(Nc3cccc(Cl)c3F)c2cc1CN4CCC[C@@H]4C(=O)N,1.1571907377903403
4085,CCN(CC)CCCNCc1cc(Cl)c2cccnc2c1O,-1.234592153406426
4086,CCN(CCO)CCCOc1cc2ncnc(Nc3cc(CC(=O)Nc4cccc(F)c4F)[nH]n3)c2cc1OC,-0.2143211298889242
4087,CC[C@@H](NC1=C(Nc2cccc(C(=O)N(C)C)c2O)C(=O)C1=O)c3oc(C)cc3,0.1034682053050516
4088,CN(C)c1nc(nc(n1)N(C)C)N(C)C,0.2038227322084125
4089,CC[C@H]1CN(Cc2cc(Cl)ccc2OCC(=O)O)CCN1S(=O)(=O)c3ccccc3,-1.4687527161809348
4090,Nc1nc2cc3CCN(Cc4ccccc4)CCc3cc2s1,0.3878060315312409
4091,COc1cccc(NC(=O)CC23CC4CC(CC(C4)C2)C3)c1C,1.684052004032985
4092,CC1(C)N(Cc2ccnc(c2)N3CCOCC3)C(=O)N(C1=O)c4ccc(SC(F)(F)F)cc4,1.2826338964195416
4093,ONC(=O)Cc1ccc(OCc2ccccc2)cc1,-0.2310468843728177
4094,COc1cc(O)ccc1\C=C\2/CCCN=C2c3cccnc3,0.003113678401691
4095,CCCC(=O)Nc1ccc(OCC(O)CNC(C)C)c(c1)C(=O)C,-2.062517000359153
4096,CC(C)C(NC(=O)CN1C(=O)C(=CC=C1c2ccccc2)NC(=O)OCc3ccc(cc3)C(=O)O)C(=O)C(F)(F)F,-1.1342376265030654
4097,OC(CN1CCCCC1)(C(=O)c2ccccc2)c3ccccc3,1.0150218246772462
4098,CNc1ncnc2c(CNc3cc(NC(=O)c4ccc5OCCOc5c4)ccc3C)cccc12,1.5084315819521037
4099,O=C1N2CCOC2=Nc3ccccc13,-1.334946680309787
4100,CS(=O)(=O)Nc1cccc(NC(=O)CN2CCN([C@H](Cc3ccccc3)C2)C(=O)C[C@H](N)Cc4ccc(F)c(F)c4)c1,-0.1139666029855633
4101,Fc1ccc(cc1Cl)S(=O)(=O)NCC(N2CCCCCC2)c3ccccc3,1.49170582746821
4102,CCc1[nH]nc(NC(=O)Cc2ncc(Oc3ccnc4cc(OC)c(OC)cc34)cc2OC)c1C,0.4965234356765484
4103,CCCSc1c(cnn1C)C(=O)NC2CCCCC2,0.6637809805154833
4104,Cc1cc(N)nc(CCNC(=O)c2ccc(cc2)C#N)c1,-0.4819332016312197
4105,CCN(CC)C(=O)c1ccc(cc1)C(=C2CCN(Cc3ccc(F)cc3)CC2)c4cccc5cccnc45,1.391351300564849
4106,C[C@@H]1CN(CCN1c2ncc(OCc3ccncc3C#N)cn2)C(=O)OCC(F)(F)F,0.6721438577574299
4107,O=C1COc2ccccc2N1CCN3CCC(CC3)NCc4cc5OCCOc5cn4,-0.9669800816641304
4108,O[C@@H](CNCCc1ccc(CNCCc2ccccn2)cc1)c3ccc(O)c4NC(=O)Sc34,-2.04579124587526
4109,C[C@@H](NC(=O)C1CCNCC1)c2ccc(Nc3ncc4cc(ccc4n3)c5ccncc5)cc2,-1.5022042251487218
4110,Oc1ccc(cc1)C2=CC(=O)c3cc(O)ccc3O2,0.9230301750158318
4111,CCOc1cc(CC(=O)N[C@@H](CC(C)C)c2ccccc2N3CCCCC3)ccc1C(=O)O,0.095105328063105
4112,CN1C(=O)CC(C)(CCc2cccc(c2)c3ccccc3)N=C1N,-0.1390552347114037
4113,CCNC(=O)c1cc2c(c(cnc2[nH]1)c3cncc(c3)C(=O)NC)n4ccc(n4)C(F)(F)F,0.0114765556436376
4114,OC(=O)c1cccc(c1)c2cccc(c2)C#N,-1.585832997568189
4115,OC(=O)c1[nH]c2cc(Cl)cc(Cl)c2c1\C=C\3/CCN(C3=O)c4ccccc4,-0.2895870250664448
4116,Fc1ccc2c3CN(CCc3[nH]c2c1)C(=O)[C@@H]4CCCC[C@H]4C(=O)NC5(CC5)C#N,0.6637809805154833
4117,CN1C(=N)N(CC(=O)c2ccc(Cl)cc2)c3ccccc13,-0.4735703243892731
4118,CC(C)OC(=O)N1CCC(CC1)Oc2ncnc3c2cnn3c4ccc(cc4F)S(=O)(=O)C,0.6721438577574299
4119,CSc1c(cnn1c2ccc(cc2)C(=O)O)C(=O)NC3C4CC5CC(CC3C5)C4,-0.8331740457929828
4120,CNC(=O)c1cc(C(=O)c2ccc(Cl)cc2)c(Br)[nH]1,0.7557726301768973
4121,CC(C)CC(N1NC(=O)c2nc3cc(Cl)ccc3c(O)c2C1=O)c4ccccn4,-0.3063127795503382
4122,NC(=O)c1cnc(N[C@H]2CCCNC2)c3cc(sc13)c4ccc(Cl)cc4,0.4881605584346015
4123,CCC(Oc1ccc(cc1c2ccc(cc2C)S(=O)(=O)CC)C(F)(F)F)C(=O)O,-1.5774701203262422
4124,Fc1ccc(CC2=NNC(=O)c3ccccc23)cc1C(=O)N4CCN(CC4)c5ccccn5,0.2958143818698265
4125,COc1cc(O)c(cc1NC(=O)CCC(=O)O)S(=O)(=O)N2C(C)CCc3ccccc23,-2.062517000359153
4126,CC(=O)O[C@H]1CC[C@]2(C=O)[C@H]3CC[C@]4(C)[C@H](CC[C@]4(O)[C@@H]3CC[C@]2(O)C1)C5=CC(=O)OC5,-1.301495171342
4127,CC(C)(C)NC(=O)C(N(Cc1occc1)C(=O)c2ccc([nH]2)c3ccccc3)c4ccncc4,1.617148986097411
4128,CNC(=C[N+](=O)[O-])NCCSCc1oc(CN(C)C)cc1,-2.631192652811531
4129,CCC(CC)NC(=O)c1c(C)nn(c1NS(=O)(=O)c2ccc(C)cc2)c3ccccc3,-0.7077308871637816
4130,COc1ccc(cc1)c2nc(nc(O)c2C#N)N3CCOCC3,-1.6694617699876564
4131,COc1ccc(cc1OC)N2CCN([C@H](C)C2)C(=O)[C@@H]3CCCC[C@H]3C(=O)NC4(CC4)C#N,-0.2895870250664448
4132,CC(=O)Nc1ccc(CNc2[nH]nc3ccnc(Oc4ccccc4)c23)cc1,0.6972324894832699
4133,COc1cc(Nc2ncnc(Nc3c(Cl)ccc4OCOc34)n2)cc(OC)c1OC,0.6805067349993764
4134,Cc1onc(c1)[C@H](O)[C@](C)(OCc2ccc(cc2)c3ccccc3)C(=O)NO,0.5717893308540689
4135,Nc1ncnc2c1ncn2[C@@H]3O[C@H](CSCCCNC(=O)NCc4ccccc4)[C@@H](O)[C@H]3O,-1.084060363051385
4136,C[C@@H](NC(=O)[C@H]1CCCCN1)c2ccc(Nc3ncc4cc(ccc4n3)c5ccncc5)cc2,-0.0387007078080428
4137,Clc1ccccc1C(=O)NCC23CC4CC(CC(C4)C2)C3,1.550245968161837
4138,CCc1cccc(CC)c1NC(=O)N2Cc3[nH]nc(NC(=O)c4ccc(cc4)N5CCN(C)CC5)c3C2,0.9313930522577788
4139,O=C(NCC#N)[C@@H]1CCCC[C@H]1C(=O)N2CCN(CC2)c3ccccc3,-0.3732157974859122
4140,Cc1ccnc(NCc2ccc(Cl)cc2)c1,1.1739164922742342
4141,CS(=O)(=O)N1CC[C@@H](C1)N(Cc2ccccc2Cl)c3ccc(C#N)c(Cl)c3,1.5084315819521037
4142,C[C@H](Nc1nc(Nc2cc(C)[nH]n2)c(F)cc1C#N)c3ccc(F)cn3,0.7641355074188438
4143,Oc1ccc(C(=O)Cc2ccccc2)c(O)c1,0.7474097529349504
4144,CCNC(=O)C[C@H]1N=C(c2ccc(Cl)cc2)c3cc(OC)ccc3n4c(C)nnc14,0.187096977724519
4145,OC(=O)CC(=O)N[C@H]1[C@@H](Cc2ccccc12)NC(=O)c3cc4sc(Cl)c(Cl)c4[nH]3,-0.8498998002768763
4146,CN(c1ccnc(Nc2cc(CN3CCOCC3)cc(c2)N4CCOCC4)n1)c5cc(CO)ccc5C,0.6721438577574299
4147,COCCNCc1ccc(CCNC[C@H](O)c2ccc(O)c3NC(=O)Sc23)cc1,-2.288314685891715
4148,C[C@H](NC(=O)c1c(C)nn(c1NS(=O)(=O)c2cccc(CN3CCOCC3)c2)c4ccccc4)C(C)(C)C,-1.5941958748101357
4149,Nc1ccc(OCc2ccccc2)cc1,0.003113678401691
4150,CN1CCN(CC1)c2ccc3N=CN(C(=O)c3c2)c4cc(NC(=O)c5cncs5)ccc4C,-0.0721522167758298
4151,CCCc1c(O)c(ccc1OCc2cccc(NC(=O)c3ccccc3C(=O)O)c2)C(=O)C,-0.2477726388567112
4152,OC(=O)[C@H](Cc1ccc(OCCc2ccc3CCCNc3n2)cc1)NC(=O)c4c(Cl)cccc4Cl,-1.5607443658423488
4153,CN(C\C=C\C#CC(C)(C)C)Cc1cccc2ccccc12,0.5299749446443354
4154,CCOc1ccccc1CNCc2cccc(CCNC[C@H](O)c3ccc(O)c4NC(=O)Sc34)c2,-0.8917141864866099
4155,Cc1nc2ccc(Cl)cn2c1c3ccnc(N)n3,0.2456371184181464
4156,CC1(CCN(CC1)C(=O)COCc2ccncc2)c3ccc(Cl)cc3,0.4965234356765484
4157,Nc1nc(SCc2ccccc2)nc3c1ncn3[C@@H]4O[C@H](CO)[C@@H](O)[C@H]4O,-0.7997225368251958
4158,Fc1ccc(CC2=NNC(=O)c3ccccc23)cc1N4C(=O)CCC4=O,-1.0004315906319174
4159,OC1(CNCCc2ccccc12)c3ccccc3,-0.6826422554379415
4160,CC(=O)Nc1cccc(OCc2cnc(Cl)s2)c1,0.1536454687567321
4161,C[C@@H]1CN(CCN1C(=O)[C@@H]2CCCC[C@H]2C(=O)NC3(CC3)C#N)c4ccc5c(C)nnc(C)c5c4,-0.222684007130871
4162,CS(=O)(=O)c1ccc2C(=CNC(=O)c2c1)C(=O)NC[C@@H](O)CN3CCC(CC3)Oc4ccc(C#N)c(Cl)c4,-0.6575536237121014
4163,Clc1ccc2OC(=O)Nc2c1,-0.0303378305660959
4164,Oc1cc(Cl)cc(Cl)c1,1.1571907377903403
4165,NC(=N)c1cc2c(OCc3ccccc3)cccc2s1,-0.8666255547607697
4166,Nc1nc2ccc(Cl)cc2c3nc(nn13)c4occc4,1.49170582746821
4167,NC1=NC(=CC(=O)N1)CCc2ccccc2,-0.6659165009540481
4168,CCCCNc1cc(cc(c1Oc2ccccc2)S(=O)(=O)N)C(=O)O,-2.087605632084993
4169,CS(=O)(=O)C1(CCNCC1)c2cc(nc(n2)c3cccc4[nH]ccc34)N5CCOCC5,-1.2513179078903196
4170,CC1=C(Cc2ccccc2)C(=O)n3nc(NCc4ccc(Cl)cc4)nc3N1,1.2575452646937015
4171,COc1ccc(cc1)c2nc3c(NCCCNC(=O)C4CCCC4)c(cnc3[nH]2)C(=O)N,0.7808612619027373
4172,C[C@H]1O[C@H]([C@H](O)[C@@H]1O)n2cnc3c(N)nc(OCC4CC(F)(F)C4(F)F)nc23,-0.6491907464701546
4173,CC(C)(C)NS(=O)(=O)c1cncc(c1)c2ccc3nc(N)nn3c2,-0.6575536237121014
4174,CN(C)c1ccc2N=C3C=CC(=[N+](C)C)C=C3Sc2c1,-2.572652512117904
4175,CO[C@@H](C(=O)N1Cc2n[nH]c(NC(=O)c3ccc(cc3)N4CCN(C)CC4)c2C1)c5ccccc5,-0.1641438664372438
4176,Cc1ccc(NC(=O)c2cccc(c2)N3CCOCC3)cc1NC(=O)c4ccc(OCc5ccncc5)cc4,0.8394014025963648
4177,CC(C)N(CCCNC(=O)Nc1ccc(cc1)C(C)(C)C)C[C@H]2O[C@H]([C@H](O)[C@@H]2O)n3cnc4c(N)ncnc34,0.003113678401691
4178,COC(=O)N1CCN([C@@H](CN2CCCC2)C1)C(=O)Cc3ccc(Cl)c(Cl)c3,-0.189232498163084
4179,Clc1ccc(OC2CCN(CC2)C3CCN(CC3)C(=O)NS(=O)(=O)c4ccccc4Cl)cc1Cl,-0.222684007130871
4180,Fc1cc2[nH]cnc2cc1Cl,0.128556837030892
4181,Oc1ccc(Nc2nc(cs2)c3ccc(cc3)C#N)cc1,1.5920603543715706
4182,COc1ccc(cc1)S(=O)(=O)Nc2ccccn2,-1.109148994777225
4183,COc1cc(F)ccc1c2cncc(CNC(=O)C3CCC3)c2,0.8394014025963648
4184,CC(C)NCC(O)COc1cccc2[nH]ccc12,-1.937073841729952
4185,CCC(N(CCCN)C(=O)c1ccc(C)cc1)C2=Nc3ccoc3C(=O)N2Cc4ccccc4,-0.6910051326798882
4186,OC(=O)c1ccc(Nc2ncc(Br)c(Nc3ccccc3)n2)cc1,-0.4568445699053796
4187,CC1=CC(=O)Oc2c(C)c3oc(C)cc3cc12,1.0651990881289266
4188,CCOc1ccc(cc1)N2C(=Nc3ccccc3C2=O)CC,0.8979415432899918
4189,CCN(C1CCN(CCC(c2ccccc2)c3ccc(NC(=O)Cc4ccccc4)cc3)CC1)C(=O)Cc5ccc(cc5)S(=O)(=O)C,1.1822793695161806
4190,OCC[C@@]1(CCCNC1)c2oc3ccccc3c2,-1.7363647879232302
4191,CCCc1c(O)c(ccc1OCc2ccc(cc2)C(=O)O)C(=O)C,-0.0805150940177763
4192,CC1=CC2=NNC(=O)N2c3cc(ccc13)c4cccc(CO)c4,0.9732074384675122
4193,COCCOC(=O)C1=C(C)NC(=C(C1c2cccc(c2)[N+](=O)[O-])C(=O)OC(C)C)C,1.3411740371131686
4194,Nc1ccc(cc1)S(=O)(=O)Nc2nccs2,-2.1461457727786204
4195,Cc1sc2ncnc(SCC(=O)N3CCN(CC3)C(=O)c4occc4)c2c1C,0.4212575404990279
4196,Cc1cccc(NC(=O)NCC(N2CCOCC2)c3cccnc3)c1,-0.1641438664372438
4197,COc1ccccc1C(=O)NCC23CC4CC(CC(C4)C2)C3,1.868035303355813
4198,COc1cc(ccc1Nc2ncc(Cl)c(n2)c3cnc4cc(F)ccn34)N5CCN(CC5)C(=O)C,1.2575452646937015
4199,Nc1ccc2ncnc(Nc3ccc(F)c(Cl)c3)c2c1,0.3710802770473474
